data
-13.0, 17.0
-19.0, 18.0
-5.0, 15.0
-17.0, 20.0
-12.0, 14.0
-12.0, 10.0
-13.0, 13.0
-11.0, 15.0
-12.0, 16.0
-12.0, 22.0
-8.0, 24.0
62.0, 80.0
111.0, 148.0
-46.0, 441.0
-161.0, 729.0
-56.0, 304.0
66.0, 250.0
-141.0, 789.0
-114.0, 497.0
98.0, 59.0
35.0, 29.0
20.0, 260.0
-296.0, 669.0
-74.0, 723.0
-68.0, 346.0
-72.0, 90.0
-13.0, 41.0
117.0, -128.0
159.0, -385.0
116.0, -465.0
80.0, -651.0
51.0, -616.0
33.0, -555.0
27.0, -335.0
-35.0, -124.0
-56.0, -125.0
21.0, -147.0
-6.0, -162.0
-18.0, -207.0
-5.0, -190.0
-48.0, -89.0
-22.0, -101.0
data
-13.0, -20.075222663783045
-19.0, -21.075222663783045
-5.0, -18.075222663783045
-17.0, -23.075222663783045
-12.0, -17.075222663783045
-12.0, -13.075222663783045
-13.0, -16.075222663783045
-11.0, -18.075222663783045
-12.0, -19.075222663783045
-12.0, -25.075222663783045
-8.0, -27.075222663783045
62.0, -83.07522266378305
111.0, -151.07522266378305
-46.0, -444.07522266378305
-161.0, -732.075222663783
-56.0, -307.07522266378305
66.0, -253.07522266378305
-141.0, -792.075222663783
-114.0, -500.07522266378305
98.0, -62.07522266378304
35.0, -32.075222663783045
20.0, -263.07522266378305
-296.0, -672.075222663783
-74.0, -726.075222663783
-68.0, -349.07522266378305
-72.0, -93.07522266378305
-13.0, -44.07522266378304
117.0, 124.92477733621695
159.0, 381.92477733621695
116.0, 461.92477733621695
80.0, 647.924777336217
51.0, 612.924777336217
33.0, 551.924777336217
27.0, 331.92477733621695
-35.0, 120.92477733621695
-56.0, 121.92477733621695
21.0, 143.92477733621695
-6.0, 158.92477733621695
-18.0, 203.92477733621695
-5.0, 186.92477733621695
-48.0, 85.92477733621695
-22.0, 97.92477733621695
data
9.648106883326765, 17.0
15.648106883326767, 18.0
1.6481068833267651, 15.0
13.648106883326765, 20.0
8.648106883326765, 14.0
8.648106883326765, 10.0
9.648106883326765, 13.0
7.648106883326765, 15.0
8.648106883326765, 16.0
8.648106883326765, 22.0
4.648106883326765, 24.0
-65.35189311667324, 80.0
-114.35189311667324, 148.0
42.64810688332676, 441.0
157.64810688332676, 729.0
52.64810688332676, 304.0
-69.35189311667324, 250.0
137.64810688332676, 789.0
110.64810688332676, 497.0
-101.35189311667324, 59.0
-38.35189311667324, 29.0
-23.35189311667323, 260.0
292.6481068833268, 669.0
70.64810688332676, 723.0
64.64810688332676, 346.0
68.64810688332676, 90.0
9.648106883326765, 41.0
-120.35189311667324, -128.0
-162.35189311667324, -385.0
-119.35189311667324, -465.0
-83.35189311667324, -651.0
-54.35189311667324, -616.0
-36.35189311667324, -555.0
-30.35189311667323, -335.0
31.648106883326765, -124.0
52.64810688332676, -125.0
-24.35189311667323, -147.0
2.648106883326765, -162.0
14.648106883326767, -207.0
1.6481068833267651, -190.0
44.64810688332676, -89.0
18.64810688332677, -101.0
data
9.648106883326765, -20.075222663783045
15.648106883326767, -21.075222663783045
1.6481068833267651, -18.075222663783045
13.648106883326765, -23.075222663783045
8.648106883326765, -17.075222663783045
8.648106883326765, -13.075222663783045
9.648106883326765, -16.075222663783045
7.648106883326765, -18.075222663783045
8.648106883326765, -19.075222663783045
8.648106883326765, -25.075222663783045
4.648106883326765, -27.075222663783045
-65.35189311667324, -83.07522266378305
-114.35189311667324, -151.07522266378305
42.64810688332676, -444.07522266378305
157.64810688332676, -732.075222663783
52.64810688332676, -307.07522266378305
-69.35189311667324, -253.07522266378305
137.64810688332676, -792.075222663783
110.64810688332676, -500.07522266378305
-101.35189311667324, -62.07522266378304
-38.35189311667324, -32.075222663783045
-23.35189311667323, -263.07522266378305
292.6481068833268, -672.075222663783
70.64810688332676, -726.075222663783
64.64810688332676, -349.07522266378305
68.64810688332676, -93.07522266378305
9.648106883326765, -44.07522266378304
-120.35189311667324, 124.92477733621695
-162.35189311667324, 381.92477733621695
-119.35189311667324, 461.92477733621695
-83.35189311667324, 647.924777336217
-54.35189311667324, 612.924777336217
-36.35189311667324, 551.924777336217
-30.35189311667323, 331.92477733621695
31.648106883326765, 120.92477733621695
52.64810688332676, 121.92477733621695
-24.35189311667323, 143.92477733621695
2.648106883326765, 158.92477733621695
14.648106883326767, 203.92477733621695
1.6481068833267651, 186.92477733621695
44.64810688332676, 85.92477733621695
18.64810688332677, 97.92477733621695
data
-13.0, 17.0
-16.0, 0.0
-5.0, 29.0
-12.0, 13.0
-13.0, 13.0
-12.0, 14.0
-12.0, 15.0
-12.0, 16.0
-12.0, 13.0
-13.0, 15.0
-10.0, 13.0
-14.0, 19.0
-13.0, 13.0
-11.0, 12.0
-14.0, 24.0
-8.0, 8.0
-13.0, 11.0
-16.0, 16.0
-12.0, 15.0
-13.0, 13.0
-14.0, 14.0
-14.0, 13.0
-11.0, 14.0
-12.0, 15.0
-13.0, 16.0
-12.0, 15.0
-13.0, 14.0
-12.0, 12.0
-14.0, 14.0
-13.0, 14.0
-13.0, 15.0
-13.0, 15.0
-12.0, 16.0
-12.0, 15.0
-1.0, 8.0
27.0, 38.0
-30.0, 0.0
-38.0, -5.0
-25.0, 9.0
-22.0, 27.0
-40.0, 36.0
-143.0, 14.0
-135.0, 20.0
-214.0, 49.0
-387.0, 27.0
-419.0, -111.0
-458.0, -126.0
-373.0, -91.0
-248.0, -164.0
-338.0, -63.0
-251.0, 13.0
-178.0, 14.0
-183.0, 77.0
-92.0, 99.0
26.0, 122.0
199.0, 105.0
117.0, 9.0
427.0, -100.0
238.0, 102.0
345.0, 24.0
215.0, 30.999999999999996
290.0, 22.0
246.0, 13.0
242.0, -13.0
228.0, -20.0
194.0, -3.0
168.0, 35.0
73.0, 42.0
-7.0, 17.0
-11.0, 17.0
-13.0, 18.0
-13.0, 15.0
-14.0, 15.0
-14.0, 15.0
-13.0, 14.0
-10.0, 16.0
-106.0, -16.0
66.0, 42.0
-79.0, -5.0
data
-13.0, -20.075222663783045
-16.0, -3.075222663783044
-5.0, -32.075222663783045
-12.0, -16.075222663783045
-13.0, -16.075222663783045
-12.0, -17.075222663783045
-12.0, -18.075222663783045
-12.0, -19.075222663783045
-12.0, -16.075222663783045
-13.0, -18.075222663783045
-10.0, -16.075222663783045
-14.0, -22.075222663783045
-13.0, -16.075222663783045
-11.0, -15.075222663783045
-14.0, -27.075222663783045
-8.0, -11.075222663783045
-13.0, -14.075222663783045
-16.0, -19.075222663783045
-12.0, -18.075222663783045
-13.0, -16.075222663783045
-14.0, -17.075222663783045
-14.0, -16.075222663783045
-11.0, -17.075222663783045
-12.0, -18.075222663783045
-13.0, -19.075222663783045
-12.0, -18.075222663783045
-13.0, -17.075222663783045
-12.0, -15.075222663783045
-14.0, -17.075222663783045
-13.0, -17.075222663783045
-13.0, -18.075222663783045
-13.0, -18.075222663783045
-12.0, -19.075222663783045
-12.0, -18.075222663783045
-1.0, -11.075222663783045
27.0, -41.07522266378304
-30.0, -3.075222663783044
-38.0, 1.9247773362169556
-25.0, -12.075222663783045
-22.0, -30.075222663783045
-40.0, -39.07522266378304
-143.0, -17.075222663783045
-135.0, -23.075222663783045
-214.0, -52.07522266378304
-387.0, -30.075222663783045
-419.0, 107.92477733621695
-458.0, 122.92477733621695
-373.0, 87.92477733621695
-248.0, 160.92477733621695
-338.0, 59.92477733621696
-251.0, -16.075222663783045
-178.0, -17.075222663783045
-183.0, -80.07522266378305
-92.0, -102.07522266378305
26.0, -125.07522266378305
199.0, -108.07522266378305
117.0, -12.075222663783045
427.0, 96.92477733621695
238.0, -105.07522266378305
345.0, -27.075222663783045
215.0, -34.07522266378304
290.0, -25.075222663783045
246.0, -16.075222663783045
242.0, 9.924777336216955
228.0, 16.924777336216955
194.0, -0.07522266378304421
168.0, -38.07522266378304
73.0, -45.07522266378304
-7.0, -20.075222663783045
-11.0, -20.075222663783045
-13.0, -21.075222663783045
-13.0, -18.075222663783045
-14.0, -18.075222663783045
-14.0, -18.075222663783045
-13.0, -17.075222663783045
-10.0, -19.075222663783045
-106.0, 12.924777336216955
66.0, -45.07522266378304
-79.0, 1.9247773362169556
data
9.648106883326765, 17.0
12.648106883326765, 0.0
1.6481068833267651, 29.0
8.648106883326765, 13.0
9.648106883326765, 13.0
8.648106883326765, 14.0
8.648106883326765, 15.0
8.648106883326765, 16.0
8.648106883326765, 13.0
9.648106883326765, 15.0
6.648106883326765, 13.0
10.648106883326765, 19.0
9.648106883326765, 13.0
7.648106883326765, 12.0
10.648106883326765, 24.0
4.648106883326765, 8.0
9.648106883326765, 11.0
12.648106883326765, 16.0
8.648106883326765, 15.0
9.648106883326765, 13.0
10.648106883326765, 14.0
10.648106883326765, 13.0
7.648106883326765, 14.0
8.648106883326765, 15.0
9.648106883326765, 16.0
8.648106883326765, 15.0
9.648106883326765, 14.0
8.648106883326765, 12.0
10.648106883326765, 14.0
9.648106883326765, 14.0
9.648106883326765, 15.0
9.648106883326765, 15.0
8.648106883326765, 16.0
8.648106883326765, 15.0
-2.3518931166732346, 8.0
-30.35189311667323, 38.0
26.64810688332677, 0.0
34.64810688332676, -5.0
21.64810688332677, 9.0
18.64810688332677, 27.0
36.64810688332676, 36.0
139.64810688332676, 14.0
131.64810688332676, 20.0
210.64810688332676, 49.0
383.6481068833268, 27.0
415.6481068833268, -111.0
454.6481068833268, -126.0
369.6481068833268, -91.0
244.64810688332676, -164.0
334.6481068833268, -63.0
247.64810688332676, 13.0
174.64810688332676, 14.0
179.64810688332676, 77.0
88.64810688332676, 99.0
-29.35189311667323, 122.0
-202.35189311667324, 105.0
-120.35189311667324, 9.0
-430.3518931166732, -100.0
-241.35189311667324, 102.0
-348.3518931166732, 24.0
-218.35189311667324, 30.999999999999996
-293.3518931166732, 22.0
-249.35189311667324, 13.0
-245.35189311667324, -13.0
-231.35189311667324, -20.0
-197.35189311667324, -3.0
-171.35189311667324, 35.0
-76.35189311667324, 42.0
3.648106883326765, 17.0
7.648106883326765, 17.0
9.648106883326765, 18.0
9.648106883326765, 15.0
10.648106883326765, 15.0
10.648106883326765, 15.0
9.648106883326765, 14.0
6.648106883326765, 16.0
102.64810688332676, -16.0
-69.35189311667324, 42.0
75.64810688332676, -5.0
data
9.648106883326765, -20.075222663783045
12.648106883326765, -3.075222663783044
1.6481068833267651, -32.075222663783045
8.648106883326765, -16.075222663783045
9.648106883326765, -16.075222663783045
8.648106883326765, -17.075222663783045
8.648106883326765, -18.075222663783045
8.648106883326765, -19.075222663783045
8.648106883326765, -16.075222663783045
9.648106883326765, -18.075222663783045
6.648106883326765, -16.075222663783045
10.648106883326765, -22.075222663783045
9.648106883326765, -16.075222663783045
7.648106883326765, -15.075222663783045
10.648106883326765, -27.075222663783045
4.648106883326765, -11.075222663783045
9.648106883326765, -14.075222663783045
12.648106883326765, -19.075222663783045
8.648106883326765, -18.075222663783045
9.648106883326765, -16.075222663783045
10.648106883326765, -17.075222663783045
10.648106883326765, -16.075222663783045
7.648106883326765, -17.075222663783045
8.648106883326765, -18.075222663783045
9.648106883326765, -19.075222663783045
8.648106883326765, -18.075222663783045
9.648106883326765, -17.075222663783045
8.648106883326765, -15.075222663783045
10.648106883326765, -17.075222663783045
9.648106883326765, -17.075222663783045
9.648106883326765, -18.075222663783045
9.648106883326765, -18.075222663783045
8.648106883326765, -19.075222663783045
8.648106883326765, -18.075222663783045
-2.3518931166732346, -11.075222663783045
-30.35189311667323, -41.07522266378304
26.64810688332677, -3.075222663783044
34.64810688332676, 1.9247773362169556
21.64810688332677, -12.075222663783045
18.64810688332677, -30.075222663783045
36.64810688332676, -39.07522266378304
139.64810688332676, -17.075222663783045
131.64810688332676, -23.075222663783045
210.64810688332676, -52.07522266378304
383.6481068833268, -30.075222663783045
415.6481068833268, 107.92477733621695
454.6481068833268, 122.92477733621695
369.6481068833268, 87.92477733621695
244.64810688332676, 160.92477733621695
334.6481068833268, 59.92477733621696
247.64810688332676, -16.075222663783045
174.64810688332676, -17.075222663783045
179.64810688332676, -80.07522266378305
88.64810688332676, -102.07522266378305
-29.35189311667323, -125.07522266378305
-202.35189311667324, -108.07522266378305
-120.35189311667324, -12.075222663783045
-430.3518931166732, 96.92477733621695
-241.35189311667324, -105.07522266378305
-348.3518931166732, -27.075222663783045
-218.35189311667324, -34.07522266378304
-293.3518931166732, -25.075222663783045
-249.35189311667324, -16.075222663783045
-245.35189311667324, 9.924777336216955
-231.35189311667324, 16.924777336216955
-197.35189311667324, -0.07522266378304421
-171.35189311667324, -38.07522266378304
-76.35189311667324, -45.07522266378304
3.648106883326765, -20.075222663783045
7.648106883326765, -20.075222663783045
9.648106883326765, -21.075222663783045
9.648106883326765, -18.075222663783045
10.648106883326765, -18.075222663783045
10.648106883326765, -18.075222663783045
9.648106883326765, -17.075222663783045
6.648106883326765, -19.075222663783045
102.64810688332676, 12.924777336216955
-69.35189311667324, -45.07522266378304
75.64810688332676, 1.9247773362169556
data
-10.0, 14.0
-11.0, 12.0
-9.0, 18.0
-12.0, 15.0
-11.0, 14.0
-11.0, 13.0
-13.0, 12.0
-12.0, 12.0
-11.0, 15.0
-8.0, 16.0
-13.0, 16.0
-6.0, 16.0
-5.0, 14.0
-17.0, 16.0
-6.0, 14.0
-31.0, 29.0
0.0, 4.0
-8.0, 11.0
-11.0, -1.0
-162.0, -174.0
-21.0, -258.0
-88.0, -530.0
-11.0, -820.0
-60.0, -958.0
-139.0, -884.0
-119.0, -674.0
-154.0, -478.0
-83.0, -379.0
34.0, -134.0
-108.0, 132.0
5.0, 295.0
89.0, 164.0
113.0, 90.0
90.0, 33.0
138.0, 90.0
10.0, 423.0
30.0, 597.0
-12.0, 555.0
112.0, 569.0
40.0, 349.0
43.0, 407.0
-14.0, 422.0
-4.0, 353.0
19.0, 336.0
2.0, 284.0
27.0, 236.0
34.0, 257.0
-7.0, 37.0
-11.0, 16.0
-10.0, 15.0
-12.0, 16.0
-12.0, 17.0
-11.0, 17.0
-11.0, 15.0
-11.0, 16.0
-11.0, 15.0
-10.0, 16.0
-11.0, 17.0
-11.0, 18.0
-10.0, 16.0
-10.0, 16.0
-9.0, 16.0
-10.0, 16.0
-10.0, 18.0
-11.0, 17.0
-12.0, 16.0
-11.0, 15.0
-12.0, 14.0
-10.0, 16.0
data
-10.0, -17.075222663783045
-11.0, -15.075222663783045
-9.0, -21.075222663783045
-12.0, -18.075222663783045
-11.0, -17.075222663783045
-11.0, -16.075222663783045
-13.0, -15.075222663783045
-12.0, -15.075222663783045
-11.0, -18.075222663783045
-8.0, -19.075222663783045
-13.0, -19.075222663783045
-6.0, -19.075222663783045
-5.0, -17.075222663783045
-17.0, -19.075222663783045
-6.0, -17.075222663783045
-31.0, -32.075222663783045
0.0, -7.075222663783045
-8.0, -14.075222663783045
-11.0, -2.075222663783044
-162.0, 170.92477733621695
-21.0, 254.92477733621695
-88.0, 526.924777336217
-11.0, 816.924777336217
-60.0, 954.924777336217
-139.0, 880.924777336217
-119.0, 670.924777336217
-154.0, 474.92477733621695
-83.0, 375.92477733621695
34.0, 130.92477733621695
-108.0, -135.07522266378305
5.0, -298.07522266378305
89.0, -167.07522266378305
113.0, -93.07522266378305
90.0, -36.07522266378304
138.0, -93.07522266378305
10.0, -426.07522266378305
30.0, -600.075222663783
-12.0, -558.075222663783
112.0, -572.075222663783
40.0, -352.07522266378305
43.0, -410.07522266378305
-14.0, -425.07522266378305
-4.0, -356.07522266378305
19.0, -339.07522266378305
2.0, -287.07522266378305
27.0, -239.07522266378305
34.0, -260.07522266378305
-7.0, -40.07522266378304
-11.0, -19.075222663783045
-10.0, -18.075222663783045
-12.0, -19.075222663783045
-12.0, -20.075222663783045
-11.0, -20.075222663783045
-11.0, -18.075222663783045
-11.0, -19.075222663783045
-11.0, -18.075222663783045
-10.0, -19.075222663783045
-11.0, -20.075222663783045
-11.0, -21.075222663783045
-10.0, -19.075222663783045
-10.0, -19.075222663783045
-9.0, -19.075222663783045
-10.0, -19.075222663783045
-10.0, -21.075222663783045
-11.0, -20.075222663783045
-12.0, -19.075222663783045
-11.0, -18.075222663783045
-12.0, -17.075222663783045
-10.0, -19.075222663783045
data
6.648106883326765, 14.0
7.648106883326765, 12.0
5.648106883326765, 18.0
8.648106883326765, 15.0
7.648106883326765, 14.0
7.648106883326765, 13.0
9.648106883326765, 12.0
8.648106883326765, 12.0
7.648106883326765, 15.0
4.648106883326765, 16.0
9.648106883326765, 16.0
2.648106883326765, 16.0
1.6481068833267651, 14.0
13.648106883326765, 16.0
2.648106883326765, 14.0
27.64810688332677, 29.0
-3.3518931166732346, 4.0
4.648106883326765, 11.0
7.648106883326765, -1.0
158.64810688332676, -174.0
17.64810688332677, -258.0
84.64810688332676, -530.0
7.648106883326765, -820.0
56.64810688332676, -958.0
135.64810688332676, -884.0
115.64810688332676, -674.0
150.64810688332676, -478.0
79.64810688332676, -379.0
-37.35189311667324, -134.0
104.64810688332676, 132.0
-8.351893116673235, 295.0
-92.35189311667324, 164.0
-116.35189311667324, 90.0
-93.35189311667324, 33.0
-141.35189311667324, 90.0
-13.351893116673235, 423.0
-33.35189311667323, 597.0
8.648106883326765, 555.0
-115.35189311667324, 569.0
-43.35189311667324, 349.0
-46.35189311667324, 407.0
10.648106883326765, 422.0
0.6481068833267651, 353.0
-22.35189311667323, 336.0
-5.351893116673235, 284.0
-30.35189311667323, 236.0
-37.35189311667324, 257.0
3.648106883326765, 37.0
7.648106883326765, 16.0
6.648106883326765, 15.0
8.648106883326765, 16.0
8.648106883326765, 17.0
7.648106883326765, 17.0
7.648106883326765, 15.0
7.648106883326765, 16.0
7.648106883326765, 15.0
6.648106883326765, 16.0
7.648106883326765, 17.0
7.648106883326765, 18.0
6.648106883326765, 16.0
6.648106883326765, 16.0
5.648106883326765, 16.0
6.648106883326765, 16.0
6.648106883326765, 18.0
7.648106883326765, 17.0
8.648106883326765, 16.0
7.648106883326765, 15.0
8.648106883326765, 14.0
6.648106883326765, 16.0
data
6.648106883326765, -17.075222663783045
7.648106883326765, -15.075222663783045
5.648106883326765, -21.075222663783045
8.648106883326765, -18.075222663783045
7.648106883326765, -17.075222663783045
7.648106883326765, -16.075222663783045
9.648106883326765, -15.075222663783045
8.648106883326765, -15.075222663783045
7.648106883326765, -18.075222663783045
4.648106883326765, -19.075222663783045
9.648106883326765, -19.075222663783045
2.648106883326765, -19.075222663783045
1.6481068833267651, -17.075222663783045
13.648106883326765, -19.075222663783045
2.648106883326765, -17.075222663783045
27.64810688332677, -32.075222663783045
-3.3518931166732346, -7.075222663783045
4.648106883326765, -14.075222663783045
7.648106883326765, -2.075222663783044
158.64810688332676, 170.92477733621695
17.64810688332677, 254.92477733621695
84.64810688332676, 526.924777336217
7.648106883326765, 816.924777336217
56.64810688332676, 954.924777336217
135.64810688332676, 880.924777336217
115.64810688332676, 670.924777336217
150.64810688332676, 474.92477733621695
79.64810688332676, 375.92477733621695
-37.35189311667324, 130.92477733621695
104.64810688332676, -135.07522266378305
-8.351893116673235, -298.07522266378305
-92.35189311667324, -167.07522266378305
-116.35189311667324, -93.07522266378305
-93.35189311667324, -36.07522266378304
-141.35189311667324, -93.07522266378305
-13.351893116673235, -426.07522266378305
-33.35189311667323, -600.075222663783
8.648106883326765, -558.075222663783
-115.35189311667324, -572.075222663783
-43.35189311667324, -352.07522266378305
-46.35189311667324, -410.07522266378305
10.648106883326765, -425.07522266378305
0.6481068833267651, -356.07522266378305
-22.35189311667323, -339.07522266378305
-5.351893116673235, -287.07522266378305
-30.35189311667323, -239.07522266378305
-37.35189311667324, -260.07522266378305
3.648106883326765, -40.07522266378304
7.648106883326765, -19.075222663783045
6.648106883326765, -18.075222663783045
8.648106883326765, -19.075222663783045
8.648106883326765, -20.075222663783045
7.648106883326765, -20.075222663783045
7.648106883326765, -18.075222663783045
7.648106883326765, -19.075222663783045
7.648106883326765, -18.075222663783045
6.648106883326765, -19.075222663783045
7.648106883326765, -20.075222663783045
7.648106883326765, -21.075222663783045
6.648106883326765, -19.075222663783045
6.648106883326765, -19.075222663783045
5.648106883326765, -19.075222663783045
6.648106883326765, -19.075222663783045
6.648106883326765, -21.075222663783045
7.648106883326765, -20.075222663783045
8.648106883326765, -19.075222663783045
7.648106883326765, -18.075222663783045
8.648106883326765, -17.075222663783045
6.648106883326765, -19.075222663783045
data
-8.0, 15.0
-13.0, 12.0
-9.0, 18.0
-9.0, 18.0
-11.0, 16.0
-12.0, 17.0
-11.0, 16.0
-12.0, 17.0
-10.0, 15.0
-10.0, 13.0
-12.0, 12.0
-5.0, 15.0
-11.0, 13.0
-11.0, 23.0
-9.0, 14.0
-9.0, 19.0
-10.0, 16.0
12.0, 3.0
-8.0, 20.0
-12.0, 17.0
-10.0, 16.0
-11.0, 13.0
-12.0, 14.0
-13.0, 15.0
-11.0, 16.0
-11.0, 18.0
-10.0, 19.0
-10.0, 17.0
-9.0, 15.0
-8.0, 16.0
-7.0, 16.0
-7.0, 16.0
-7.0, 17.0
152.0, -14.0
585.0, -52.0
287.0, -55.0
332.0, -108.0
462.0, -163.0
376.0, -75.0
394.0, -131.0
349.0, -133.0
358.0, -107.0
270.0, 31.999999999999996
216.0, 139.0
197.0, 130.0
68.0, 117.0
37.0, 117.0
-117.0, 85.0
-72.0, 25.0
-164.0, -126.0
-109.0, -124.0
-216.0, -46.0
-291.0, 107.0
-368.0, 183.0
-369.0, 164.0
-349.0, 85.0
-358.0, 43.0
-387.0, 96.0
-271.0, 6.0
-352.0, 62.0
-318.0, 115.0
-298.0, 115.0
-325.0, 139.0
-108.0, 53.0
-17.0, 18.0
-11.0, 17.0
-10.0, 15.0
-10.0, 13.0
-10.0, 12.0
-10.0, 13.0
-13.0, 17.0
-12.0, 20.0
-14.0, 23.0
data
-8.0, -18.075222663783045
-13.0, -15.075222663783045
-9.0, -21.075222663783045
-9.0, -21.075222663783045
-11.0, -19.075222663783045
-12.0, -20.075222663783045
-11.0, -19.075222663783045
-12.0, -20.075222663783045
-10.0, -18.075222663783045
-10.0, -16.075222663783045
-12.0, -15.075222663783045
-5.0, -18.075222663783045
-11.0, -16.075222663783045
-11.0, -26.075222663783045
-9.0, -17.075222663783045
-9.0, -22.075222663783045
-10.0, -19.075222663783045
12.0, -6.075222663783045
-8.0, -23.075222663783045
-12.0, -20.075222663783045
-10.0, -19.075222663783045
-11.0, -16.075222663783045
-12.0, -17.075222663783045
-13.0, -18.075222663783045
-11.0, -19.075222663783045
-11.0, -21.075222663783045
-10.0, -22.075222663783045
-10.0, -20.075222663783045
-9.0, -18.075222663783045
-8.0, -19.075222663783045
-7.0, -19.075222663783045
-7.0, -19.075222663783045
-7.0, -20.075222663783045
152.0, 10.924777336216955
585.0, 48.92477733621696
287.0, 51.92477733621696
332.0, 104.92477733621695
462.0, 159.92477733621695
376.0, 71.92477733621695
394.0, 127.92477733621695
349.0, 129.92477733621695
358.0, 103.92477733621695
270.0, -35.07522266378304
216.0, -142.07522266378305
197.0, -133.07522266378305
68.0, -120.07522266378305
37.0, -120.07522266378305
-117.0, -88.07522266378305
-72.0, -28.075222663783045
-164.0, 122.92477733621695
-109.0, 120.92477733621695
-216.0, 42.92477733621696
-291.0, -110.07522266378305
-368.0, -186.07522266378305
-369.0, -167.07522266378305
-349.0, -88.07522266378305
-358.0, -46.07522266378304
-387.0, -99.07522266378305
-271.0, -9.075222663783045
-352.0, -65.07522266378304
-318.0, -118.07522266378305
-298.0, -118.07522266378305
-325.0, -142.07522266378305
-108.0, -56.07522266378304
-17.0, -21.075222663783045
-11.0, -20.075222663783045
-10.0, -18.075222663783045
-10.0, -16.075222663783045
-10.0, -15.075222663783045
-10.0, -16.075222663783045
-13.0, -20.075222663783045
-12.0, -23.075222663783045
-14.0, -26.075222663783045
data
4.648106883326765, 15.0
9.648106883326765, 12.0
5.648106883326765, 18.0
5.648106883326765, 18.0
7.648106883326765, 16.0
8.648106883326765, 17.0
7.648106883326765, 16.0
8.648106883326765, 17.0
6.648106883326765, 15.0
6.648106883326765, 13.0
8.648106883326765, 12.0
1.6481068833267651, 15.0
7.648106883326765, 13.0
7.648106883326765, 23.0
5.648106883326765, 14.0
5.648106883326765, 19.0
6.648106883326765, 16.0
-15.351893116673235, 3.0
4.648106883326765, 20.0
8.648106883326765, 17.0
6.648106883326765, 16.0
7.648106883326765, 13.0
8.648106883326765, 14.0
9.648106883326765, 15.0
7.648106883326765, 16.0
7.648106883326765, 18.0
6.648106883326765, 19.0
6.648106883326765, 17.0
5.648106883326765, 15.0
4.648106883326765, 16.0
3.648106883326765, 16.0
3.648106883326765, 16.0
3.648106883326765, 17.0
-155.35189311667324, -14.0
-588.3518931166732, -52.0
-290.3518931166732, -55.0
-335.3518931166732, -108.0
-465.3518931166732, -163.0
-379.3518931166732, -75.0
-397.3518931166732, -131.0
-352.3518931166732, -133.0
-361.3518931166732, -107.0
-273.3518931166732, 31.999999999999996
-219.35189311667324, 139.0
-200.35189311667324, 130.0
-71.35189311667324, 117.0
-40.35189311667324, 117.0
113.64810688332676, 85.0
68.64810688332676, 25.0
160.64810688332676, -126.0
105.64810688332676, -124.0
212.64810688332676, -46.0
287.6481068833268, 107.0
364.6481068833268, 183.0
365.6481068833268, 164.0
345.6481068833268, 85.0
354.6481068833268, 43.0
383.6481068833268, 96.0
267.6481068833268, 6.0
348.6481068833268, 62.0
314.6481068833268, 115.0
294.6481068833268, 115.0
321.6481068833268, 139.0
104.64810688332676, 53.0
13.648106883326765, 18.0
7.648106883326765, 17.0
6.648106883326765, 15.0
6.648106883326765, 13.0
6.648106883326765, 12.0
6.648106883326765, 13.0
9.648106883326765, 17.0
8.648106883326765, 20.0
10.648106883326765, 23.0
data
4.648106883326765, -18.075222663783045
9.648106883326765, -15.075222663783045
5.648106883326765, -21.075222663783045
5.648106883326765, -21.075222663783045
7.648106883326765, -19.075222663783045
8.648106883326765, -20.075222663783045
7.648106883326765, -19.075222663783045
8.648106883326765, -20.075222663783045
6.648106883326765, -18.075222663783045
6.648106883326765, -16.075222663783045
8.648106883326765, -15.075222663783045
1.6481068833267651, -18.075222663783045
7.648106883326765, -16.075222663783045
7.648106883326765, -26.075222663783045
5.648106883326765, -17.075222663783045
5.648106883326765, -22.075222663783045
6.648106883326765, -19.075222663783045
-15.351893116673235, -6.075222663783045
4.648106883326765, -23.075222663783045
8.648106883326765, -20.075222663783045
6.648106883326765, -19.075222663783045
7.648106883326765, -16.075222663783045
8.648106883326765, -17.075222663783045
9.648106883326765, -18.075222663783045
7.648106883326765, -19.075222663783045
7.648106883326765, -21.075222663783045
6.648106883326765, -22.075222663783045
6.648106883326765, -20.075222663783045
5.648106883326765, -18.075222663783045
4.648106883326765, -19.075222663783045
3.648106883326765, -19.075222663783045
3.648106883326765, -19.075222663783045
3.648106883326765, -20.075222663783045
-155.35189311667324, 10.924777336216955
-588.3518931166732, 48.92477733621696
-290.3518931166732, 51.92477733621696
-335.3518931166732, 104.92477733621695
-465.3518931166732, 159.92477733621695
-379.3518931166732, 71.92477733621695
-397.3518931166732, 127.92477733621695
-352.3518931166732, 129.92477733621695
-361.3518931166732, 103.92477733621695
-273.3518931166732, -35.07522266378304
-219.35189311667324, -142.07522266378305
-200.35189311667324, -133.07522266378305
-71.35189311667324, -120.07522266378305
-40.35189311667324, -120.07522266378305
113.64810688332676, -88.07522266378305
68.64810688332676, -28.075222663783045
160.64810688332676, 122.92477733621695
105.64810688332676, 120.92477733621695
212.64810688332676, 42.92477733621696
287.6481068833268, -110.07522266378305
364.6481068833268, -186.07522266378305
365.6481068833268, -167.07522266378305
345.6481068833268, -88.07522266378305
354.6481068833268, -46.07522266378304
383.6481068833268, -99.07522266378305
267.6481068833268, -9.075222663783045
348.6481068833268, -65.07522266378304
314.6481068833268, -118.07522266378305
294.6481068833268, -118.07522266378305
321.6481068833268, -142.07522266378305
104.64810688332676, -56.07522266378304
13.648106883326765, -21.075222663783045
7.648106883326765, -20.075222663783045
6.648106883326765, -18.075222663783045
6.648106883326765, -16.075222663783045
6.648106883326765, -15.075222663783045
6.648106883326765, -16.075222663783045
9.648106883326765, -20.075222663783045
8.648106883326765, -23.075222663783045
10.648106883326765, -26.075222663783045
data
-12.0, 15.0
-14.0, 12.0
-9.0, 21.0
-13.0, 16.0
-13.0, 18.0
-15.0, 17.0
-16.0, 19.0
-10.0, 15.0
-13.0, 15.0
-10.0, 16.0
-9.0, 17.0
-14.0, 18.0
-3.0, 15.0
-13.0, 15.0
-12.0, 14.0
-16.0, 19.0
-13.0, 21.0
-13.0, 19.0
-11.0, 18.0
-12.0, 16.0
-12.0, 16.0
-8.0, 19.0
90.0, 107.0
37.0, 87.0
-33.0, 161.0
-5.0, 278.0
-53.0, 449.0
-36.0, 605.0
-77.0, 759.0
-30.0, 836.0
24.0, 879.0
-1.0, 790.0
55.0, 758.0
53.0, 741.0
123.0, 648.0
79.0, 545.0
4.0, 439.0
29.0, 345.0
6.0, 134.0
8.0, -206.0
115.0, -269.0
101.0, -343.0
81.0, -480.0
13.0, -481.0
0.0, -534.0
-95.0, -567.0
-48.0, -630.0
-83.0, -609.0
19.0, -632.0
39.0, -553.0
72.0, -530.0
67.0, -522.0
48.0, -528.0
9.0, -501.0
-21.0, -356.0
-48.0, -234.0
-26.0, -138.0
-13.0, -33.0
-13.0, 9.0
-12.0, 17.0
-12.0, 16.0
-12.0, 14.0
-13.0, 16.0
-12.0, 16.0
-11.0, 16.0
-10.0, 17.0
-13.0, 16.0
-12.0, 15.0
-13.0, 15.0
-12.0, 13.0
-12.0, 15.0
-13.0, 17.0
-11.0, 18.0
-12.0, 18.0
-12.0, 16.0
-11.0, 17.0
data
-12.0, -18.075222663783045
-14.0, -15.075222663783045
-9.0, -24.075222663783045
-13.0, -19.075222663783045
-13.0, -21.075222663783045
-15.0, -20.075222663783045
-16.0, -22.075222663783045
-10.0, -18.075222663783045
-13.0, -18.075222663783045
-10.0, -19.075222663783045
-9.0, -20.075222663783045
-14.0, -21.075222663783045
-3.0, -18.075222663783045
-13.0, -18.075222663783045
-12.0, -17.075222663783045
-16.0, -22.075222663783045
-13.0, -24.075222663783045
-13.0, -22.075222663783045
-11.0, -21.075222663783045
-12.0, -19.075222663783045
-12.0, -19.075222663783045
-8.0, -22.075222663783045
90.0, -110.07522266378305
37.0, -90.07522266378305
-33.0, -164.07522266378305
-5.0, -281.07522266378305
-53.0, -452.07522266378305
-36.0, -608.075222663783
-77.0, -762.075222663783
-30.0, -839.075222663783
24.0, -882.075222663783
-1.0, -793.075222663783
55.0, -761.075222663783
53.0, -744.075222663783
123.0, -651.075222663783
79.0, -548.075222663783
4.0, -442.07522266378305
29.0, -348.07522266378305
6.0, -137.07522266378305
8.0, 202.92477733621695
115.0, 265.92477733621695
101.0, 339.92477733621695
81.0, 476.92477733621695
13.0, 477.92477733621695
0.0, 530.924777336217
-95.0, 563.924777336217
-48.0, 626.924777336217
-83.0, 605.924777336217
19.0, 628.924777336217
39.0, 549.924777336217
72.0, 526.924777336217
67.0, 518.924777336217
48.0, 524.924777336217
9.0, 497.92477733621695
-21.0, 352.92477733621695
-48.0, 230.92477733621695
-26.0, 134.92477733621695
-13.0, 29.924777336216955
-13.0, -12.075222663783045
-12.0, -20.075222663783045
-12.0, -19.075222663783045
-12.0, -17.075222663783045
-13.0, -19.075222663783045
-12.0, -19.075222663783045
-11.0, -19.075222663783045
-10.0, -20.075222663783045
-13.0, -19.075222663783045
-12.0, -18.075222663783045
-13.0, -18.075222663783045
-12.0, -16.075222663783045
-12.0, -18.075222663783045
-13.0, -20.075222663783045
-11.0, -21.075222663783045
-12.0, -21.075222663783045
-12.0, -19.075222663783045
-11.0, -20.075222663783045
data
8.648106883326765, 15.0
10.648106883326765, 12.0
5.648106883326765, 21.0
9.648106883326765, 16.0
9.648106883326765, 18.0
11.648106883326765, 17.0
12.648106883326765, 19.0
6.648106883326765, 15.0
9.648106883326765, 15.0
6.648106883326765, 16.0
5.648106883326765, 17.0
10.648106883326765, 18.0
-0.35189311667323464, 15.0
9.648106883326765, 15.0
8.648106883326765, 14.0
12.648106883326765, 19.0
9.648106883326765, 21.0
9.648106883326765, 19.0
7.648106883326765, 18.0
8.648106883326765, 16.0
8.648106883326765, 16.0
4.648106883326765, 19.0
-93.35189311667324, 107.0
-40.35189311667324, 87.0
29.64810688332677, 161.0
1.6481068833267651, 278.0
49.64810688332676, 449.0
32.64810688332676, 605.0
73.64810688332676, 759.0
26.64810688332677, 836.0
-27.35189311667323, 879.0
-2.3518931166732346, 790.0
-58.35189311667324, 758.0
-56.35189311667324, 741.0
-126.35189311667324, 648.0
-82.35189311667324, 545.0
-7.351893116673235, 439.0
-32.35189311667323, 345.0
-9.351893116673235, 134.0
-11.351893116673235, -206.0
-118.35189311667324, -269.0
-104.35189311667324, -343.0
-84.35189311667324, -480.0
-16.351893116673235, -481.0
-3.3518931166732346, -534.0
91.64810688332676, -567.0
44.64810688332676, -630.0
79.64810688332676, -609.0
-22.35189311667323, -632.0
-42.35189311667324, -553.0
-75.35189311667324, -530.0
-70.35189311667324, -522.0
-51.35189311667324, -528.0
-12.351893116673235, -501.0
17.64810688332677, -356.0
44.64810688332676, -234.0
22.64810688332677, -138.0
9.648106883326765, -33.0
9.648106883326765, 9.0
8.648106883326765, 17.0
8.648106883326765, 16.0
8.648106883326765, 14.0
9.648106883326765, 16.0
8.648106883326765, 16.0
7.648106883326765, 16.0
6.648106883326765, 17.0
9.648106883326765, 16.0
8.648106883326765, 15.0
9.648106883326765, 15.0
8.648106883326765, 13.0
8.648106883326765, 15.0
9.648106883326765, 17.0
7.648106883326765, 18.0
8.648106883326765, 18.0
8.648106883326765, 16.0
7.648106883326765, 17.0
data
8.648106883326765, -18.075222663783045
10.648106883326765, -15.075222663783045
5.648106883326765, -24.075222663783045
9.648106883326765, -19.075222663783045
9.648106883326765, -21.075222663783045
11.648106883326765, -20.075222663783045
12.648106883326765, -22.075222663783045
6.648106883326765, -18.075222663783045
9.648106883326765, -18.075222663783045
6.648106883326765, -19.075222663783045
5.648106883326765, -20.075222663783045
10.648106883326765, -21.075222663783045
-0.35189311667323464, -18.075222663783045
9.648106883326765, -18.075222663783045
8.648106883326765, -17.075222663783045
12.648106883326765, -22.075222663783045
9.648106883326765, -24.075222663783045
9.648106883326765, -22.075222663783045
7.648106883326765, -21.075222663783045
8.648106883326765, -19.075222663783045
8.648106883326765, -19.075222663783045
4.648106883326765, -22.075222663783045
-93.35189311667324, -110.07522266378305
-40.35189311667324, -90.07522266378305
29.64810688332677, -164.07522266378305
1.6481068833267651, -281.07522266378305
49.64810688332676, -452.07522266378305
32.64810688332676, -608.075222663783
73.64810688332676, -762.075222663783
26.64810688332677, -839.075222663783
-27.35189311667323, -882.075222663783
-2.3518931166732346, -793.075222663783
-58.35189311667324, -761.075222663783
-56.35189311667324, -744.075222663783
-126.35189311667324, -651.075222663783
-82.35189311667324, -548.075222663783
-7.351893116673235, -442.07522266378305
-32.35189311667323, -348.07522266378305
-9.351893116673235, -137.07522266378305
-11.351893116673235, 202.92477733621695
-118.35189311667324, 265.92477733621695
-104.35189311667324, 339.92477733621695
-84.35189311667324, 476.92477733621695
-16.351893116673235, 477.92477733621695
-3.3518931166732346, 530.924777336217
91.64810688332676, 563.924777336217
44.64810688332676, 626.924777336217
79.64810688332676, 605.924777336217
-22.35189311667323, 628.924777336217
-42.35189311667324, 549.924777336217
-75.35189311667324, 526.924777336217
-70.35189311667324, 518.924777336217
-51.35189311667324, 524.924777336217
-12.351893116673235, 497.92477733621695
17.64810688332677, 352.92477733621695
44.64810688332676, 230.92477733621695
22.64810688332677, 134.92477733621695
9.648106883326765, 29.924777336216955
9.648106883326765, -12.075222663783045
8.648106883326765, -20.075222663783045
8.648106883326765, -19.075222663783045
8.648106883326765, -17.075222663783045
9.648106883326765, -19.075222663783045
8.648106883326765, -19.075222663783045
7.648106883326765, -19.075222663783045
6.648106883326765, -20.075222663783045
9.648106883326765, -19.075222663783045
8.648106883326765, -18.075222663783045
9.648106883326765, -18.075222663783045
8.648106883326765, -16.075222663783045
8.648106883326765, -18.075222663783045
9.648106883326765, -20.075222663783045
7.648106883326765, -21.075222663783045
8.648106883326765, -21.075222663783045
8.648106883326765, -19.075222663783045
7.648106883326765, -20.075222663783045
data
-13.0, 15.0
-22.0, 24.0
-3.0, 5.0
-13.0, 15.0
-13.0, 16.0
-12.0, 15.0
-11.0, 14.0
-12.0, 14.0
-13.0, 14.0
-10.0, 15.0
-11.0, 15.0
-11.0, 15.0
-9.0, 15.0
-13.0, 15.0
-8.0, 17.0
-17.0, 15.0
-18.0, 23.0
-10.0, 6.0
-13.0, 8.0
-18.0, 13.0
-15.0, 15.0
-61.0, -17.0
-332.0, -83.0
-236.0, -76.0
-396.0, 54.0
-502.0, 47.0
-518.0, 75.0
-409.0, 44.0
-345.0, -58.0
-338.0, -91.0
-302.0, -42.0
-366.0, -45.0
-266.0, 55.0
-309.0, 225.0
-270.0, 275.0
25.0, 135.0
302.0, 14.0
255.99999999999997, 14.0
322.0, 59.0
271.0, 65.0
247.0, -58.0
334.0, -141.0
287.0, -131.0
317.0, -9.0
370.0, -48.0
394.0, 57.0
464.0, -59.0
333.0, -59.0
211.0, -17.0
102.0, -4.0
63.0, 7.0
30.0, 30.0
-20.0, 44.0
-63.0, 129.0
-58.0, 130.0
-11.0, 17.0
-12.0, 15.0
-12.0, 15.0
-13.0, 14.0
-12.0, 15.0
-13.0, 16.0
-13.0, 16.0
-12.0, 17.0
-12.0, 16.0
-11.0, 14.0
-12.0, 15.0
-10.0, 15.0
-10.0, 15.0
-11.0, 16.0
-11.0, 16.0
-11.0, 16.0
-11.0, 15.0
-11.0, 15.0
-12.0, 15.0
-12.0, 14.0
-13.0, 15.0
-13.0, 15.0
-11.0, 15.0
-12.0, 16.0
-11.0, 17.0
-11.0, 16.0
-10.0, 17.0
-11.0, 15.0
-10.0, 15.0
-10.0, 15.0
-10.0, 16.0
-11.0, 17.0
-11.0, 16.0
data
-13.0, -18.075222663783045
-22.0, -27.075222663783045
-3.0, -8.075222663783045
-13.0, -18.075222663783045
-13.0, -19.075222663783045
-12.0, -18.075222663783045
-11.0, -17.075222663783045
-12.0, -17.075222663783045
-13.0, -17.075222663783045
-10.0, -18.075222663783045
-11.0, -18.075222663783045
-11.0, -18.075222663783045
-9.0, -18.075222663783045
-13.0, -18.075222663783045
-8.0, -20.075222663783045
-17.0, -18.075222663783045
-18.0, -26.075222663783045
-10.0, -9.075222663783045
-13.0, -11.075222663783045
-18.0, -16.075222663783045
-15.0, -18.075222663783045
-61.0, 13.924777336216955
-332.0, 79.92477733621695
-236.0, 72.92477733621695
-396.0, -57.07522266378304
-502.0, -50.07522266378304
-518.0, -78.07522266378305
-409.0, -47.07522266378304
-345.0, 54.92477733621696
-338.0, 87.92477733621695
-302.0, 38.92477733621696
-366.0, 41.92477733621696
-266.0, -58.07522266378304
-309.0, -228.07522266378305
-270.0, -278.07522266378305
25.0, -138.07522266378305
302.0, -17.075222663783045
255.99999999999997, -17.075222663783045
322.0, -62.07522266378304
271.0, -68.07522266378305
247.0, 54.92477733621696
334.0, 137.92477733621695
287.0, 127.92477733621695
317.0, 5.924777336216955
370.0, 44.92477733621696
394.0, -60.07522266378304
464.0, 55.92477733621696
333.0, 55.92477733621696
211.0, 13.924777336216955
102.0, 0.9247773362169556
63.0, -10.075222663783045
30.0, -33.075222663783045
-20.0, -47.07522266378304
-63.0, -132.07522266378305
-58.0, -133.07522266378305
-11.0, -20.075222663783045
-12.0, -18.075222663783045
-12.0, -18.075222663783045
-13.0, -17.075222663783045
-12.0, -18.075222663783045
-13.0, -19.075222663783045
-13.0, -19.075222663783045
-12.0, -20.075222663783045
-12.0, -19.075222663783045
-11.0, -17.075222663783045
-12.0, -18.075222663783045
-10.0, -18.075222663783045
-10.0, -18.075222663783045
-11.0, -19.075222663783045
-11.0, -19.075222663783045
-11.0, -19.075222663783045
-11.0, -18.075222663783045
-11.0, -18.075222663783045
-12.0, -18.075222663783045
-12.0, -17.075222663783045
-13.0, -18.075222663783045
-13.0, -18.075222663783045
-11.0, -18.075222663783045
-12.0, -19.075222663783045
-11.0, -20.075222663783045
-11.0, -19.075222663783045
-10.0, -20.075222663783045
-11.0, -18.075222663783045
-10.0, -18.075222663783045
-10.0, -18.075222663783045
-10.0, -19.075222663783045
-11.0, -20.075222663783045
-11.0, -19.075222663783045
data
9.648106883326765, 15.0
18.64810688332677, 24.0
-0.35189311667323464, 5.0
9.648106883326765, 15.0
9.648106883326765, 16.0
8.648106883326765, 15.0
7.648106883326765, 14.0
8.648106883326765, 14.0
9.648106883326765, 14.0
6.648106883326765, 15.0
7.648106883326765, 15.0
7.648106883326765, 15.0
5.648106883326765, 15.0
9.648106883326765, 15.0
4.648106883326765, 17.0
13.648106883326765, 15.0
14.648106883326767, 23.0
6.648106883326765, 6.0
9.648106883326765, 8.0
14.648106883326767, 13.0
11.648106883326765, 15.0
57.64810688332676, -17.0
328.6481068833268, -83.0
232.64810688332676, -76.0
392.6481068833268, 54.0
498.6481068833268, 47.0
514.6481068833268, 75.0
405.6481068833268, 44.0
341.6481068833268, -58.0
334.6481068833268, -91.0
298.6481068833268, -42.0
362.6481068833268, -45.0
262.6481068833268, 55.0
305.6481068833268, 225.0
266.6481068833268, 275.0
-28.35189311667323, 135.0
-305.3518931166732, 14.0
-259.3518931166732, 14.0
-325.3518931166732, 59.0
-274.3518931166732, 65.0
-250.35189311667324, -58.0
-337.3518931166732, -141.0
-290.3518931166732, -131.0
-320.3518931166732, -9.0
-373.3518931166732, -48.0
-397.3518931166732, 57.0
-467.3518931166732, -59.0
-336.3518931166732, -59.0
-214.35189311667324, -17.0
-105.35189311667324, -4.0
-66.35189311667324, 7.0
-33.35189311667323, 30.0
16.64810688332677, 44.0
59.64810688332676, 129.0
54.64810688332676, 130.0
7.648106883326765, 17.0
8.648106883326765, 15.0
8.648106883326765, 15.0
9.648106883326765, 14.0
8.648106883326765, 15.0
9.648106883326765, 16.0
9.648106883326765, 16.0
8.648106883326765, 17.0
8.648106883326765, 16.0
7.648106883326765, 14.0
8.648106883326765, 15.0
6.648106883326765, 15.0
6.648106883326765, 15.0
7.648106883326765, 16.0
7.648106883326765, 16.0
7.648106883326765, 16.0
7.648106883326765, 15.0
7.648106883326765, 15.0
8.648106883326765, 15.0
8.648106883326765, 14.0
9.648106883326765, 15.0
9.648106883326765, 15.0
7.648106883326765, 15.0
8.648106883326765, 16.0
7.648106883326765, 17.0
7.648106883326765, 16.0
6.648106883326765, 17.0
7.648106883326765, 15.0
6.648106883326765, 15.0
6.648106883326765, 15.0
6.648106883326765, 16.0
7.648106883326765, 17.0
7.648106883326765, 16.0
data
9.648106883326765, -18.075222663783045
18.64810688332677, -27.075222663783045
-0.35189311667323464, -8.075222663783045
9.648106883326765, -18.075222663783045
9.648106883326765, -19.075222663783045
8.648106883326765, -18.075222663783045
7.648106883326765, -17.075222663783045
8.648106883326765, -17.075222663783045
9.648106883326765, -17.075222663783045
6.648106883326765, -18.075222663783045
7.648106883326765, -18.075222663783045
7.648106883326765, -18.075222663783045
5.648106883326765, -18.075222663783045
9.648106883326765, -18.075222663783045
4.648106883326765, -20.075222663783045
13.648106883326765, -18.075222663783045
14.648106883326767, -26.075222663783045
6.648106883326765, -9.075222663783045
9.648106883326765, -11.075222663783045
14.648106883326767, -16.075222663783045
11.648106883326765, -18.075222663783045
57.64810688332676, 13.924777336216955
328.6481068833268, 79.92477733621695
232.64810688332676, 72.92477733621695
392.6481068833268, -57.07522266378304
498.6481068833268, -50.07522266378304
514.6481068833268, -78.07522266378305
405.6481068833268, -47.07522266378304
341.6481068833268, 54.92477733621696
334.6481068833268, 87.92477733621695
298.6481068833268, 38.92477733621696
362.6481068833268, 41.92477733621696
262.6481068833268, -58.07522266378304
305.6481068833268, -228.07522266378305
266.6481068833268, -278.07522266378305
-28.35189311667323, -138.07522266378305
-305.3518931166732, -17.075222663783045
-259.3518931166732, -17.075222663783045
-325.3518931166732, -62.07522266378304
-274.3518931166732, -68.07522266378305
-250.35189311667324, 54.92477733621696
-337.3518931166732, 137.92477733621695
-290.3518931166732, 127.92477733621695
-320.3518931166732, 5.924777336216955
-373.3518931166732, 44.92477733621696
-397.3518931166732, -60.07522266378304
-467.3518931166732, 55.92477733621696
-336.3518931166732, 55.92477733621696
-214.35189311667324, 13.924777336216955
-105.35189311667324, 0.9247773362169556
-66.35189311667324, -10.075222663783045
-33.35189311667323, -33.075222663783045
16.64810688332677, -47.07522266378304
59.64810688332676, -132.07522266378305
54.64810688332676, -133.07522266378305
7.648106883326765, -20.075222663783045
8.648106883326765, -18.075222663783045
8.648106883326765, -18.075222663783045
9.648106883326765, -17.075222663783045
8.648106883326765, -18.075222663783045
9.648106883326765, -19.075222663783045
9.648106883326765, -19.075222663783045
8.648106883326765, -20.075222663783045
8.648106883326765, -19.075222663783045
7.648106883326765, -17.075222663783045
8.648106883326765, -18.075222663783045
6.648106883326765, -18.075222663783045
6.648106883326765, -18.075222663783045
7.648106883326765, -19.075222663783045
7.648106883326765, -19.075222663783045
7.648106883326765, -19.075222663783045
7.648106883326765, -18.075222663783045
7.648106883326765, -18.075222663783045
8.648106883326765, -18.075222663783045
8.648106883326765, -17.075222663783045
9.648106883326765, -18.075222663783045
9.648106883326765, -18.075222663783045
7.648106883326765, -18.075222663783045
8.648106883326765, -19.075222663783045
7.648106883326765, -20.075222663783045
7.648106883326765, -19.075222663783045
6.648106883326765, -20.075222663783045
7.648106883326765, -18.075222663783045
6.648106883326765, -18.075222663783045
6.648106883326765, -18.075222663783045
6.648106883326765, -19.075222663783045
7.648106883326765, -20.075222663783045
7.648106883326765, -19.075222663783045
data
-11.0, 16.0
-14.0, 21.0
-10.0, 12.0
-10.0, 16.0
-12.0, 16.0
-13.0, 15.0
-10.0, 15.0
-8.0, 15.0
-10.0, 17.0
-8.0, 18.0
-10.0, 17.0
-28.0, 24.0
5.0, 10.0
-12.0, 14.0
-11.0, 14.0
-12.0, 16.0
-5.0, 11.0
-15.0, 24.0
-11.0, 16.0
-13.0, 17.0
-12.0, 16.0
-11.0, 13.0
-11.0, 13.0
-12.0, 15.0
-12.0, 17.0
-12.0, 17.0
-10.0, 14.0
-11.0, 15.0
-11.0, 18.0
-10.0, 18.0
-174.0, -109.0
48.0, 66.0
-67.0, -28.0
-20.0, -10.0
-75.0, -97.0
-1.0, -170.0
-8.0, -382.0
-81.0, -411.0
-150.0, -495.0
-145.0, -543.0
-99.0, -638.0
-23.0, -818.0
109.0, -971.0
166.0, -1052.0
137.0, -886.0
56.0, -744.0
30.0, -518.0
14.0, -466.0
68.0, -287.0
114.0, -131.0
145.0, 114.0
73.0, 308.0
61.0, 377.0
27.0, 386.0
8.0, 422.0
-38.0, 521.0
-67.0, 713.0
-22.0, 716.0
2.0, 687.0
62.0, 765.0
-32.0, 758.0
26.0, 687.0
32.0, 589.0
35.0, 479.0
46.0, 378.0
52.0, 292.0
58.0, 316.0
33.0, 208.0
33.0, 152.0
15.999999999999998, 150.0
0.0, 170.0
0.0, 103.0
-9.0, 20.0
-10.0, 20.0
-11.0, 17.0
-12.0, 15.0
-12.0, 13.0
-11.0, 17.0
-11.0, 16.0
-12.0, 18.0
-12.0, 18.0
-10.0, 19.0
-12.0, 18.0
-11.0, 15.0
-11.0, 15.0
-10.0, 17.0
-8.0, 17.0
-9.0, 17.0
-11.0, 17.0
-10.0, 16.0
-11.0, 17.0
-11.0, 18.0
-11.0, 19.0
data
-11.0, -19.075222663783045
-14.0, -24.075222663783045
-10.0, -15.075222663783045
-10.0, -19.075222663783045
-12.0, -19.075222663783045
-13.0, -18.075222663783045
-10.0, -18.075222663783045
-8.0, -18.075222663783045
-10.0, -20.075222663783045
-8.0, -21.075222663783045
-10.0, -20.075222663783045
-28.0, -27.075222663783045
5.0, -13.075222663783045
-12.0, -17.075222663783045
-11.0, -17.075222663783045
-12.0, -19.075222663783045
-5.0, -14.075222663783045
-15.0, -27.075222663783045
-11.0, -19.075222663783045
-13.0, -20.075222663783045
-12.0, -19.075222663783045
-11.0, -16.075222663783045
-11.0, -16.075222663783045
-12.0, -18.075222663783045
-12.0, -20.075222663783045
-12.0, -20.075222663783045
-10.0, -17.075222663783045
-11.0, -18.075222663783045
-11.0, -21.075222663783045
-10.0, -21.075222663783045
-174.0, 105.92477733621695
48.0, -69.07522266378305
-67.0, 24.924777336216955
-20.0, 6.924777336216955
-75.0, 93.92477733621695
-1.0, 166.92477733621695
-8.0, 378.92477733621695
-81.0, 407.92477733621695
-150.0, 491.92477733621695
-145.0, 539.924777336217
-99.0, 634.924777336217
-23.0, 814.924777336217
109.0, 967.924777336217
166.0, 1048.9247773362172
137.0, 882.924777336217
56.0, 740.924777336217
30.0, 514.924777336217
14.0, 462.92477733621695
68.0, 283.92477733621695
114.0, 127.92477733621695
145.0, -117.07522266378305
73.0, -311.07522266378305
61.0, -380.07522266378305
27.0, -389.07522266378305
8.0, -425.07522266378305
-38.0, -524.075222663783
-67.0, -716.075222663783
-22.0, -719.075222663783
2.0, -690.075222663783
62.0, -768.075222663783
-32.0, -761.075222663783
26.0, -690.075222663783
32.0, -592.075222663783
35.0, -482.07522266378305
46.0, -381.07522266378305
52.0, -295.07522266378305
58.0, -319.07522266378305
33.0, -211.07522266378305
33.0, -155.07522266378305
15.999999999999998, -153.07522266378305
0.0, -173.07522266378305
0.0, -106.07522266378305
-9.0, -23.075222663783045
-10.0, -23.075222663783045
-11.0, -20.075222663783045
-12.0, -18.075222663783045
-12.0, -16.075222663783045
-11.0, -20.075222663783045
-11.0, -19.075222663783045
-12.0, -21.075222663783045
-12.0, -21.075222663783045
-10.0, -22.075222663783045
-12.0, -21.075222663783045
-11.0, -18.075222663783045
-11.0, -18.075222663783045
-10.0, -20.075222663783045
-8.0, -20.075222663783045
-9.0, -20.075222663783045
-11.0, -20.075222663783045
-10.0, -19.075222663783045
-11.0, -20.075222663783045
-11.0, -21.075222663783045
-11.0, -22.075222663783045
data
7.648106883326765, 16.0
10.648106883326765, 21.0
6.648106883326765, 12.0
6.648106883326765, 16.0
8.648106883326765, 16.0
9.648106883326765, 15.0
6.648106883326765, 15.0
4.648106883326765, 15.0
6.648106883326765, 17.0
4.648106883326765, 18.0
6.648106883326765, 17.0
24.64810688332677, 24.0
-8.351893116673235, 10.0
8.648106883326765, 14.0
7.648106883326765, 14.0
8.648106883326765, 16.0
1.6481068833267651, 11.0
11.648106883326765, 24.0
7.648106883326765, 16.0
9.648106883326765, 17.0
8.648106883326765, 16.0
7.648106883326765, 13.0
7.648106883326765, 13.0
8.648106883326765, 15.0
8.648106883326765, 17.0
8.648106883326765, 17.0
6.648106883326765, 14.0
7.648106883326765, 15.0
7.648106883326765, 18.0
6.648106883326765, 18.0
170.64810688332676, -109.0
-51.35189311667324, 66.0
63.64810688332676, -28.0
16.64810688332677, -10.0
71.64810688332676, -97.0
-2.3518931166732346, -170.0
4.648106883326765, -382.0
77.64810688332676, -411.0
146.64810688332676, -495.0
141.64810688332676, -543.0
95.64810688332676, -638.0
19.64810688332677, -818.0
-112.35189311667324, -971.0
-169.35189311667324, -1052.0
-140.35189311667324, -886.0
-59.35189311667324, -744.0
-33.35189311667323, -518.0
-17.351893116673235, -466.0
-71.35189311667324, -287.0
-117.35189311667324, -131.0
-148.35189311667324, 114.0
-76.35189311667324, 308.0
-64.35189311667324, 377.0
-30.35189311667323, 386.0
-11.351893116673235, 422.0
34.64810688332676, 521.0
63.64810688332676, 713.0
18.64810688332677, 716.0
-5.351893116673235, 687.0
-65.35189311667324, 765.0
28.64810688332677, 758.0
-29.35189311667323, 687.0
-35.35189311667324, 589.0
-38.35189311667324, 479.0
-49.35189311667324, 378.0
-55.35189311667324, 292.0
-61.35189311667324, 316.0
-36.35189311667324, 208.0
-36.35189311667324, 152.0
-19.35189311667323, 150.0
-3.3518931166732346, 170.0
-3.3518931166732346, 103.0
5.648106883326765, 20.0
6.648106883326765, 20.0
7.648106883326765, 17.0
8.648106883326765, 15.0
8.648106883326765, 13.0
7.648106883326765, 17.0
7.648106883326765, 16.0
8.648106883326765, 18.0
8.648106883326765, 18.0
6.648106883326765, 19.0
8.648106883326765, 18.0
7.648106883326765, 15.0
7.648106883326765, 15.0
6.648106883326765, 17.0
4.648106883326765, 17.0
5.648106883326765, 17.0
7.648106883326765, 17.0
6.648106883326765, 16.0
7.648106883326765, 17.0
7.648106883326765, 18.0
7.648106883326765, 19.0
data
7.648106883326765, -19.075222663783045
10.648106883326765, -24.075222663783045
6.648106883326765, -15.075222663783045
6.648106883326765, -19.075222663783045
8.648106883326765, -19.075222663783045
9.648106883326765, -18.075222663783045
6.648106883326765, -18.075222663783045
4.648106883326765, -18.075222663783045
6.648106883326765, -20.075222663783045
4.648106883326765, -21.075222663783045
6.648106883326765, -20.075222663783045
24.64810688332677, -27.075222663783045
-8.351893116673235, -13.075222663783045
8.648106883326765, -17.075222663783045
7.648106883326765, -17.075222663783045
8.648106883326765, -19.075222663783045
1.6481068833267651, -14.075222663783045
11.648106883326765, -27.075222663783045
7.648106883326765, -19.075222663783045
9.648106883326765, -20.075222663783045
8.648106883326765, -19.075222663783045
7.648106883326765, -16.075222663783045
7.648106883326765, -16.075222663783045
8.648106883326765, -18.075222663783045
8.648106883326765, -20.075222663783045
8.648106883326765, -20.075222663783045
6.648106883326765, -17.075222663783045
7.648106883326765, -18.075222663783045
7.648106883326765, -21.075222663783045
6.648106883326765, -21.075222663783045
170.64810688332676, 105.92477733621695
-51.35189311667324, -69.07522266378305
63.64810688332676, 24.924777336216955
16.64810688332677, 6.924777336216955
71.64810688332676, 93.92477733621695
-2.3518931166732346, 166.92477733621695
4.648106883326765, 378.92477733621695
77.64810688332676, 407.92477733621695
146.64810688332676, 491.92477733621695
141.64810688332676, 539.924777336217
95.64810688332676, 634.924777336217
19.64810688332677, 814.924777336217
-112.35189311667324, 967.924777336217
-169.35189311667324, 1048.9247773362172
-140.35189311667324, 882.924777336217
-59.35189311667324, 740.924777336217
-33.35189311667323, 514.924777336217
-17.351893116673235, 462.92477733621695
-71.35189311667324, 283.92477733621695
-117.35189311667324, 127.92477733621695
-148.35189311667324, -117.07522266378305
-76.35189311667324, -311.07522266378305
-64.35189311667324, -380.07522266378305
-30.35189311667323, -389.07522266378305
-11.351893116673235, -425.07522266378305
34.64810688332676, -524.075222663783
63.64810688332676, -716.075222663783
18.64810688332677, -719.075222663783
-5.351893116673235, -690.075222663783
-65.35189311667324, -768.075222663783
28.64810688332677, -761.075222663783
-29.35189311667323, -690.075222663783
-35.35189311667324, -592.075222663783
-38.35189311667324, -482.07522266378305
-49.35189311667324, -381.07522266378305
-55.35189311667324, -295.07522266378305
-61.35189311667324, -319.07522266378305
-36.35189311667324, -211.07522266378305
-36.35189311667324, -155.07522266378305
-19.35189311667323, -153.07522266378305
-3.3518931166732346, -173.07522266378305
-3.3518931166732346, -106.07522266378305
5.648106883326765, -23.075222663783045
6.648106883326765, -23.075222663783045
7.648106883326765, -20.075222663783045
8.648106883326765, -18.075222663783045
8.648106883326765, -16.075222663783045
7.648106883326765, -20.075222663783045
7.648106883326765, -19.075222663783045
8.648106883326765, -21.075222663783045
8.648106883326765, -21.075222663783045
6.648106883326765, -22.075222663783045
8.648106883326765, -21.075222663783045
7.648106883326765, -18.075222663783045
7.648106883326765, -18.075222663783045
6.648106883326765, -20.075222663783045
4.648106883326765, -20.075222663783045
5.648106883326765, -20.075222663783045
7.648106883326765, -20.075222663783045
6.648106883326765, -19.075222663783045
7.648106883326765, -20.075222663783045
7.648106883326765, -21.075222663783045
7.648106883326765, -22.075222663783045
data
-12.0, 16.0
-10.0, 14.0
-17.0, 12.0
-11.0, 16.0
-13.0, 14.0
-12.0, 14.0
-11.0, 15.0
-11.0, 15.0
-11.0, 14.0
-14.0, 15.0
-7.0, 18.0
21.0, 23.0
40.0, 28.0
106.0, -56.0
92.0, 100.0
85.0, 72.0
-1.0, 165.0
89.0, 332.0
23.0, 421.0
-87.0, 390.0
17.0, 223.0
-16.0, 203.0
-4.0, 244.0
-16.0, 309.0
-57.0, 322.0
-37.0, 274.0
32.0, 216.0
-26.0, 230.0
-110.0, 156.0
87.0, 118.0
1.0000000000000002, 30.0
8.0, -11.0
22.0, -104.0
11.0, -148.0
49.0, -157.0
-4.0, -184.0
58.0, -257.0
7.0, -320.0
65.0, -331.0
50.0, -291.0
29.0, -310.0
12.0, -268.0
-1.0, -163.0
-2.0, -100.0
-138.0, -30.0
10.0, -162.0
31.000000000000004, -175.0
19.0, -181.0
87.0, -210.0
24.0, -150.0
57.0, -97.0
-15.0, 5.0
-7.0, -24.0
46.0, -83.0
-45.0, -26.0
-8.0, -8.0
24.0, -61.0
13.0, -79.0
22.0, -69.0
13.0, -79.0
63.0, -139.0
63.0, -171.0
-9.0, -118.0
-12.0, -88.0
-8.0, -144.0
-32.0, -157.0
-37.0, -171.0
-66.0, -151.0
-72.0, -148.0
-60.0, -152.0
-33.0, -211.0
-104.0, -113.0
-159.0, -52.0
-160.0, -50.0
-157.0, -56.0
-156.0, -114.0
-133.0, -116.0
-193.0, -45.0
-139.0, 18.0
-164.0, 69.0
-78.0, 77.0
-82.0, 83.0
-35.0, 94.0
-56.0, 111.0
-62.0, 177.0
-73.0, 219.0
-26.0, 206.0
-2.0, 204.0
23.0, 186.0
37.0, 245.0
70.0, 280.0
77.0, 240.0
69.0, 273.0
67.0, 289.0
32.0, 264.0
37.0, 222.0
21.0, 214.0
19.0, 239.0
30.0, 194.0
62.0, 103.0
-5.0, 19.0
-9.0, 17.0
-11.0, 17.0
-13.0, 18.0
-13.0, 20.0
-11.0, 18.0
-10.0, 17.0
-10.0, 17.0
-10.0, 16.0
-16.0, 33.0
-3.0, 16.0
-13.0, 16.0
-15.0, 7.0
-12.0, 17.0
-20.0, 24.0
-98.0, 31.999999999999996
-8.0, 60.0
-27.0, 13.0
23.0, 3.0
5.0, -18.0
0.0, -16.0
-20.0, 8.0
-2.0, 25.0
-2.0, 35.0
-30.0, 30.999999999999996
-4.0, 24.0
-46.0, -7.0
36.0, 28.0
-19.0, 2.0
15.999999999999998, 28.0
-10.0, 17.0
6.0, 44.0
-9.0, 22.0
-20.0, 36.0
-5.0, -6.0
-34.0, 33.0
14.0, -4.0
-12.0, 15.0
-17.0, 13.0
-11.0, 21.0
-8.0, 24.0
-18.0, 23.0
-91.0, 48.0
-38.0, 82.0
23.0, -19.0
-5.0, -6.0
6.0, -16.0
10.0, -2.0
-5.0, 15.0
-1.0, 23.0
-7.0, 24.0
-25.0, 4.0
0.0, 28.0
-25.0, 2.0
-11.0, 11.0
-2.0, 25.0
-6.0, 19.0
data
-12.0, -19.075222663783045
-10.0, -17.075222663783045
-17.0, -15.075222663783045
-11.0, -19.075222663783045
-13.0, -17.075222663783045
-12.0, -17.075222663783045
-11.0, -18.075222663783045
-11.0, -18.075222663783045
-11.0, -17.075222663783045
-14.0, -18.075222663783045
-7.0, -21.075222663783045
21.0, -26.075222663783045
40.0, -31.075222663783045
106.0, 52.92477733621696
92.0, -103.07522266378305
85.0, -75.07522266378305
-1.0, -168.07522266378305
89.0, -335.07522266378305
23.0, -424.07522266378305
-87.0, -393.07522266378305
17.0, -226.07522266378305
-16.0, -206.07522266378305
-4.0, -247.07522266378305
-16.0, -312.07522266378305
-57.0, -325.07522266378305
-37.0, -277.07522266378305
32.0, -219.07522266378305
-26.0, -233.07522266378305
-110.0, -159.07522266378305
87.0, -121.07522266378305
1.0000000000000002, -33.075222663783045
8.0, 7.924777336216955
22.0, 100.92477733621695
11.0, 144.92477733621695
49.0, 153.92477733621695
-4.0, 180.92477733621695
58.0, 253.92477733621695
7.0, 316.92477733621695
65.0, 327.92477733621695
50.0, 287.92477733621695
29.0, 306.92477733621695
12.0, 264.92477733621695
-1.0, 159.92477733621695
-2.0, 96.92477733621695
-138.0, 26.924777336216955
10.0, 158.92477733621695
31.000000000000004, 171.92477733621695
19.0, 177.92477733621695
87.0, 206.92477733621695
24.0, 146.92477733621695
57.0, 93.92477733621695
-15.0, -8.075222663783045
-7.0, 20.924777336216955
46.0, 79.92477733621695
-45.0, 22.924777336216955
-8.0, 4.924777336216955
24.0, 57.92477733621696
13.0, 75.92477733621695
22.0, 65.92477733621695
13.0, 75.92477733621695
63.0, 135.92477733621695
63.0, 167.92477733621695
-9.0, 114.92477733621695
-12.0, 84.92477733621695
-8.0, 140.92477733621695
-32.0, 153.92477733621695
-37.0, 167.92477733621695
-66.0, 147.92477733621695
-72.0, 144.92477733621695
-60.0, 148.92477733621695
-33.0, 207.92477733621695
-104.0, 109.92477733621695
-159.0, 48.92477733621696
-160.0, 46.92477733621696
-157.0, 52.92477733621696
-156.0, 110.92477733621695
-133.0, 112.92477733621695
-193.0, 41.92477733621696
-139.0, -21.075222663783045
-164.0, -72.07522266378305
-78.0, -80.07522266378305
-82.0, -86.07522266378305
-35.0, -97.07522266378305
-56.0, -114.07522266378305
-62.0, -180.07522266378305
-73.0, -222.07522266378305
-26.0, -209.07522266378305
-2.0, -207.07522266378305
23.0, -189.07522266378305
37.0, -248.07522266378305
70.0, -283.07522266378305
77.0, -243.07522266378305
69.0, -276.07522266378305
67.0, -292.07522266378305
32.0, -267.07522266378305
37.0, -225.07522266378305
21.0, -217.07522266378305
19.0, -242.07522266378305
30.0, -197.07522266378305
62.0, -106.07522266378305
-5.0, -22.075222663783045
-9.0, -20.075222663783045
-11.0, -20.075222663783045
-13.0, -21.075222663783045
-13.0, -23.075222663783045
-11.0, -21.075222663783045
-10.0, -20.075222663783045
-10.0, -20.075222663783045
-10.0, -19.075222663783045
-16.0, -36.07522266378304
-3.0, -19.075222663783045
-13.0, -19.075222663783045
-15.0, -10.075222663783045
-12.0, -20.075222663783045
-20.0, -27.075222663783045
-98.0, -35.07522266378304
-8.0, -63.07522266378304
-27.0, -16.075222663783045
23.0, -6.075222663783045
5.0, 14.924777336216955
0.0, 12.924777336216955
-20.0, -11.075222663783045
-2.0, -28.075222663783045
-2.0, -38.07522266378304
-30.0, -34.07522266378304
-4.0, -27.075222663783045
-46.0, 3.9247773362169553
36.0, -31.075222663783045
-19.0, -5.075222663783045
15.999999999999998, -31.075222663783045
-10.0, -20.075222663783045
6.0, -47.07522266378304
-9.0, -25.075222663783045
-20.0, -39.07522266378304
-5.0, 2.9247773362169553
-34.0, -36.07522266378304
14.0, 0.9247773362169556
-12.0, -18.075222663783045
-17.0, -16.075222663783045
-11.0, -24.075222663783045
-8.0, -27.075222663783045
-18.0, -26.075222663783045
-91.0, -51.07522266378304
-38.0, -85.07522266378305
23.0, 15.924777336216955
-5.0, 2.9247773362169553
6.0, 12.924777336216955
10.0, -1.0752226637830442
-5.0, -18.075222663783045
-1.0, -26.075222663783045
-7.0, -27.075222663783045
-25.0, -7.075222663783045
0.0, -31.075222663783045
-25.0, -5.075222663783045
-11.0, -14.075222663783045
-2.0, -28.075222663783045
-6.0, -22.075222663783045
data
8.648106883326765, 16.0
6.648106883326765, 14.0
13.648106883326765, 12.0
7.648106883326765, 16.0
9.648106883326765, 14.0
8.648106883326765, 14.0
7.648106883326765, 15.0
7.648106883326765, 15.0
7.648106883326765, 14.0
10.648106883326765, 15.0
3.648106883326765, 18.0
-24.35189311667323, 23.0
-43.35189311667324, 28.0
-109.35189311667324, -56.0
-95.35189311667324, 100.0
-88.35189311667324, 72.0
-2.3518931166732346, 165.0
-92.35189311667324, 332.0
-26.35189311667323, 421.0
83.64810688332676, 390.0
-20.35189311667323, 223.0
12.648106883326765, 203.0
0.6481068833267651, 244.0
12.648106883326765, 309.0
53.64810688332676, 322.0
33.64810688332676, 274.0
-35.35189311667324, 216.0
22.64810688332677, 230.0
106.64810688332676, 156.0
-90.35189311667324, 118.0
-4.351893116673235, 30.0
-11.351893116673235, -11.0
-25.35189311667323, -104.0
-14.351893116673235, -148.0
-52.35189311667324, -157.0
0.6481068833267651, -184.0
-61.35189311667324, -257.0
-10.351893116673235, -320.0
-68.35189311667324, -331.0
-53.35189311667324, -291.0
-32.35189311667323, -310.0
-15.351893116673235, -268.0
-2.3518931166732346, -163.0
-1.3518931166732346, -100.0
134.64810688332676, -30.0
-13.351893116673235, -162.0
-34.35189311667324, -175.0
-22.35189311667323, -181.0
-90.35189311667324, -210.0
-27.35189311667323, -150.0
-60.35189311667324, -97.0
11.648106883326765, 5.0
3.648106883326765, -24.0
-49.35189311667324, -83.0
41.64810688332676, -26.0
4.648106883326765, -8.0
-27.35189311667323, -61.0
-16.351893116673235, -79.0
-25.35189311667323, -69.0
-16.351893116673235, -79.0
-66.35189311667324, -139.0
-66.35189311667324, -171.0
5.648106883326765, -118.0
8.648106883326765, -88.0
4.648106883326765, -144.0
28.64810688332677, -157.0
33.64810688332676, -171.0
62.64810688332676, -151.0
68.64810688332676, -148.0
56.64810688332676, -152.0
29.64810688332677, -211.0
100.64810688332676, -113.0
155.64810688332676, -52.0
156.64810688332676, -50.0
153.64810688332676, -56.0
152.64810688332676, -114.0
129.64810688332676, -116.0
189.64810688332676, -45.0
135.64810688332676, 18.0
160.64810688332676, 69.0
74.64810688332676, 77.0
78.64810688332676, 83.0
31.648106883326765, 94.0
52.64810688332676, 111.0
58.64810688332676, 177.0
69.64810688332676, 219.0
22.64810688332677, 206.0
-1.3518931166732346, 204.0
-26.35189311667323, 186.0
-40.35189311667324, 245.0
-73.35189311667324, 280.0
-80.35189311667324, 240.0
-72.35189311667324, 273.0
-70.35189311667324, 289.0
-35.35189311667324, 264.0
-40.35189311667324, 222.0
-24.35189311667323, 214.0
-22.35189311667323, 239.0
-33.35189311667323, 194.0
-65.35189311667324, 103.0
1.6481068833267651, 19.0
5.648106883326765, 17.0
7.648106883326765, 17.0
9.648106883326765, 18.0
9.648106883326765, 20.0
7.648106883326765, 18.0
6.648106883326765, 17.0
6.648106883326765, 17.0
6.648106883326765, 16.0
12.648106883326765, 33.0
-0.35189311667323464, 16.0
9.648106883326765, 16.0
11.648106883326765, 7.0
8.648106883326765, 17.0
16.64810688332677, 24.0
94.64810688332676, 31.999999999999996
4.648106883326765, 60.0
23.64810688332677, 13.0
-26.35189311667323, 3.0
-8.351893116673235, -18.0
-3.3518931166732346, -16.0
16.64810688332677, 8.0
-1.3518931166732346, 25.0
-1.3518931166732346, 35.0
26.64810688332677, 30.999999999999996
0.6481068833267651, 24.0
42.64810688332676, -7.0
-39.35189311667324, 28.0
15.648106883326767, 2.0
-19.35189311667323, 28.0
6.648106883326765, 17.0
-9.351893116673235, 44.0
5.648106883326765, 22.0
16.64810688332677, 36.0
1.6481068833267651, -6.0
30.648106883326765, 33.0
-17.351893116673235, -4.0
8.648106883326765, 15.0
13.648106883326765, 13.0
7.648106883326765, 21.0
4.648106883326765, 24.0
14.648106883326767, 23.0
87.64810688332676, 48.0
34.64810688332676, 82.0
-26.35189311667323, -19.0
1.6481068833267651, -6.0
-9.351893116673235, -16.0
-13.351893116673235, -2.0
1.6481068833267651, 15.0
-2.3518931166732346, 23.0
3.648106883326765, 24.0
21.64810688332677, 4.0
-3.3518931166732346, 28.0
21.64810688332677, 2.0
7.648106883326765, 11.0
-1.3518931166732346, 25.0
2.648106883326765, 19.0
data
8.648106883326765, -19.075222663783045
6.648106883326765, -17.075222663783045
13.648106883326765, -15.075222663783045
7.648106883326765, -19.075222663783045
9.648106883326765, -17.075222663783045
8.648106883326765, -17.075222663783045
7.648106883326765, -18.075222663783045
7.648106883326765, -18.075222663783045
7.648106883326765, -17.075222663783045
10.648106883326765, -18.075222663783045
3.648106883326765, -21.075222663783045
-24.35189311667323, -26.075222663783045
-43.35189311667324, -31.075222663783045
-109.35189311667324, 52.92477733621696
-95.35189311667324, -103.07522266378305
-88.35189311667324, -75.07522266378305
-2.3518931166732346, -168.07522266378305
-92.35189311667324, -335.07522266378305
-26.35189311667323, -424.07522266378305
83.64810688332676, -393.07522266378305
-20.35189311667323, -226.07522266378305
12.648106883326765, -206.07522266378305
0.6481068833267651, -247.07522266378305
12.648106883326765, -312.07522266378305
53.64810688332676, -325.07522266378305
33.64810688332676, -277.07522266378305
-35.35189311667324, -219.07522266378305
22.64810688332677, -233.07522266378305
106.64810688332676, -159.07522266378305
-90.35189311667324, -121.07522266378305
-4.351893116673235, -33.075222663783045
-11.351893116673235, 7.924777336216955
-25.35189311667323, 100.92477733621695
-14.351893116673235, 144.92477733621695
-52.35189311667324, 153.92477733621695
0.6481068833267651, 180.92477733621695
-61.35189311667324, 253.92477733621695
-10.351893116673235, 316.92477733621695
-68.35189311667324, 327.92477733621695
-53.35189311667324, 287.92477733621695
-32.35189311667323, 306.92477733621695
-15.351893116673235, 264.92477733621695
-2.3518931166732346, 159.92477733621695
-1.3518931166732346, 96.92477733621695
134.64810688332676, 26.924777336216955
-13.351893116673235, 158.92477733621695
-34.35189311667324, 171.92477733621695
-22.35189311667323, 177.92477733621695
-90.35189311667324, 206.92477733621695
-27.35189311667323, 146.92477733621695
-60.35189311667324, 93.92477733621695
11.648106883326765, -8.075222663783045
3.648106883326765, 20.924777336216955
-49.35189311667324, 79.92477733621695
41.64810688332676, 22.924777336216955
4.648106883326765, 4.924777336216955
-27.35189311667323, 57.92477733621696
-16.351893116673235, 75.92477733621695
-25.35189311667323, 65.92477733621695
-16.351893116673235, 75.92477733621695
-66.35189311667324, 135.92477733621695
-66.35189311667324, 167.92477733621695
5.648106883326765, 114.92477733621695
8.648106883326765, 84.92477733621695
4.648106883326765, 140.92477733621695
28.64810688332677, 153.92477733621695
33.64810688332676, 167.92477733621695
62.64810688332676, 147.92477733621695
68.64810688332676, 144.92477733621695
56.64810688332676, 148.92477733621695
29.64810688332677, 207.92477733621695
100.64810688332676, 109.92477733621695
155.64810688332676, 48.92477733621696
156.64810688332676, 46.92477733621696
153.64810688332676, 52.92477733621696
152.64810688332676, 110.92477733621695
129.64810688332676, 112.92477733621695
189.64810688332676, 41.92477733621696
135.64810688332676, -21.075222663783045
160.64810688332676, -72.07522266378305
74.64810688332676, -80.07522266378305
78.64810688332676, -86.07522266378305
31.648106883326765, -97.07522266378305
52.64810688332676, -114.07522266378305
58.64810688332676, -180.07522266378305
69.64810688332676, -222.07522266378305
22.64810688332677, -209.07522266378305
-1.3518931166732346, -207.07522266378305
-26.35189311667323, -189.07522266378305
-40.35189311667324, -248.07522266378305
-73.35189311667324, -283.07522266378305
-80.35189311667324, -243.07522266378305
-72.35189311667324, -276.07522266378305
-70.35189311667324, -292.07522266378305
-35.35189311667324, -267.07522266378305
-40.35189311667324, -225.07522266378305
-24.35189311667323, -217.07522266378305
-22.35189311667323, -242.07522266378305
-33.35189311667323, -197.07522266378305
-65.35189311667324, -106.07522266378305
1.6481068833267651, -22.075222663783045
5.648106883326765, -20.075222663783045
7.648106883326765, -20.075222663783045
9.648106883326765, -21.075222663783045
9.648106883326765, -23.075222663783045
7.648106883326765, -21.075222663783045
6.648106883326765, -20.075222663783045
6.648106883326765, -20.075222663783045
6.648106883326765, -19.075222663783045
12.648106883326765, -36.07522266378304
-0.35189311667323464, -19.075222663783045
9.648106883326765, -19.075222663783045
11.648106883326765, -10.075222663783045
8.648106883326765, -20.075222663783045
16.64810688332677, -27.075222663783045
94.64810688332676, -35.07522266378304
4.648106883326765, -63.07522266378304
23.64810688332677, -16.075222663783045
-26.35189311667323, -6.075222663783045
-8.351893116673235, 14.924777336216955
-3.3518931166732346, 12.924777336216955
16.64810688332677, -11.075222663783045
-1.3518931166732346, -28.075222663783045
-1.3518931166732346, -38.07522266378304
26.64810688332677, -34.07522266378304
0.6481068833267651, -27.075222663783045
42.64810688332676, 3.9247773362169553
-39.35189311667324, -31.075222663783045
15.648106883326767, -5.075222663783045
-19.35189311667323, -31.075222663783045
6.648106883326765, -20.075222663783045
-9.351893116673235, -47.07522266378304
5.648106883326765, -25.075222663783045
16.64810688332677, -39.07522266378304
1.6481068833267651, 2.9247773362169553
30.648106883326765, -36.07522266378304
-17.351893116673235, 0.9247773362169556
8.648106883326765, -18.075222663783045
13.648106883326765, -16.075222663783045
7.648106883326765, -24.075222663783045
4.648106883326765, -27.075222663783045
14.648106883326767, -26.075222663783045
87.64810688332676, -51.07522266378304
34.64810688332676, -85.07522266378305
-26.35189311667323, 15.924777336216955
1.6481068833267651, 2.9247773362169553
-9.351893116673235, 12.924777336216955
-13.351893116673235, -1.0752226637830442
1.6481068833267651, -18.075222663783045
-2.3518931166732346, -26.075222663783045
3.648106883326765, -27.075222663783045
21.64810688332677, -7.075222663783045
-3.3518931166732346, -31.075222663783045
21.64810688332677, -5.075222663783045
7.648106883326765, -14.075222663783045
-1.3518931166732346, -28.075222663783045
2.648106883326765, -22.075222663783045
data
-13.0, 17.0
-8.0, 12.0
-16.0, 20.0
-13.0, 18.0
-11.0, 18.0
-10.0, 17.0
-12.0, 18.0
-11.0, 17.0
-13.0, 20.0
15.999999999999998, 36.0
61.0, 73.0
55.0, 128.0
4.0, 221.0
80.0, 396.0
-7.0, 352.0
65.0, 341.0
84.0, 373.0
63.0, 383.0
88.0, 395.0
24.0, 371.0
13.0, 354.0
61.0, 281.0
0.0, 273.0
5.0, 279.0
-34.0, 216.0
-36.0, 236.0
-64.0, 237.0
-38.0, 185.0
-124.0, 150.0
-111.0, 133.0
-57.0, 110.0
-108.0, 27.0
-31.0, -81.0
-84.0, -124.0
-62.0, -31.0
-29.0, -7.0
-65.0, -108.0
-119.0, -119.0
-37.0, -165.0
-104.0, -191.0
-80.0, -234.0
-77.0, -271.0
-70.0, -282.0
-72.0, -353.0
-80.0, -330.0
-126.0, -272.0
-129.0, -236.0
-107.0, -231.0
-18.0, -260.0
-62.0, -217.0
-62.0, -199.0
-32.0, -207.0
-51.0, -205.0
-34.0, -203.0
-66.0, -223.0
-36.0, -255.0
-27.0, -294.0
-1.0, -237.0
27.0, -147.0
35.0, -152.0
101.0, -143.0
125.0, -105.0
96.0, -166.0
127.0, -190.0
139.0, -242.0
171.0, -194.0
156.0, -201.0
196.0, -108.0
165.0, 6.0
197.0, 30.0
171.0, 65.0
173.0, 74.0
169.0, 62.0
145.0, 107.0
128.0, 168.0
126.0, 159.0
131.0, 188.0
70.0, 246.0
49.0, 232.0
18.0, 238.0
-3.0, 244.0
18.0, 231.0
-40.0, 238.0
-18.0, 224.0
-131.0, 246.0
-69.0, 269.0
-94.0, 254.00000000000003
-113.0, 224.0
-165.0, 146.0
-166.0, 94.0
-175.0, 118.0
-133.0, 130.0
-237.0, 89.0
-153.0, 114.0
-159.0, 28.0
-141.0, -32.0
-88.0, -82.0
-64.0, -115.0
-67.0, -96.0
-65.0, -19.0
-23.0, -91.0
24.0, -182.0
15.999999999999998, -162.0
43.0, -180.0
87.0, -206.0
29.0, -94.0
33.0, -65.0
-24.0, 20.0
20.0, -24.0
-4.0, 6.0
-11.0, 16.0
-11.0, 17.0
-13.0, 17.0
-13.0, 17.0
-13.0, 16.0
-12.0, 15.0
-13.0, 16.0
-12.0, 16.0
data
-13.0, -20.075222663783045
-8.0, -15.075222663783045
-16.0, -23.075222663783045
-13.0, -21.075222663783045
-11.0, -21.075222663783045
-10.0, -20.075222663783045
-12.0, -21.075222663783045
-11.0, -20.075222663783045
-13.0, -23.075222663783045
15.999999999999998, -39.07522266378304
61.0, -76.07522266378305
55.0, -131.07522266378305
4.0, -224.07522266378305
80.0, -399.07522266378305
-7.0, -355.07522266378305
65.0, -344.07522266378305
84.0, -376.07522266378305
63.0, -386.07522266378305
88.0, -398.07522266378305
24.0, -374.07522266378305
13.0, -357.07522266378305
61.0, -284.07522266378305
0.0, -276.07522266378305
5.0, -282.07522266378305
-34.0, -219.07522266378305
-36.0, -239.07522266378305
-64.0, -240.07522266378305
-38.0, -188.07522266378305
-124.0, -153.07522266378305
-111.0, -136.07522266378305
-57.0, -113.07522266378305
-108.0, -30.075222663783045
-31.0, 77.92477733621695
-84.0, 120.92477733621695
-62.0, 27.924777336216955
-29.0, 3.9247773362169553
-65.0, 104.92477733621695
-119.0, 115.92477733621695
-37.0, 161.92477733621695
-104.0, 187.92477733621695
-80.0, 230.92477733621695
-77.0, 267.92477733621695
-70.0, 278.92477733621695
-72.0, 349.92477733621695
-80.0, 326.92477733621695
-126.0, 268.92477733621695
-129.0, 232.92477733621695
-107.0, 227.92477733621695
-18.0, 256.92477733621695
-62.0, 213.92477733621695
-62.0, 195.92477733621695
-32.0, 203.92477733621695
-51.0, 201.92477733621695
-34.0, 199.92477733621695
-66.0, 219.92477733621695
-36.0, 251.92477733621695
-27.0, 290.92477733621695
-1.0, 233.92477733621695
27.0, 143.92477733621695
35.0, 148.92477733621695
101.0, 139.92477733621695
125.0, 101.92477733621695
96.0, 162.92477733621695
127.0, 186.92477733621695
139.0, 238.92477733621695
171.0, 190.92477733621695
156.0, 197.92477733621695
196.0, 104.92477733621695
165.0, -9.075222663783045
197.0, -33.075222663783045
171.0, -68.07522266378305
173.0, -77.07522266378305
169.0, -65.07522266378304
145.0, -110.07522266378305
128.0, -171.07522266378305
126.0, -162.07522266378305
131.0, -191.07522266378305
70.0, -249.07522266378305
49.0, -235.07522266378305
18.0, -241.07522266378305
-3.0, -247.07522266378305
18.0, -234.07522266378305
-40.0, -241.07522266378305
-18.0, -227.07522266378305
-131.0, -249.07522266378305
-69.0, -272.07522266378305
-94.0, -257.07522266378305
-113.0, -227.07522266378305
-165.0, -149.07522266378305
-166.0, -97.07522266378305
-175.0, -121.07522266378305
-133.0, -133.07522266378305
-237.0, -92.07522266378305
-153.0, -117.07522266378305
-159.0, -31.075222663783045
-141.0, 28.924777336216955
-88.0, 78.92477733621695
-64.0, 111.92477733621695
-67.0, 92.92477733621695
-65.0, 15.924777336216955
-23.0, 87.92477733621695
24.0, 178.92477733621695
15.999999999999998, 158.92477733621695
43.0, 176.92477733621695
87.0, 202.92477733621695
29.0, 90.92477733621695
33.0, 61.92477733621696
-24.0, -23.075222663783045
20.0, 20.924777336216955
-4.0, -9.075222663783045
-11.0, -19.075222663783045
-11.0, -20.075222663783045
-13.0, -20.075222663783045
-13.0, -20.075222663783045
-13.0, -19.075222663783045
-12.0, -18.075222663783045
-13.0, -19.075222663783045
-12.0, -19.075222663783045
data
9.648106883326765, 17.0
4.648106883326765, 12.0
12.648106883326765, 20.0
9.648106883326765, 18.0
7.648106883326765, 18.0
6.648106883326765, 17.0
8.648106883326765, 18.0
7.648106883326765, 17.0
9.648106883326765, 20.0
-19.35189311667323, 36.0
-64.35189311667324, 73.0
-58.35189311667324, 128.0
-7.351893116673235, 221.0
-83.35189311667324, 396.0
3.648106883326765, 352.0
-68.35189311667324, 341.0
-87.35189311667324, 373.0
-66.35189311667324, 383.0
-91.35189311667324, 395.0
-27.35189311667323, 371.0
-16.351893116673235, 354.0
-64.35189311667324, 281.0
-3.3518931166732346, 273.0
-8.351893116673235, 279.0
30.648106883326765, 216.0
32.64810688332676, 236.0
60.64810688332676, 237.0
34.64810688332676, 185.0
120.64810688332676, 150.0
107.64810688332676, 133.0
53.64810688332676, 110.0
104.64810688332676, 27.0
27.64810688332677, -81.0
80.64810688332676, -124.0
58.64810688332676, -31.0
25.64810688332677, -7.0
61.64810688332676, -108.0
115.64810688332676, -119.0
33.64810688332676, -165.0
100.64810688332676, -191.0
76.64810688332676, -234.0
73.64810688332676, -271.0
66.64810688332676, -282.0
68.64810688332676, -353.0
76.64810688332676, -330.0
122.64810688332676, -272.0
125.64810688332676, -236.0
103.64810688332676, -231.0
14.648106883326767, -260.0
58.64810688332676, -217.0
58.64810688332676, -199.0
28.64810688332677, -207.0
47.64810688332676, -205.0
30.648106883326765, -203.0
62.64810688332676, -223.0
32.64810688332676, -255.0
23.64810688332677, -294.0
-2.3518931166732346, -237.0
-30.35189311667323, -147.0
-38.35189311667324, -152.0
-104.35189311667324, -143.0
-128.35189311667324, -105.0
-99.35189311667324, -166.0
-130.35189311667324, -190.0
-142.35189311667324, -242.0
-174.35189311667324, -194.0
-159.35189311667324, -201.0
-199.35189311667324, -108.0
-168.35189311667324, 6.0
-200.35189311667324, 30.0
-174.35189311667324, 65.0
-176.35189311667324, 74.0
-172.35189311667324, 62.0
-148.35189311667324, 107.0
-131.35189311667324, 168.0
-129.35189311667324, 159.0
-134.35189311667324, 188.0
-73.35189311667324, 246.0
-52.35189311667324, 232.0
-21.35189311667323, 238.0
-0.35189311667323464, 244.0
-21.35189311667323, 231.0
36.64810688332676, 238.0
14.648106883326767, 224.0
127.64810688332676, 246.0
65.64810688332676, 269.0
90.64810688332676, 254.00000000000003
109.64810688332676, 224.0
161.64810688332676, 146.0
162.64810688332676, 94.0
171.64810688332676, 118.0
129.64810688332676, 130.0
233.64810688332676, 89.0
149.64810688332676, 114.0
155.64810688332676, 28.0
137.64810688332676, -32.0
84.64810688332676, -82.0
60.64810688332676, -115.0
63.64810688332676, -96.0
61.64810688332676, -19.0
19.64810688332677, -91.0
-27.35189311667323, -182.0
-19.35189311667323, -162.0
-46.35189311667324, -180.0
-90.35189311667324, -206.0
-32.35189311667323, -94.0
-36.35189311667324, -65.0
20.64810688332677, 20.0
-23.35189311667323, -24.0
0.6481068833267651, 6.0
7.648106883326765, 16.0
7.648106883326765, 17.0
9.648106883326765, 17.0
9.648106883326765, 17.0
9.648106883326765, 16.0
8.648106883326765, 15.0
9.648106883326765, 16.0
8.648106883326765, 16.0
data
9.648106883326765, -20.075222663783045
4.648106883326765, -15.075222663783045
12.648106883326765, -23.075222663783045
9.648106883326765, -21.075222663783045
7.648106883326765, -21.075222663783045
6.648106883326765, -20.075222663783045
8.648106883326765, -21.075222663783045
7.648106883326765, -20.075222663783045
9.648106883326765, -23.075222663783045
-19.35189311667323, -39.07522266378304
-64.35189311667324, -76.07522266378305
-58.35189311667324, -131.07522266378305
-7.351893116673235, -224.07522266378305
-83.35189311667324, -399.07522266378305
3.648106883326765, -355.07522266378305
-68.35189311667324, -344.07522266378305
-87.35189311667324, -376.07522266378305
-66.35189311667324, -386.07522266378305
-91.35189311667324, -398.07522266378305
-27.35189311667323, -374.07522266378305
-16.351893116673235, -357.07522266378305
-64.35189311667324, -284.07522266378305
-3.3518931166732346, -276.07522266378305
-8.351893116673235, -282.07522266378305
30.648106883326765, -219.07522266378305
32.64810688332676, -239.07522266378305
60.64810688332676, -240.07522266378305
34.64810688332676, -188.07522266378305
120.64810688332676, -153.07522266378305
107.64810688332676, -136.07522266378305
53.64810688332676, -113.07522266378305
104.64810688332676, -30.075222663783045
27.64810688332677, 77.92477733621695
80.64810688332676, 120.92477733621695
58.64810688332676, 27.924777336216955
25.64810688332677, 3.9247773362169553
61.64810688332676, 104.92477733621695
115.64810688332676, 115.92477733621695
33.64810688332676, 161.92477733621695
100.64810688332676, 187.92477733621695
76.64810688332676, 230.92477733621695
73.64810688332676, 267.92477733621695
66.64810688332676, 278.92477733621695
68.64810688332676, 349.92477733621695
76.64810688332676, 326.92477733621695
122.64810688332676, 268.92477733621695
125.64810688332676, 232.92477733621695
103.64810688332676, 227.92477733621695
14.648106883326767, 256.92477733621695
58.64810688332676, 213.92477733621695
58.64810688332676, 195.92477733621695
28.64810688332677, 203.92477733621695
47.64810688332676, 201.92477733621695
30.648106883326765, 199.92477733621695
62.64810688332676, 219.92477733621695
32.64810688332676, 251.92477733621695
23.64810688332677, 290.92477733621695
-2.3518931166732346, 233.92477733621695
-30.35189311667323, 143.92477733621695
-38.35189311667324, 148.92477733621695
-104.35189311667324, 139.92477733621695
-128.35189311667324, 101.92477733621695
-99.35189311667324, 162.92477733621695
-130.35189311667324, 186.92477733621695
-142.35189311667324, 238.92477733621695
-174.35189311667324, 190.92477733621695
-159.35189311667324, 197.92477733621695
-199.35189311667324, 104.92477733621695
-168.35189311667324, -9.075222663783045
-200.35189311667324, -33.075222663783045
-174.35189311667324, -68.07522266378305
-176.35189311667324, -77.07522266378305
-172.35189311667324, -65.07522266378304
-148.35189311667324, -110.07522266378305
-131.35189311667324, -171.07522266378305
-129.35189311667324, -162.07522266378305
-134.35189311667324, -191.07522266378305
-73.35189311667324, -249.07522266378305
-52.35189311667324, -235.07522266378305
-21.35189311667323, -241.07522266378305
-0.35189311667323464, -247.07522266378305
-21.35189311667323, -234.07522266378305
36.64810688332676, -241.07522266378305
14.648106883326767, -227.07522266378305
127.64810688332676, -249.07522266378305
65.64810688332676, -272.07522266378305
90.64810688332676, -257.07522266378305
109.64810688332676, -227.07522266378305
161.64810688332676, -149.07522266378305
162.64810688332676, -97.07522266378305
171.64810688332676, -121.07522266378305
129.64810688332676, -133.07522266378305
233.64810688332676, -92.07522266378305
149.64810688332676, -117.07522266378305
155.64810688332676, -31.075222663783045
137.64810688332676, 28.924777336216955
84.64810688332676, 78.92477733621695
60.64810688332676, 111.92477733621695
63.64810688332676, 92.92477733621695
61.64810688332676, 15.924777336216955
19.64810688332677, 87.92477733621695
-27.35189311667323, 178.92477733621695
-19.35189311667323, 158.92477733621695
-46.35189311667324, 176.92477733621695
-90.35189311667324, 202.92477733621695
-32.35189311667323, 90.92477733621695
-36.35189311667324, 61.92477733621696
20.64810688332677, -23.075222663783045
-23.35189311667323, 20.924777336216955
0.6481068833267651, -9.075222663783045
7.648106883326765, -19.075222663783045
7.648106883326765, -20.075222663783045
9.648106883326765, -20.075222663783045
9.648106883326765, -20.075222663783045
9.648106883326765, -19.075222663783045
8.648106883326765, -18.075222663783045
9.648106883326765, -19.075222663783045
8.648106883326765, -19.075222663783045
data
-11.0, 15.0
-12.0, 19.0
-14.0, 12.0
-12.0, 15.0
-12.0, 16.0
-13.0, 16.0
-10.0, 15.0
-11.0, 15.0
-11.0, 15.0
-13.0, 15.0
-15.0, 15.0
-12.0, 20.0
-13.0, 13.0
-12.0, 14.0
-12.0, 17.0
-11.0, 15.0
-14.0, 17.0
-12.0, 17.0
-3.0, 24.0
-11.0, 14.0
-14.0, 13.0
-13.0, 15.0
-14.0, 17.0
-13.0, 17.0
-13.0, 17.0
-13.0, 16.0
-12.0, 15.0
-12.0, 15.0
-12.0, 15.0
-13.0, 16.0
-12.0, 16.0
-13.0, 14.0
-12.0, 15.0
-11.0, 16.0
-12.0, 16.0
-13.0, 16.0
-14.0, 15.0
-13.0, 16.0
-13.0, 17.0
-12.0, 16.0
-11.0, 16.0
-12.0, 15.0
-12.0, 16.0
-12.0, 16.0
-12.0, 16.0
-12.0, 16.0
-12.0, 16.0
-12.0, 16.0
-11.0, 16.0
-12.0, 15.0
-12.0, 16.0
-11.0, 17.0
-12.0, 16.0
-12.0, 15.0
-13.0, 16.0
-12.0, 15.0
-12.0, 15.0
-13.0, 16.0
-14.0, 16.0
-12.0, 16.0
-12.0, 16.0
-13.0, 15.0
-13.0, 16.0
-12.0, 16.0
-13.0, 15.0
-13.0, 16.0
-13.0, 16.0
-14.0, 16.0
-20.0, 19.0
-7.0, 14.0
-94.0, 59.0
-35.0, 31.999999999999996
-91.0, 7.0
-130.0, 25.0
-67.0, 11.0
-127.0, 28.0
-110.0, 17.0
-96.0, 3.0
-124.0, -23.0
-98.0, -76.0
-134.0, -105.0
-133.0, -71.0
-146.0, -72.0
-154.0, -66.0
-178.0, -78.0
-162.0, -133.0
-97.0, -169.0
-118.0, -205.0
-110.0, -270.0
-98.0, -295.0
-106.0, -291.0
-88.0, -260.0
-91.0, -242.0
-45.0, -229.0
-48.0, -284.0
-44.0, -318.0
-18.0, -350.0
-27.0, -388.0
26.0, -337.0
33.0, -346.0
6.0, -415.0
104.0, -456.0
230.0, -346.0
283.0, -260.0
301.0, -249.0
353.0, -192.0
301.0, -172.0
277.0, -147.0
235.0, -14.0
221.0, 62.0
186.0, 244.0
169.0, 305.0
110.0, 445.0
87.0, 522.0
89.0, 543.0
19.0, 599.0
14.999999999999998, 648.0
21.0, 561.0
30.0, 496.0
24.0, 442.0
-14.0, 441.0
-42.0, 465.0
-50.0, 460.0
-3.0, 207.0
4.0, 155.0
2.0, 179.0
-2.0, 165.0
32.0, 160.0
40.0, 129.0
58.0, 121.0
5.0, 30.999999999999996
-10.0, 15.0
-10.0, 15.0
-12.0, 16.0
-11.0, 16.0
-11.0, 15.0
-10.0, 15.0
-10.0, 16.0
-10.0, 16.0
-11.0, 17.0
-11.0, 17.0
-11.0, 16.0
-11.0, 16.0
-11.0, 15.0
-10.0, 16.0
-10.0, 17.0
-10.0, 16.0
-9.0, 15.0
-12.0, 16.0
-13.0, 16.0
-12.0, 16.0
-10.0, 17.0
data
-11.0, -18.075222663783045
-12.0, -22.075222663783045
-14.0, -15.075222663783045
-12.0, -18.075222663783045
-12.0, -19.075222663783045
-13.0, -19.075222663783045
-10.0, -18.075222663783045
-11.0, -18.075222663783045
-11.0, -18.075222663783045
-13.0, -18.075222663783045
-15.0, -18.075222663783045
-12.0, -23.075222663783045
-13.0, -16.075222663783045
-12.0, -17.075222663783045
-12.0, -20.075222663783045
-11.0, -18.075222663783045
-14.0, -20.075222663783045
-12.0, -20.075222663783045
-3.0, -27.075222663783045
-11.0, -17.075222663783045
-14.0, -16.075222663783045
-13.0, -18.075222663783045
-14.0, -20.075222663783045
-13.0, -20.075222663783045
-13.0, -20.075222663783045
-13.0, -19.075222663783045
-12.0, -18.075222663783045
-12.0, -18.075222663783045
-12.0, -18.075222663783045
-13.0, -19.075222663783045
-12.0, -19.075222663783045
-13.0, -17.075222663783045
-12.0, -18.075222663783045
-11.0, -19.075222663783045
-12.0, -19.075222663783045
-13.0, -19.075222663783045
-14.0, -18.075222663783045
-13.0, -19.075222663783045
-13.0, -20.075222663783045
-12.0, -19.075222663783045
-11.0, -19.075222663783045
-12.0, -18.075222663783045
-12.0, -19.075222663783045
-12.0, -19.075222663783045
-12.0, -19.075222663783045
-12.0, -19.075222663783045
-12.0, -19.075222663783045
-12.0, -19.075222663783045
-11.0, -19.075222663783045
-12.0, -18.075222663783045
-12.0, -19.075222663783045
-11.0, -20.075222663783045
-12.0, -19.075222663783045
-12.0, -18.075222663783045
-13.0, -19.075222663783045
-12.0, -18.075222663783045
-12.0, -18.075222663783045
-13.0, -19.075222663783045
-14.0, -19.075222663783045
-12.0, -19.075222663783045
-12.0, -19.075222663783045
-13.0, -18.075222663783045
-13.0, -19.075222663783045
-12.0, -19.075222663783045
-13.0, -18.075222663783045
-13.0, -19.075222663783045
-13.0, -19.075222663783045
-14.0, -19.075222663783045
-20.0, -22.075222663783045
-7.0, -17.075222663783045
-94.0, -62.07522266378304
-35.0, -35.07522266378304
-91.0, -10.075222663783045
-130.0, -28.075222663783045
-67.0, -14.075222663783045
-127.0, -31.075222663783045
-110.0, -20.075222663783045
-96.0, -6.075222663783045
-124.0, 19.924777336216955
-98.0, 72.92477733621695
-134.0, 101.92477733621695
-133.0, 67.92477733621695
-146.0, 68.92477733621695
-154.0, 62.924777336216955
-178.0, 74.92477733621695
-162.0, 129.92477733621695
-97.0, 165.92477733621695
-118.0, 201.92477733621695
-110.0, 266.92477733621695
-98.0, 291.92477733621695
-106.0, 287.92477733621695
-88.0, 256.92477733621695
-91.0, 238.92477733621695
-45.0, 225.92477733621695
-48.0, 280.92477733621695
-44.0, 314.92477733621695
-18.0, 346.92477733621695
-27.0, 384.92477733621695
26.0, 333.92477733621695
33.0, 342.92477733621695
6.0, 411.92477733621695
104.0, 452.92477733621695
230.0, 342.92477733621695
283.0, 256.92477733621695
301.0, 245.92477733621695
353.0, 188.92477733621695
301.0, 168.92477733621695
277.0, 143.92477733621695
235.0, 10.924777336216955
221.0, -65.07522266378304
186.0, -247.07522266378305
169.0, -308.07522266378305
110.0, -448.07522266378305
87.0, -525.075222663783
89.0, -546.075222663783
19.0, -602.075222663783
14.999999999999998, -651.075222663783
21.0, -564.075222663783
30.0, -499.07522266378305
24.0, -445.07522266378305
-14.0, -444.07522266378305
-42.0, -468.07522266378305
-50.0, -463.07522266378305
-3.0, -210.07522266378305
4.0, -158.07522266378305
2.0, -182.07522266378305
-2.0, -168.07522266378305
32.0, -163.07522266378305
40.0, -132.07522266378305
58.0, -124.07522266378305
5.0, -34.07522266378304
-10.0, -18.075222663783045
-10.0, -18.075222663783045
-12.0, -19.075222663783045
-11.0, -19.075222663783045
-11.0, -18.075222663783045
-10.0, -18.075222663783045
-10.0, -19.075222663783045
-10.0, -19.075222663783045
-11.0, -20.075222663783045
-11.0, -20.075222663783045
-11.0, -19.075222663783045
-11.0, -19.075222663783045
-11.0, -18.075222663783045
-10.0, -19.075222663783045
-10.0, -20.075222663783045
-10.0, -19.075222663783045
-9.0, -18.075222663783045
-12.0, -19.075222663783045
-13.0, -19.075222663783045
-12.0, -19.075222663783045
-10.0, -20.075222663783045
data
7.648106883326765, 15.0
8.648106883326765, 19.0
10.648106883326765, 12.0
8.648106883326765, 15.0
8.648106883326765, 16.0
9.648106883326765, 16.0
6.648106883326765, 15.0
7.648106883326765, 15.0
7.648106883326765, 15.0
9.648106883326765, 15.0
11.648106883326765, 15.0
8.648106883326765, 20.0
9.648106883326765, 13.0
8.648106883326765, 14.0
8.648106883326765, 17.0
7.648106883326765, 15.0
10.648106883326765, 17.0
8.648106883326765, 17.0
-0.35189311667323464, 24.0
7.648106883326765, 14.0
10.648106883326765, 13.0
9.648106883326765, 15.0
10.648106883326765, 17.0
9.648106883326765, 17.0
9.648106883326765, 17.0
9.648106883326765, 16.0
8.648106883326765, 15.0
8.648106883326765, 15.0
8.648106883326765, 15.0
9.648106883326765, 16.0
8.648106883326765, 16.0
9.648106883326765, 14.0
8.648106883326765, 15.0
7.648106883326765, 16.0
8.648106883326765, 16.0
9.648106883326765, 16.0
10.648106883326765, 15.0
9.648106883326765, 16.0
9.648106883326765, 17.0
8.648106883326765, 16.0
7.648106883326765, 16.0
8.648106883326765, 15.0
8.648106883326765, 16.0
8.648106883326765, 16.0
8.648106883326765, 16.0
8.648106883326765, 16.0
8.648106883326765, 16.0
8.648106883326765, 16.0
7.648106883326765, 16.0
8.648106883326765, 15.0
8.648106883326765, 16.0
7.648106883326765, 17.0
8.648106883326765, 16.0
8.648106883326765, 15.0
9.648106883326765, 16.0
8.648106883326765, 15.0
8.648106883326765, 15.0
9.648106883326765, 16.0
10.648106883326765, 16.0
8.648106883326765, 16.0
8.648106883326765, 16.0
9.648106883326765, 15.0
9.648106883326765, 16.0
8.648106883326765, 16.0
9.648106883326765, 15.0
9.648106883326765, 16.0
9.648106883326765, 16.0
10.648106883326765, 16.0
16.64810688332677, 19.0
3.648106883326765, 14.0
90.64810688332676, 59.0
31.648106883326765, 31.999999999999996
87.64810688332676, 7.0
126.64810688332676, 25.0
63.64810688332676, 11.0
123.64810688332676, 28.0
106.64810688332676, 17.0
92.64810688332676, 3.0
120.64810688332676, -23.0
94.64810688332676, -76.0
130.64810688332676, -105.0
129.64810688332676, -71.0
142.64810688332676, -72.0
150.64810688332676, -66.0
174.64810688332676, -78.0
158.64810688332676, -133.0
93.64810688332676, -169.0
114.64810688332676, -205.0
106.64810688332676, -270.0
94.64810688332676, -295.0
102.64810688332676, -291.0
84.64810688332676, -260.0
87.64810688332676, -242.0
41.64810688332676, -229.0
44.64810688332676, -284.0
40.64810688332676, -318.0
14.648106883326767, -350.0
23.64810688332677, -388.0
-29.35189311667323, -337.0
-36.35189311667324, -346.0
-9.351893116673235, -415.0
-107.35189311667324, -456.0
-233.35189311667324, -346.0
-286.3518931166732, -260.0
-304.3518931166732, -249.0
-356.3518931166732, -192.0
-304.3518931166732, -172.0
-280.3518931166732, -147.0
-238.35189311667324, -14.0
-224.35189311667324, 62.0
-189.35189311667324, 244.0
-172.35189311667324, 305.0
-113.35189311667324, 445.0
-90.35189311667324, 522.0
-92.35189311667324, 543.0
-22.35189311667323, 599.0
-18.35189311667323, 648.0
-24.35189311667323, 561.0
-33.35189311667323, 496.0
-27.35189311667323, 442.0
10.648106883326765, 441.0
38.64810688332676, 465.0
46.64810688332676, 460.0
-0.35189311667323464, 207.0
-7.351893116673235, 155.0
-5.351893116673235, 179.0
-1.3518931166732346, 165.0
-35.35189311667324, 160.0
-43.35189311667324, 129.0
-61.35189311667324, 121.0
-8.351893116673235, 30.999999999999996
6.648106883326765, 15.0
6.648106883326765, 15.0
8.648106883326765, 16.0
7.648106883326765, 16.0
7.648106883326765, 15.0
6.648106883326765, 15.0
6.648106883326765, 16.0
6.648106883326765, 16.0
7.648106883326765, 17.0
7.648106883326765, 17.0
7.648106883326765, 16.0
7.648106883326765, 16.0
7.648106883326765, 15.0
6.648106883326765, 16.0
6.648106883326765, 17.0
6.648106883326765, 16.0
5.648106883326765, 15.0
8.648106883326765, 16.0
9.648106883326765, 16.0
8.648106883326765, 16.0
6.648106883326765, 17.0
data
7.648106883326765, -18.075222663783045
8.648106883326765, -22.075222663783045
10.648106883326765, -15.075222663783045
8.648106883326765, -18.075222663783045
8.648106883326765, -19.075222663783045
9.648106883326765, -19.075222663783045
6.648106883326765, -18.075222663783045
7.648106883326765, -18.075222663783045
7.648106883326765, -18.075222663783045
9.648106883326765, -18.075222663783045
11.648106883326765, -18.075222663783045
8.648106883326765, -23.075222663783045
9.648106883326765, -16.075222663783045
8.648106883326765, -17.075222663783045
8.648106883326765, -20.075222663783045
7.648106883326765, -18.075222663783045
10.648106883326765, -20.075222663783045
8.648106883326765, -20.075222663783045
-0.35189311667323464, -27.075222663783045
7.648106883326765, -17.075222663783045
10.648106883326765, -16.075222663783045
9.648106883326765, -18.075222663783045
10.648106883326765, -20.075222663783045
9.648106883326765, -20.075222663783045
9.648106883326765, -20.075222663783045
9.648106883326765, -19.075222663783045
8.648106883326765, -18.075222663783045
8.648106883326765, -18.075222663783045
8.648106883326765, -18.075222663783045
9.648106883326765, -19.075222663783045
8.648106883326765, -19.075222663783045
9.648106883326765, -17.075222663783045
8.648106883326765, -18.075222663783045
7.648106883326765, -19.075222663783045
8.648106883326765, -19.075222663783045
9.648106883326765, -19.075222663783045
10.648106883326765, -18.075222663783045
9.648106883326765, -19.075222663783045
9.648106883326765, -20.075222663783045
8.648106883326765, -19.075222663783045
7.648106883326765, -19.075222663783045
8.648106883326765, -18.075222663783045
8.648106883326765, -19.075222663783045
8.648106883326765, -19.075222663783045
8.648106883326765, -19.075222663783045
8.648106883326765, -19.075222663783045
8.648106883326765, -19.075222663783045
8.648106883326765, -19.075222663783045
7.648106883326765, -19.075222663783045
8.648106883326765, -18.075222663783045
8.648106883326765, -19.075222663783045
7.648106883326765, -20.075222663783045
8.648106883326765, -19.075222663783045
8.648106883326765, -18.075222663783045
9.648106883326765, -19.075222663783045
8.648106883326765, -18.075222663783045
8.648106883326765, -18.075222663783045
9.648106883326765, -19.075222663783045
10.648106883326765, -19.075222663783045
8.648106883326765, -19.075222663783045
8.648106883326765, -19.075222663783045
9.648106883326765, -18.075222663783045
9.648106883326765, -19.075222663783045
8.648106883326765, -19.075222663783045
9.648106883326765, -18.075222663783045
9.648106883326765, -19.075222663783045
9.648106883326765, -19.075222663783045
10.648106883326765, -19.075222663783045
16.64810688332677, -22.075222663783045
3.648106883326765, -17.075222663783045
90.64810688332676, -62.07522266378304
31.648106883326765, -35.07522266378304
87.64810688332676, -10.075222663783045
126.64810688332676, -28.075222663783045
63.64810688332676, -14.075222663783045
123.64810688332676, -31.075222663783045
106.64810688332676, -20.075222663783045
92.64810688332676, -6.075222663783045
120.64810688332676, 19.924777336216955
94.64810688332676, 72.92477733621695
130.64810688332676, 101.92477733621695
129.64810688332676, 67.92477733621695
142.64810688332676, 68.92477733621695
150.64810688332676, 62.924777336216955
174.64810688332676, 74.92477733621695
158.64810688332676, 129.92477733621695
93.64810688332676, 165.92477733621695
114.64810688332676, 201.92477733621695
106.64810688332676, 266.92477733621695
94.64810688332676, 291.92477733621695
102.64810688332676, 287.92477733621695
84.64810688332676, 256.92477733621695
87.64810688332676, 238.92477733621695
41.64810688332676, 225.92477733621695
44.64810688332676, 280.92477733621695
40.64810688332676, 314.92477733621695
14.648106883326767, 346.92477733621695
23.64810688332677, 384.92477733621695
-29.35189311667323, 333.92477733621695
-36.35189311667324, 342.92477733621695
-9.351893116673235, 411.92477733621695
-107.35189311667324, 452.92477733621695
-233.35189311667324, 342.92477733621695
-286.3518931166732, 256.92477733621695
-304.3518931166732, 245.92477733621695
-356.3518931166732, 188.92477733621695
-304.3518931166732, 168.92477733621695
-280.3518931166732, 143.92477733621695
-238.35189311667324, 10.924777336216955
-224.35189311667324, -65.07522266378304
-189.35189311667324, -247.07522266378305
-172.35189311667324, -308.07522266378305
-113.35189311667324, -448.07522266378305
-90.35189311667324, -525.075222663783
-92.35189311667324, -546.075222663783
-22.35189311667323, -602.075222663783
-18.35189311667323, -651.075222663783
-24.35189311667323, -564.075222663783
-33.35189311667323, -499.07522266378305
-27.35189311667323, -445.07522266378305
10.648106883326765, -444.07522266378305
38.64810688332676, -468.07522266378305
46.64810688332676, -463.07522266378305
-0.35189311667323464, -210.07522266378305
-7.351893116673235, -158.07522266378305
-5.351893116673235, -182.07522266378305
-1.3518931166732346, -168.07522266378305
-35.35189311667324, -163.07522266378305
-43.35189311667324, -132.07522266378305
-61.35189311667324, -124.07522266378305
-8.351893116673235, -34.07522266378304
6.648106883326765, -18.075222663783045
6.648106883326765, -18.075222663783045
8.648106883326765, -19.075222663783045
7.648106883326765, -19.075222663783045
7.648106883326765, -18.075222663783045
6.648106883326765, -18.075222663783045
6.648106883326765, -19.075222663783045
6.648106883326765, -19.075222663783045
7.648106883326765, -20.075222663783045
7.648106883326765, -20.075222663783045
7.648106883326765, -19.075222663783045
7.648106883326765, -19.075222663783045
7.648106883326765, -18.075222663783045
6.648106883326765, -19.075222663783045
6.648106883326765, -20.075222663783045
6.648106883326765, -19.075222663783045
5.648106883326765, -18.075222663783045
8.648106883326765, -19.075222663783045
9.648106883326765, -19.075222663783045
8.648106883326765, -19.075222663783045
6.648106883326765, -20.075222663783045
data
-11.0, 15.0
-9.0, 11.0
-13.0, 17.0
-11.0, 16.0
-11.0, 15.0
-9.0, 16.0
-9.0, 17.0
-11.0, 16.0
-14.0, 16.0
-12.0, 14.0
-11.0, 22.0
-10.0, 6.0
-10.0, 12.0
-10.0, 18.0
-11.0, 13.0
-3.0, 17.0
-7.0, 13.0
6.0, 13.0
96.0, 4.0
108.0, 7.0
70.0, 5.0
130.0, -51.0
71.0, -39.0
110.0, -46.0
128.0, -52.0
114.0, -57.0
147.0, -87.0
150.0, -134.0
140.0, -180.0
155.0, -199.0
127.0, -138.0
94.0, -92.0
140.0, -68.0
85.0, -61.0
95.0, -39.0
50.0, 5.0
91.0, -3.0
31.000000000000004, 35.0
4.0, 58.0
-5.0, 80.0
6.0, 47.0
-46.0, 53.0
-68.0, 52.0
-54.0, 68.0
-71.0, 19.0
-101.0, 62.0
-111.0, 71.0
-127.0, 73.0
-94.0, 80.0
-151.0, 73.0
-130.0, 83.0
-80.0, 34.0
-94.0, -8.0
-165.0, 89.0
-235.0, 226.0
-281.0, 285.0
-287.0, 328.0
-81.0, 148.0
-132.0, 93.0
-130.0, 62.0
-146.0, 39.0
-34.0, 6.0
-16.0, -31.0
-24.0, 17.0
-10.0, 16.0
-8.0, 14.0
-12.0, 14.0
-8.0, 10.0
-12.0, 12.0
-11.0, 13.0
-11.0, 15.0
-12.0, 15.0
-13.0, 14.0
-12.0, 14.0
-13.0, 15.0
-10.0, 15.0
-12.0, 16.0
-10.0, 15.0
-13.0, 14.0
-11.0, 14.0
-10.0, 8.0
-12.0, 15.0
-13.0, 13.0
-12.0, 15.0
-13.0, 15.0
-11.0, 14.0
-11.0, 14.0
-11.0, 15.0
-13.0, 12.0
-12.0, 13.0
-12.0, 13.0
-13.0, 13.0
-12.0, 14.0
-12.0, 15.0
-12.0, 16.0
-13.0, 13.0
-11.0, 14.0
-13.0, 13.0
-12.0, 13.0
-12.0, 13.0
-12.0, 15.0
-13.0, 14.0
-13.0, 13.0
-12.0, 13.0
-11.0, 15.0
-12.0, 14.0
-13.0, 15.0
-12.0, 14.0
-13.0, 14.0
-10.0, 14.0
-12.0, 14.0
-13.0, 14.0
-12.0, 15.0
-12.0, 12.0
-13.0, 16.0
-13.0, 13.0
-12.0, 16.0
-14.0, 14.0
-12.0, 13.0
-10.0, 12.0
-12.0, 14.0
-11.0, 15.0
-11.0, 14.0
-12.0, 13.0
-12.0, 15.0
-11.0, 15.0
-11.0, 12.0
-13.0, 14.0
-13.0, 14.0
-13.0, 14.0
-11.0, 14.0
-11.0, 15.0
-11.0, 14.0
-12.0, 15.0
-12.0, 14.0
-12.0, 16.0
-13.0, 15.0
-12.0, 13.0
-11.0, 14.0
-13.0, 14.0
-13.0, 14.0
-13.0, 15.0
-12.0, 13.0
-11.0, 13.0
-11.0, 14.0
-12.0, 13.0
-12.0, 13.0
-12.0, 14.0
-12.0, 15.0
-12.0, 15.0
-11.0, 15.0
data
-11.0, -18.075222663783045
-9.0, -14.075222663783045
-13.0, -20.075222663783045
-11.0, -19.075222663783045
-11.0, -18.075222663783045
-9.0, -19.075222663783045
-9.0, -20.075222663783045
-11.0, -19.075222663783045
-14.0, -19.075222663783045
-12.0, -17.075222663783045
-11.0, -25.075222663783045
-10.0, -9.075222663783045
-10.0, -15.075222663783045
-10.0, -21.075222663783045
-11.0, -16.075222663783045
-3.0, -20.075222663783045
-7.0, -16.075222663783045
6.0, -16.075222663783045
96.0, -7.075222663783045
108.0, -10.075222663783045
70.0, -8.075222663783045
130.0, 47.92477733621696
71.0, 35.92477733621696
110.0, 42.92477733621696
128.0, 48.92477733621696
114.0, 53.92477733621696
147.0, 83.92477733621695
150.0, 130.92477733621695
140.0, 176.92477733621695
155.0, 195.92477733621695
127.0, 134.92477733621695
94.0, 88.92477733621695
140.0, 64.92477733621695
85.0, 57.92477733621696
95.0, 35.92477733621696
50.0, -8.075222663783045
91.0, -0.07522266378304421
31.000000000000004, -38.07522266378304
4.0, -61.07522266378304
-5.0, -83.07522266378305
6.0, -50.07522266378304
-46.0, -56.07522266378304
-68.0, -55.07522266378304
-54.0, -71.07522266378305
-71.0, -22.075222663783045
-101.0, -65.07522266378304
-111.0, -74.07522266378305
-127.0, -76.07522266378305
-94.0, -83.07522266378305
-151.0, -76.07522266378305
-130.0, -86.07522266378305
-80.0, -37.07522266378304
-94.0, 4.924777336216955
-165.0, -92.07522266378305
-235.0, -229.07522266378305
-281.0, -288.07522266378305
-287.0, -331.07522266378305
-81.0, -151.07522266378305
-132.0, -96.07522266378305
-130.0, -65.07522266378304
-146.0, -42.07522266378304
-34.0, -9.075222663783045
-16.0, 27.924777336216955
-24.0, -20.075222663783045
-10.0, -19.075222663783045
-8.0, -17.075222663783045
-12.0, -17.075222663783045
-8.0, -13.075222663783045
-12.0, -15.075222663783045
-11.0, -16.075222663783045
-11.0, -18.075222663783045
-12.0, -18.075222663783045
-13.0, -17.075222663783045
-12.0, -17.075222663783045
-13.0, -18.075222663783045
-10.0, -18.075222663783045
-12.0, -19.075222663783045
-10.0, -18.075222663783045
-13.0, -17.075222663783045
-11.0, -17.075222663783045
-10.0, -11.075222663783045
-12.0, -18.075222663783045
-13.0, -16.075222663783045
-12.0, -18.075222663783045
-13.0, -18.075222663783045
-11.0, -17.075222663783045
-11.0, -17.075222663783045
-11.0, -18.075222663783045
-13.0, -15.075222663783045
-12.0, -16.075222663783045
-12.0, -16.075222663783045
-13.0, -16.075222663783045
-12.0, -17.075222663783045
-12.0, -18.075222663783045
-12.0, -19.075222663783045
-13.0, -16.075222663783045
-11.0, -17.075222663783045
-13.0, -16.075222663783045
-12.0, -16.075222663783045
-12.0, -16.075222663783045
-12.0, -18.075222663783045
-13.0, -17.075222663783045
-13.0, -16.075222663783045
-12.0, -16.075222663783045
-11.0, -18.075222663783045
-12.0, -17.075222663783045
-13.0, -18.075222663783045
-12.0, -17.075222663783045
-13.0, -17.075222663783045
-10.0, -17.075222663783045
-12.0, -17.075222663783045
-13.0, -17.075222663783045
-12.0, -18.075222663783045
-12.0, -15.075222663783045
-13.0, -19.075222663783045
-13.0, -16.075222663783045
-12.0, -19.075222663783045
-14.0, -17.075222663783045
-12.0, -16.075222663783045
-10.0, -15.075222663783045
-12.0, -17.075222663783045
-11.0, -18.075222663783045
-11.0, -17.075222663783045
-12.0, -16.075222663783045
-12.0, -18.075222663783045
-11.0, -18.075222663783045
-11.0, -15.075222663783045
-13.0, -17.075222663783045
-13.0, -17.075222663783045
-13.0, -17.075222663783045
-11.0, -17.075222663783045
-11.0, -18.075222663783045
-11.0, -17.075222663783045
-12.0, -18.075222663783045
-12.0, -17.075222663783045
-12.0, -19.075222663783045
-13.0, -18.075222663783045
-12.0, -16.075222663783045
-11.0, -17.075222663783045
-13.0, -17.075222663783045
-13.0, -17.075222663783045
-13.0, -18.075222663783045
-12.0, -16.075222663783045
-11.0, -16.075222663783045
-11.0, -17.075222663783045
-12.0, -16.075222663783045
-12.0, -16.075222663783045
-12.0, -17.075222663783045
-12.0, -18.075222663783045
-12.0, -18.075222663783045
-11.0, -18.075222663783045
data
7.648106883326765, 15.0
5.648106883326765, 11.0
9.648106883326765, 17.0
7.648106883326765, 16.0
7.648106883326765, 15.0
5.648106883326765, 16.0
5.648106883326765, 17.0
7.648106883326765, 16.0
10.648106883326765, 16.0
8.648106883326765, 14.0
7.648106883326765, 22.0
6.648106883326765, 6.0
6.648106883326765, 12.0
6.648106883326765, 18.0
7.648106883326765, 13.0
-0.35189311667323464, 17.0
3.648106883326765, 13.0
-9.351893116673235, 13.0
-99.35189311667324, 4.0
-111.35189311667324, 7.0
-73.35189311667324, 5.0
-133.35189311667324, -51.0
-74.35189311667324, -39.0
-113.35189311667324, -46.0
-131.35189311667324, -52.0
-117.35189311667324, -57.0
-150.35189311667324, -87.0
-153.35189311667324, -134.0
-143.35189311667324, -180.0
-158.35189311667324, -199.0
-130.35189311667324, -138.0
-97.35189311667324, -92.0
-143.35189311667324, -68.0
-88.35189311667324, -61.0
-98.35189311667324, -39.0
-53.35189311667324, 5.0
-94.35189311667324, -3.0
-34.35189311667324, 35.0
-7.351893116673235, 58.0
1.6481068833267651, 80.0
-9.351893116673235, 47.0
42.64810688332676, 53.0
64.64810688332676, 52.0
50.64810688332676, 68.0
67.64810688332676, 19.0
97.64810688332676, 62.0
107.64810688332676, 71.0
123.64810688332676, 73.0
90.64810688332676, 80.0
147.64810688332676, 73.0
126.64810688332676, 83.0
76.64810688332676, 34.0
90.64810688332676, -8.0
161.64810688332676, 89.0
231.64810688332676, 226.0
277.6481068833268, 285.0
283.6481068833268, 328.0
77.64810688332676, 148.0
128.64810688332676, 93.0
126.64810688332676, 62.0
142.64810688332676, 39.0
30.648106883326765, 6.0
12.648106883326765, -31.0
20.64810688332677, 17.0
6.648106883326765, 16.0
4.648106883326765, 14.0
8.648106883326765, 14.0
4.648106883326765, 10.0
8.648106883326765, 12.0
7.648106883326765, 13.0
7.648106883326765, 15.0
8.648106883326765, 15.0
9.648106883326765, 14.0
8.648106883326765, 14.0
9.648106883326765, 15.0
6.648106883326765, 15.0
8.648106883326765, 16.0
6.648106883326765, 15.0
9.648106883326765, 14.0
7.648106883326765, 14.0
6.648106883326765, 8.0
8.648106883326765, 15.0
9.648106883326765, 13.0
8.648106883326765, 15.0
9.648106883326765, 15.0
7.648106883326765, 14.0
7.648106883326765, 14.0
7.648106883326765, 15.0
9.648106883326765, 12.0
8.648106883326765, 13.0
8.648106883326765, 13.0
9.648106883326765, 13.0
8.648106883326765, 14.0
8.648106883326765, 15.0
8.648106883326765, 16.0
9.648106883326765, 13.0
7.648106883326765, 14.0
9.648106883326765, 13.0
8.648106883326765, 13.0
8.648106883326765, 13.0
8.648106883326765, 15.0
9.648106883326765, 14.0
9.648106883326765, 13.0
8.648106883326765, 13.0
7.648106883326765, 15.0
8.648106883326765, 14.0
9.648106883326765, 15.0
8.648106883326765, 14.0
9.648106883326765, 14.0
6.648106883326765, 14.0
8.648106883326765, 14.0
9.648106883326765, 14.0
8.648106883326765, 15.0
8.648106883326765, 12.0
9.648106883326765, 16.0
9.648106883326765, 13.0
8.648106883326765, 16.0
10.648106883326765, 14.0
8.648106883326765, 13.0
6.648106883326765, 12.0
8.648106883326765, 14.0
7.648106883326765, 15.0
7.648106883326765, 14.0
8.648106883326765, 13.0
8.648106883326765, 15.0
7.648106883326765, 15.0
7.648106883326765, 12.0
9.648106883326765, 14.0
9.648106883326765, 14.0
9.648106883326765, 14.0
7.648106883326765, 14.0
7.648106883326765, 15.0
7.648106883326765, 14.0
8.648106883326765, 15.0
8.648106883326765, 14.0
8.648106883326765, 16.0
9.648106883326765, 15.0
8.648106883326765, 13.0
7.648106883326765, 14.0
9.648106883326765, 14.0
9.648106883326765, 14.0
9.648106883326765, 15.0
8.648106883326765, 13.0
7.648106883326765, 13.0
7.648106883326765, 14.0
8.648106883326765, 13.0
8.648106883326765, 13.0
8.648106883326765, 14.0
8.648106883326765, 15.0
8.648106883326765, 15.0
7.648106883326765, 15.0
data
7.648106883326765, -18.075222663783045
5.648106883326765, -14.075222663783045
9.648106883326765, -20.075222663783045
7.648106883326765, -19.075222663783045
7.648106883326765, -18.075222663783045
5.648106883326765, -19.075222663783045
5.648106883326765, -20.075222663783045
7.648106883326765, -19.075222663783045
10.648106883326765, -19.075222663783045
8.648106883326765, -17.075222663783045
7.648106883326765, -25.075222663783045
6.648106883326765, -9.075222663783045
6.648106883326765, -15.075222663783045
6.648106883326765, -21.075222663783045
7.648106883326765, -16.075222663783045
-0.35189311667323464, -20.075222663783045
3.648106883326765, -16.075222663783045
-9.351893116673235, -16.075222663783045
-99.35189311667324, -7.075222663783045
-111.35189311667324, -10.075222663783045
-73.35189311667324, -8.075222663783045
-133.35189311667324, 47.92477733621696
-74.35189311667324, 35.92477733621696
-113.35189311667324, 42.92477733621696
-131.35189311667324, 48.92477733621696
-117.35189311667324, 53.92477733621696
-150.35189311667324, 83.92477733621695
-153.35189311667324, 130.92477733621695
-143.35189311667324, 176.92477733621695
-158.35189311667324, 195.92477733621695
-130.35189311667324, 134.92477733621695
-97.35189311667324, 88.92477733621695
-143.35189311667324, 64.92477733621695
-88.35189311667324, 57.92477733621696
-98.35189311667324, 35.92477733621696
-53.35189311667324, -8.075222663783045
-94.35189311667324, -0.07522266378304421
-34.35189311667324, -38.07522266378304
-7.351893116673235, -61.07522266378304
1.6481068833267651, -83.07522266378305
-9.351893116673235, -50.07522266378304
42.64810688332676, -56.07522266378304
64.64810688332676, -55.07522266378304
50.64810688332676, -71.07522266378305
67.64810688332676, -22.075222663783045
97.64810688332676, -65.07522266378304
107.64810688332676, -74.07522266378305
123.64810688332676, -76.07522266378305
90.64810688332676, -83.07522266378305
147.64810688332676, -76.07522266378305
126.64810688332676, -86.07522266378305
76.64810688332676, -37.07522266378304
90.64810688332676, 4.924777336216955
161.64810688332676, -92.07522266378305
231.64810688332676, -229.07522266378305
277.6481068833268, -288.07522266378305
283.6481068833268, -331.07522266378305
77.64810688332676, -151.07522266378305
128.64810688332676, -96.07522266378305
126.64810688332676, -65.07522266378304
142.64810688332676, -42.07522266378304
30.648106883326765, -9.075222663783045
12.648106883326765, 27.924777336216955
20.64810688332677, -20.075222663783045
6.648106883326765, -19.075222663783045
4.648106883326765, -17.075222663783045
8.648106883326765, -17.075222663783045
4.648106883326765, -13.075222663783045
8.648106883326765, -15.075222663783045
7.648106883326765, -16.075222663783045
7.648106883326765, -18.075222663783045
8.648106883326765, -18.075222663783045
9.648106883326765, -17.075222663783045
8.648106883326765, -17.075222663783045
9.648106883326765, -18.075222663783045
6.648106883326765, -18.075222663783045
8.648106883326765, -19.075222663783045
6.648106883326765, -18.075222663783045
9.648106883326765, -17.075222663783045
7.648106883326765, -17.075222663783045
6.648106883326765, -11.075222663783045
8.648106883326765, -18.075222663783045
9.648106883326765, -16.075222663783045
8.648106883326765, -18.075222663783045
9.648106883326765, -18.075222663783045
7.648106883326765, -17.075222663783045
7.648106883326765, -17.075222663783045
7.648106883326765, -18.075222663783045
9.648106883326765, -15.075222663783045
8.648106883326765, -16.075222663783045
8.648106883326765, -16.075222663783045
9.648106883326765, -16.075222663783045
8.648106883326765, -17.075222663783045
8.648106883326765, -18.075222663783045
8.648106883326765, -19.075222663783045
9.648106883326765, -16.075222663783045
7.648106883326765, -17.075222663783045
9.648106883326765, -16.075222663783045
8.648106883326765, -16.075222663783045
8.648106883326765, -16.075222663783045
8.648106883326765, -18.075222663783045
9.648106883326765, -17.075222663783045
9.648106883326765, -16.075222663783045
8.648106883326765, -16.075222663783045
7.648106883326765, -18.075222663783045
8.648106883326765, -17.075222663783045
9.648106883326765, -18.075222663783045
8.648106883326765, -17.075222663783045
9.648106883326765, -17.075222663783045
6.648106883326765, -17.075222663783045
8.648106883326765, -17.075222663783045
9.648106883326765, -17.075222663783045
8.648106883326765, -18.075222663783045
8.648106883326765, -15.075222663783045
9.648106883326765, -19.075222663783045
9.648106883326765, -16.075222663783045
8.648106883326765, -19.075222663783045
10.648106883326765, -17.075222663783045
8.648106883326765, -16.075222663783045
6.648106883326765, -15.075222663783045
8.648106883326765, -17.075222663783045
7.648106883326765, -18.075222663783045
7.648106883326765, -17.075222663783045
8.648106883326765, -16.075222663783045
8.648106883326765, -18.075222663783045
7.648106883326765, -18.075222663783045
7.648106883326765, -15.075222663783045
9.648106883326765, -17.075222663783045
9.648106883326765, -17.075222663783045
9.648106883326765, -17.075222663783045
7.648106883326765, -17.075222663783045
7.648106883326765, -18.075222663783045
7.648106883326765, -17.075222663783045
8.648106883326765, -18.075222663783045
8.648106883326765, -17.075222663783045
8.648106883326765, -19.075222663783045
9.648106883326765, -18.075222663783045
8.648106883326765, -16.075222663783045
7.648106883326765, -17.075222663783045
9.648106883326765, -17.075222663783045
9.648106883326765, -17.075222663783045
9.648106883326765, -18.075222663783045
8.648106883326765, -16.075222663783045
7.648106883326765, -16.075222663783045
7.648106883326765, -17.075222663783045
8.648106883326765, -16.075222663783045
8.648106883326765, -16.075222663783045
8.648106883326765, -17.075222663783045
8.648106883326765, -18.075222663783045
8.648106883326765, -18.075222663783045
7.648106883326765, -18.075222663783045
data
-12.0, 15.0
-23.0, 0.0
-4.0, 29.0
-13.0, 15.0
-11.0, 16.0
-12.0, 15.0
-12.0, 15.0
-12.0, 13.0
-11.0, 13.0
-12.0, 14.0
-18.0, 17.0
-8.0, 13.0
-12.0, 16.0
-12.0, 19.0
-11.0, 15.0
-14.0, 11.0
-10.0, 15.0
-9.0, 17.0
-15.0, 11.0
-14.0, 14.0
-11.0, 15.0
-12.0, 19.0
-12.0, 18.0
-8.0, 18.0
53.0, 65.0
-34.0, 47.0
12.0, 106.0
59.0, 213.0
33.0, 124.0
100.0, 60.0
60.0, 37.0
99.0, 101.0
97.0, 152.0
53.0, 201.0
85.0, 242.0
88.0, 289.0
85.0, 326.0
37.0, 387.0
-43.0, 289.0
-19.0, 299.0
-46.0, 302.0
-90.0, 325.0
-77.0, 289.0
-82.0, 319.0
-85.0, 160.0
41.0, 132.0
32.0, 95.0
-104.0, 56.0
-280.0, 24.0
-332.0, 56.0
-211.0, 12.0
-127.0, 80.0
-166.0, 101.0
-146.0, 47.0
-235.0, -30.0
-277.0, -59.0
-222.0, -98.0
-261.0, -92.0
-283.0, -114.0
-246.0, -140.0
-178.0, -196.0
-153.0, -168.0
-135.0, -240.0
-128.0, -280.0
-63.0, -349.0
-19.0, -447.0
-82.0, -398.0
-95.0, -391.0
-105.0, -383.0
-175.0, -411.0
-110.0, -411.0
-76.0, -366.0
-23.0, -302.0
231.0, -163.0
582.0, 74.0
214.0, -209.0
373.0, -226.0
261.0, -211.0
185.0, -223.0
158.0, -104.0
148.0, -51.0
204.0, -3.0
318.0, 61.0
275.0, 0.0
266.0, -137.0
188.0, -91.0
144.0, -24.0
366.0, 0.0
273.0, 141.0
173.0, 64.0
204.0, -51.0
248.0, -56.0
169.0, 25.0
163.0, 108.0
213.0, 242.0
171.0, 271.0
125.0, 304.0
222.0, 278.0
160.0, 227.0
92.0, 228.0
22.0, 275.0
-36.0, 338.0
-80.0, 385.0
-68.0, 362.0
-116.0, 338.0
-54.0, 293.0
-180.0, 227.0
-180.0, 238.0
-282.0, 194.0
-229.0, 146.0
-244.0, 39.0
-135.0, -36.0
-116.0, -61.0
-122.0, -54.0
-176.0, -28.0
-191.0, -8.0
-180.0, -53.0
-196.0, -74.0
-181.0, -108.0
-141.0, -116.0
-171.0, -128.0
-144.0, -70.0
-170.0, -36.0
-108.0, -60.0
-113.0, -32.0
-131.0, -33.0
-144.0, -9.0
-176.0, -4.0
-153.0, 24.0
-197.0, 49.0
-197.0, 66.0
-196.0, 40.0
-168.0, 69.0
-166.0, 50.0
-113.0, 10.0
0.0, -49.0
63.0, -56.0
132.0, -19.0
152.0, -50.0
64.0, -102.0
60.0, -71.0
58.0, -39.0
87.0, -9.0
102.0, -31.0
214.0, -89.0
168.0, -162.0
246.0, -135.0
214.0, -60.0
220.0, -32.0
204.0, 15.0
176.0, 18.0
204.0, -17.0
217.0, -48.0
223.0, -28.0
167.0, 58.0
216.0, 69.0
253.0, 59.0
263.0, 35.0
267.0, -10.0
252.0, -4.0
210.0, 33.0
146.0, 34.0
128.0, 93.0
51.0, 101.0
85.0, 114.0
14.999999999999998, 79.0
-2.0, 68.0
-42.0, 80.0
-93.0, 67.0
-118.0, 71.0
-163.0, 89.0
-212.0, 121.0
-210.0, 114.0
-272.0, 146.0
-239.0, 119.0
-232.0, 71.0
-223.0, 36.0
-240.0, 10.0
-253.0, -33.0
-275.0, -104.0
-70.0, 61.0
-193.0, -12.0
-104.0, -59.0
-61.0, -27.0
-102.0, -42.0
-91.0, -36.0
-76.0, -10.0
-17.0, 9.0
-13.0, 14.0
-9.0, -2.0
-21.0, 19.0
-11.0, 37.0
-11.0, 17.0
-10.0, 14.0
-11.0, 12.0
-12.0, 14.0
-13.0, 15.0
-13.0, 15.0
-13.0, 14.0
-12.0, 13.0
-13.0, 15.0
-13.0, 15.0
-13.0, 16.0
-12.0, 14.0
-12.0, 14.0
-13.0, 14.0
-14.0, 14.0
-14.0, 14.0
-12.0, 16.0
data
-12.0, -18.075222663783045
-23.0, -3.075222663783044
-4.0, -32.075222663783045
-13.0, -18.075222663783045
-11.0, -19.075222663783045
-12.0, -18.075222663783045
-12.0, -18.075222663783045
-12.0, -16.075222663783045
-11.0, -16.075222663783045
-12.0, -17.075222663783045
-18.0, -20.075222663783045
-8.0, -16.075222663783045
-12.0, -19.075222663783045
-12.0, -22.075222663783045
-11.0, -18.075222663783045
-14.0, -14.075222663783045
-10.0, -18.075222663783045
-9.0, -20.075222663783045
-15.0, -14.075222663783045
-14.0, -17.075222663783045
-11.0, -18.075222663783045
-12.0, -22.075222663783045
-12.0, -21.075222663783045
-8.0, -21.075222663783045
53.0, -68.07522266378305
-34.0, -50.07522266378304
12.0, -109.07522266378305
59.0, -216.07522266378305
33.0, -127.07522266378305
100.0, -63.07522266378304
60.0, -40.07522266378304
99.0, -104.07522266378305
97.0, -155.07522266378305
53.0, -204.07522266378305
85.0, -245.07522266378305
88.0, -292.07522266378305
85.0, -329.07522266378305
37.0, -390.07522266378305
-43.0, -292.07522266378305
-19.0, -302.07522266378305
-46.0, -305.07522266378305
-90.0, -328.07522266378305
-77.0, -292.07522266378305
-82.0, -322.07522266378305
-85.0, -163.07522266378305
41.0, -135.07522266378305
32.0, -98.07522266378305
-104.0, -59.07522266378304
-280.0, -27.075222663783045
-332.0, -59.07522266378304
-211.0, -15.075222663783045
-127.0, -83.07522266378305
-166.0, -104.07522266378305
-146.0, -50.07522266378304
-235.0, 26.924777336216955
-277.0, 55.92477733621696
-222.0, 94.92477733621695
-261.0, 88.92477733621695
-283.0, 110.92477733621695
-246.0, 136.92477733621695
-178.0, 192.92477733621695
-153.0, 164.92477733621695
-135.0, 236.92477733621695
-128.0, 276.92477733621695
-63.0, 345.92477733621695
-19.0, 443.92477733621695
-82.0, 394.92477733621695
-95.0, 387.92477733621695
-105.0, 379.92477733621695
-175.0, 407.92477733621695
-110.0, 407.92477733621695
-76.0, 362.92477733621695
-23.0, 298.92477733621695
231.0, 159.92477733621695
582.0, -77.07522266378305
214.0, 205.92477733621695
373.0, 222.92477733621695
261.0, 207.92477733621695
185.0, 219.92477733621695
158.0, 100.92477733621695
148.0, 47.92477733621696
204.0, -0.07522266378304421
318.0, -64.07522266378304
275.0, -3.075222663783044
266.0, 133.92477733621695
188.0, 87.92477733621695
144.0, 20.924777336216955
366.0, -3.075222663783044
273.0, -144.07522266378305
173.0, -67.07522266378305
204.0, 47.92477733621696
248.0, 52.92477733621696
169.0, -28.075222663783045
163.0, -111.07522266378305
213.0, -245.07522266378305
171.0, -274.07522266378305
125.0, -307.07522266378305
222.0, -281.07522266378305
160.0, -230.07522266378305
92.0, -231.07522266378305
22.0, -278.07522266378305
-36.0, -341.07522266378305
-80.0, -388.07522266378305
-68.0, -365.07522266378305
-116.0, -341.07522266378305
-54.0, -296.07522266378305
-180.0, -230.07522266378305
-180.0, -241.07522266378305
-282.0, -197.07522266378305
-229.0, -149.07522266378305
-244.0, -42.07522266378304
-135.0, 32.92477733621696
-116.0, 57.92477733621696
-122.0, 50.92477733621696
-176.0, 24.924777336216955
-191.0, 4.924777336216955
-180.0, 49.92477733621696
-196.0, 70.92477733621695
-181.0, 104.92477733621695
-141.0, 112.92477733621695
-171.0, 124.92477733621695
-144.0, 66.92477733621695
-170.0, 32.92477733621696
-108.0, 56.92477733621696
-113.0, 28.924777336216955
-131.0, 29.924777336216955
-144.0, 5.924777336216955
-176.0, 0.9247773362169556
-153.0, -27.075222663783045
-197.0, -52.07522266378304
-197.0, -69.07522266378305
-196.0, -43.07522266378304
-168.0, -72.07522266378305
-166.0, -53.07522266378304
-113.0, -13.075222663783045
0.0, 45.92477733621696
63.0, 52.92477733621696
132.0, 15.924777336216955
152.0, 46.92477733621696
64.0, 98.92477733621695
60.0, 67.92477733621695
58.0, 35.92477733621696
87.0, 5.924777336216955
102.0, 27.924777336216955
214.0, 85.92477733621695
168.0, 158.92477733621695
246.0, 131.92477733621695
214.0, 56.92477733621696
220.0, 28.924777336216955
204.0, -18.075222663783045
176.0, -21.075222663783045
204.0, 13.924777336216955
217.0, 44.92477733621696
223.0, 24.924777336216955
167.0, -61.07522266378304
216.0, -72.07522266378305
253.0, -62.07522266378304
263.0, -38.07522266378304
267.0, 6.924777336216955
252.0, 0.9247773362169556
210.0, -36.07522266378304
146.0, -37.07522266378304
128.0, -96.07522266378305
51.0, -104.07522266378305
85.0, -117.07522266378305
14.999999999999998, -82.07522266378305
-2.0, -71.07522266378305
-42.0, -83.07522266378305
-93.0, -70.07522266378305
-118.0, -74.07522266378305
-163.0, -92.07522266378305
-212.0, -124.07522266378305
-210.0, -117.07522266378305
-272.0, -149.07522266378305
-239.0, -122.07522266378305
-232.0, -74.07522266378305
-223.0, -39.07522266378304
-240.0, -13.075222663783045
-253.0, 29.924777336216955
-275.0, 100.92477733621695
-70.0, -64.07522266378304
-193.0, 8.924777336216955
-104.0, 55.92477733621696
-61.0, 23.924777336216955
-102.0, 38.92477733621696
-91.0, 32.92477733621696
-76.0, 6.924777336216955
-17.0, -12.075222663783045
-13.0, -17.075222663783045
-9.0, -1.0752226637830442
-21.0, -22.075222663783045
-11.0, -40.07522266378304
-11.0, -20.075222663783045
-10.0, -17.075222663783045
-11.0, -15.075222663783045
-12.0, -17.075222663783045
-13.0, -18.075222663783045
-13.0, -18.075222663783045
-13.0, -17.075222663783045
-12.0, -16.075222663783045
-13.0, -18.075222663783045
-13.0, -18.075222663783045
-13.0, -19.075222663783045
-12.0, -17.075222663783045
-12.0, -17.075222663783045
-13.0, -17.075222663783045
-14.0, -17.075222663783045
-14.0, -17.075222663783045
-12.0, -19.075222663783045
data
8.648106883326765, 15.0
19.64810688332677, 0.0
0.6481068833267651, 29.0
9.648106883326765, 15.0
7.648106883326765, 16.0
8.648106883326765, 15.0
8.648106883326765, 15.0
8.648106883326765, 13.0
7.648106883326765, 13.0
8.648106883326765, 14.0
14.648106883326767, 17.0
4.648106883326765, 13.0
8.648106883326765, 16.0
8.648106883326765, 19.0
7.648106883326765, 15.0
10.648106883326765, 11.0
6.648106883326765, 15.0
5.648106883326765, 17.0
11.648106883326765, 11.0
10.648106883326765, 14.0
7.648106883326765, 15.0
8.648106883326765, 19.0
8.648106883326765, 18.0
4.648106883326765, 18.0
-56.35189311667324, 65.0
30.648106883326765, 47.0
-15.351893116673235, 106.0
-62.35189311667324, 213.0
-36.35189311667324, 124.0
-103.35189311667324, 60.0
-63.35189311667324, 37.0
-102.35189311667324, 101.0
-100.35189311667324, 152.0
-56.35189311667324, 201.0
-88.35189311667324, 242.0
-91.35189311667324, 289.0
-88.35189311667324, 326.0
-40.35189311667324, 387.0
39.64810688332676, 289.0
15.648106883326767, 299.0
42.64810688332676, 302.0
86.64810688332676, 325.0
73.64810688332676, 289.0
78.64810688332676, 319.0
81.64810688332676, 160.0
-44.35189311667324, 132.0
-35.35189311667324, 95.0
100.64810688332676, 56.0
276.6481068833268, 24.0
328.6481068833268, 56.0
207.64810688332676, 12.0
123.64810688332676, 80.0
162.64810688332676, 101.0
142.64810688332676, 47.0
231.64810688332676, -30.0
273.6481068833268, -59.0
218.64810688332676, -98.0
257.6481068833268, -92.0
279.6481068833268, -114.0
242.64810688332676, -140.0
174.64810688332676, -196.0
149.64810688332676, -168.0
131.64810688332676, -240.0
124.64810688332676, -280.0
59.64810688332676, -349.0
15.648106883326767, -447.0
78.64810688332676, -398.0
91.64810688332676, -391.0
101.64810688332676, -383.0
171.64810688332676, -411.0
106.64810688332676, -411.0
72.64810688332676, -366.0
19.64810688332677, -302.0
-234.35189311667324, -163.0
-585.3518931166732, 74.0
-217.35189311667324, -209.0
-376.3518931166732, -226.0
-264.3518931166732, -211.0
-188.35189311667324, -223.0
-161.35189311667324, -104.0
-151.35189311667324, -51.0
-207.35189311667324, -3.0
-321.3518931166732, 61.0
-278.3518931166732, 0.0
-269.3518931166732, -137.0
-191.35189311667324, -91.0
-147.35189311667324, -24.0
-369.3518931166732, 0.0
-276.3518931166732, 141.0
-176.35189311667324, 64.0
-207.35189311667324, -51.0
-251.35189311667324, -56.0
-172.35189311667324, 25.0
-166.35189311667324, 108.0
-216.35189311667324, 242.0
-174.35189311667324, 271.0
-128.35189311667324, 304.0
-225.35189311667324, 278.0
-163.35189311667324, 227.0
-95.35189311667324, 228.0
-25.35189311667323, 275.0
32.64810688332676, 338.0
76.64810688332676, 385.0
64.64810688332676, 362.0
112.64810688332676, 338.0
50.64810688332676, 293.0
176.64810688332676, 227.0
176.64810688332676, 238.0
278.6481068833268, 194.0
225.64810688332676, 146.0
240.64810688332676, 39.0
131.64810688332676, -36.0
112.64810688332676, -61.0
118.64810688332676, -54.0
172.64810688332676, -28.0
187.64810688332676, -8.0
176.64810688332676, -53.0
192.64810688332676, -74.0
177.64810688332676, -108.0
137.64810688332676, -116.0
167.64810688332676, -128.0
140.64810688332676, -70.0
166.64810688332676, -36.0
104.64810688332676, -60.0
109.64810688332676, -32.0
127.64810688332676, -33.0
140.64810688332676, -9.0
172.64810688332676, -4.0
149.64810688332676, 24.0
193.64810688332676, 49.0
193.64810688332676, 66.0
192.64810688332676, 40.0
164.64810688332676, 69.0
162.64810688332676, 50.0
109.64810688332676, 10.0
-3.3518931166732346, -49.0
-66.35189311667324, -56.0
-135.35189311667324, -19.0
-155.35189311667324, -50.0
-67.35189311667324, -102.0
-63.35189311667324, -71.0
-61.35189311667324, -39.0
-90.35189311667324, -9.0
-105.35189311667324, -31.0
-217.35189311667324, -89.0
-171.35189311667324, -162.0
-249.35189311667324, -135.0
-217.35189311667324, -60.0
-223.35189311667324, -32.0
-207.35189311667324, 15.0
-179.35189311667324, 18.0
-207.35189311667324, -17.0
-220.35189311667324, -48.0
-226.35189311667324, -28.0
-170.35189311667324, 58.0
-219.35189311667324, 69.0
-256.35189311667324, 59.0
-266.3518931166732, 35.0
-270.3518931166732, -10.0
-255.35189311667324, -4.0
-213.35189311667324, 33.0
-149.35189311667324, 34.0
-131.35189311667324, 93.0
-54.35189311667324, 101.0
-88.35189311667324, 114.0
-18.35189311667323, 79.0
-1.3518931166732346, 68.0
38.64810688332676, 80.0
89.64810688332676, 67.0
114.64810688332676, 71.0
159.64810688332676, 89.0
208.64810688332676, 121.0
206.64810688332676, 114.0
268.6481068833268, 146.0
235.64810688332676, 119.0
228.64810688332676, 71.0
219.64810688332676, 36.0
236.64810688332676, 10.0
249.64810688332676, -33.0
271.6481068833268, -104.0
66.64810688332676, 61.0
189.64810688332676, -12.0
100.64810688332676, -59.0
57.64810688332676, -27.0
98.64810688332676, -42.0
87.64810688332676, -36.0
72.64810688332676, -10.0
13.648106883326765, 9.0
9.648106883326765, 14.0
5.648106883326765, -2.0
17.64810688332677, 19.0
7.648106883326765, 37.0
7.648106883326765, 17.0
6.648106883326765, 14.0
7.648106883326765, 12.0
8.648106883326765, 14.0
9.648106883326765, 15.0
9.648106883326765, 15.0
9.648106883326765, 14.0
8.648106883326765, 13.0
9.648106883326765, 15.0
9.648106883326765, 15.0
9.648106883326765, 16.0
8.648106883326765, 14.0
8.648106883326765, 14.0
9.648106883326765, 14.0
10.648106883326765, 14.0
10.648106883326765, 14.0
8.648106883326765, 16.0
data
8.648106883326765, -18.075222663783045
19.64810688332677, -3.075222663783044
0.6481068833267651, -32.075222663783045
9.648106883326765, -18.075222663783045
7.648106883326765, -19.075222663783045
8.648106883326765, -18.075222663783045
8.648106883326765, -18.075222663783045
8.648106883326765, -16.075222663783045
7.648106883326765, -16.075222663783045
8.648106883326765, -17.075222663783045
14.648106883326767, -20.075222663783045
4.648106883326765, -16.075222663783045
8.648106883326765, -19.075222663783045
8.648106883326765, -22.075222663783045
7.648106883326765, -18.075222663783045
10.648106883326765, -14.075222663783045
6.648106883326765, -18.075222663783045
5.648106883326765, -20.075222663783045
11.648106883326765, -14.075222663783045
10.648106883326765, -17.075222663783045
7.648106883326765, -18.075222663783045
8.648106883326765, -22.075222663783045
8.648106883326765, -21.075222663783045
4.648106883326765, -21.075222663783045
-56.35189311667324, -68.07522266378305
30.648106883326765, -50.07522266378304
-15.351893116673235, -109.07522266378305
-62.35189311667324, -216.07522266378305
-36.35189311667324, -127.07522266378305
-103.35189311667324, -63.07522266378304
-63.35189311667324, -40.07522266378304
-102.35189311667324, -104.07522266378305
-100.35189311667324, -155.07522266378305
-56.35189311667324, -204.07522266378305
-88.35189311667324, -245.07522266378305
-91.35189311667324, -292.07522266378305
-88.35189311667324, -329.07522266378305
-40.35189311667324, -390.07522266378305
39.64810688332676, -292.07522266378305
15.648106883326767, -302.07522266378305
42.64810688332676, -305.07522266378305
86.64810688332676, -328.07522266378305
73.64810688332676, -292.07522266378305
78.64810688332676, -322.07522266378305
81.64810688332676, -163.07522266378305
-44.35189311667324, -135.07522266378305
-35.35189311667324, -98.07522266378305
100.64810688332676, -59.07522266378304
276.6481068833268, -27.075222663783045
328.6481068833268, -59.07522266378304
207.64810688332676, -15.075222663783045
123.64810688332676, -83.07522266378305
162.64810688332676, -104.07522266378305
142.64810688332676, -50.07522266378304
231.64810688332676, 26.924777336216955
273.6481068833268, 55.92477733621696
218.64810688332676, 94.92477733621695
257.6481068833268, 88.92477733621695
279.6481068833268, 110.92477733621695
242.64810688332676, 136.92477733621695
174.64810688332676, 192.92477733621695
149.64810688332676, 164.92477733621695
131.64810688332676, 236.92477733621695
124.64810688332676, 276.92477733621695
59.64810688332676, 345.92477733621695
15.648106883326767, 443.92477733621695
78.64810688332676, 394.92477733621695
91.64810688332676, 387.92477733621695
101.64810688332676, 379.92477733621695
171.64810688332676, 407.92477733621695
106.64810688332676, 407.92477733621695
72.64810688332676, 362.92477733621695
19.64810688332677, 298.92477733621695
-234.35189311667324, 159.92477733621695
-585.3518931166732, -77.07522266378305
-217.35189311667324, 205.92477733621695
-376.3518931166732, 222.92477733621695
-264.3518931166732, 207.92477733621695
-188.35189311667324, 219.92477733621695
-161.35189311667324, 100.92477733621695
-151.35189311667324, 47.92477733621696
-207.35189311667324, -0.07522266378304421
-321.3518931166732, -64.07522266378304
-278.3518931166732, -3.075222663783044
-269.3518931166732, 133.92477733621695
-191.35189311667324, 87.92477733621695
-147.35189311667324, 20.924777336216955
-369.3518931166732, -3.075222663783044
-276.3518931166732, -144.07522266378305
-176.35189311667324, -67.07522266378305
-207.35189311667324, 47.92477733621696
-251.35189311667324, 52.92477733621696
-172.35189311667324, -28.075222663783045
-166.35189311667324, -111.07522266378305
-216.35189311667324, -245.07522266378305
-174.35189311667324, -274.07522266378305
-128.35189311667324, -307.07522266378305
-225.35189311667324, -281.07522266378305
-163.35189311667324, -230.07522266378305
-95.35189311667324, -231.07522266378305
-25.35189311667323, -278.07522266378305
32.64810688332676, -341.07522266378305
76.64810688332676, -388.07522266378305
64.64810688332676, -365.07522266378305
112.64810688332676, -341.07522266378305
50.64810688332676, -296.07522266378305
176.64810688332676, -230.07522266378305
176.64810688332676, -241.07522266378305
278.6481068833268, -197.07522266378305
225.64810688332676, -149.07522266378305
240.64810688332676, -42.07522266378304
131.64810688332676, 32.92477733621696
112.64810688332676, 57.92477733621696
118.64810688332676, 50.92477733621696
172.64810688332676, 24.924777336216955
187.64810688332676, 4.924777336216955
176.64810688332676, 49.92477733621696
192.64810688332676, 70.92477733621695
177.64810688332676, 104.92477733621695
137.64810688332676, 112.92477733621695
167.64810688332676, 124.92477733621695
140.64810688332676, 66.92477733621695
166.64810688332676, 32.92477733621696
104.64810688332676, 56.92477733621696
109.64810688332676, 28.924777336216955
127.64810688332676, 29.924777336216955
140.64810688332676, 5.924777336216955
172.64810688332676, 0.9247773362169556
149.64810688332676, -27.075222663783045
193.64810688332676, -52.07522266378304
193.64810688332676, -69.07522266378305
192.64810688332676, -43.07522266378304
164.64810688332676, -72.07522266378305
162.64810688332676, -53.07522266378304
109.64810688332676, -13.075222663783045
-3.3518931166732346, 45.92477733621696
-66.35189311667324, 52.92477733621696
-135.35189311667324, 15.924777336216955
-155.35189311667324, 46.92477733621696
-67.35189311667324, 98.92477733621695
-63.35189311667324, 67.92477733621695
-61.35189311667324, 35.92477733621696
-90.35189311667324, 5.924777336216955
-105.35189311667324, 27.924777336216955
-217.35189311667324, 85.92477733621695
-171.35189311667324, 158.92477733621695
-249.35189311667324, 131.92477733621695
-217.35189311667324, 56.92477733621696
-223.35189311667324, 28.924777336216955
-207.35189311667324, -18.075222663783045
-179.35189311667324, -21.075222663783045
-207.35189311667324, 13.924777336216955
-220.35189311667324, 44.92477733621696
-226.35189311667324, 24.924777336216955
-170.35189311667324, -61.07522266378304
-219.35189311667324, -72.07522266378305
-256.35189311667324, -62.07522266378304
-266.3518931166732, -38.07522266378304
-270.3518931166732, 6.924777336216955
-255.35189311667324, 0.9247773362169556
-213.35189311667324, -36.07522266378304
-149.35189311667324, -37.07522266378304
-131.35189311667324, -96.07522266378305
-54.35189311667324, -104.07522266378305
-88.35189311667324, -117.07522266378305
-18.35189311667323, -82.07522266378305
-1.3518931166732346, -71.07522266378305
38.64810688332676, -83.07522266378305
89.64810688332676, -70.07522266378305
114.64810688332676, -74.07522266378305
159.64810688332676, -92.07522266378305
208.64810688332676, -124.07522266378305
206.64810688332676, -117.07522266378305
268.6481068833268, -149.07522266378305
235.64810688332676, -122.07522266378305
228.64810688332676, -74.07522266378305
219.64810688332676, -39.07522266378304
236.64810688332676, -13.075222663783045
249.64810688332676, 29.924777336216955
271.6481068833268, 100.92477733621695
66.64810688332676, -64.07522266378304
189.64810688332676, 8.924777336216955
100.64810688332676, 55.92477733621696
57.64810688332676, 23.924777336216955
98.64810688332676, 38.92477733621696
87.64810688332676, 32.92477733621696
72.64810688332676, 6.924777336216955
13.648106883326765, -12.075222663783045
9.648106883326765, -17.075222663783045
5.648106883326765, -1.0752226637830442
17.64810688332677, -22.075222663783045
7.648106883326765, -40.07522266378304
7.648106883326765, -20.075222663783045
6.648106883326765, -17.075222663783045
7.648106883326765, -15.075222663783045
8.648106883326765, -17.075222663783045
9.648106883326765, -18.075222663783045
9.648106883326765, -18.075222663783045
9.648106883326765, -17.075222663783045
8.648106883326765, -16.075222663783045
9.648106883326765, -18.075222663783045
9.648106883326765, -18.075222663783045
9.648106883326765, -19.075222663783045
8.648106883326765, -17.075222663783045
8.648106883326765, -17.075222663783045
9.648106883326765, -17.075222663783045
10.648106883326765, -17.075222663783045
10.648106883326765, -17.075222663783045
8.648106883326765, -19.075222663783045
data
-12.0, 17.0
-5.0, 16.0
-12.0, 16.0
-7.0, 29.0
-16.0, 4.0
-12.0, 20.0
-12.0, 15.0
-12.0, 30.999999999999996
-19.0, 43.0
-24.0, 36.0
-20.0, 37.0
-10.0, 29.0
-1.0, -57.0
-11.0, 12.0
-13.0, 20.0
-9.0, 17.0
-11.0, 21.0
-11.0, 8.0
18.0, 17.0
96.0, 55.0
-58.0, -63.0
41.0, -46.0
-25.0, -4.0
-29.0, 20.0
-55.0, 56.0
-59.0, 62.0
-18.0, 18.0
-15.0, 17.0
-40.0, 46.0
-17.0, 18.0
-12.0, 14.0
-11.0, 14.0
-12.0, 15.0
-5.0, 8.0
-21.0, 27.0
-12.0, 18.0
-12.0, 16.0
-13.0, 16.0
-12.0, 16.0
-11.0, 16.0
-8.0, 19.0
14.999999999999998, 27.0
213.0, 59.0
12.0, 20.0
30.0, 99.0
25.0, 113.0
27.0, 168.0
20.0, 200.0
40.0, 248.0
15.999999999999998, 287.0
-10.0, 333.0
-3.0, 406.0
-29.0, 390.0
-62.0, 425.0
-121.0, 424.0
-101.0, 418.0
-163.0, 394.0
-108.0, 344.0
-162.0, 273.0
-178.0, 231.0
-185.0, 157.0
-185.0, 137.0
-231.0, 123.0
-189.0, 55.0
-293.0, 9.0
-263.0, -58.0
-274.0, -126.0
-235.0, -195.0
-223.0, -275.0
-133.0, -316.0
-123.0, -321.0
-99.0, -312.0
-61.0, -340.0
5.0, -385.0
-10.0, -373.0
-26.0, -530.0
56.0, -453.0
-46.0, -319.0
18.0, -307.0
246.0, -338.0
187.0, -356.0
109.0, -476.0
270.0, -498.0
159.0, -461.0
338.0, -384.0
340.0, -306.0
365.0, -296.0
342.0, -165.0
296.0, -29.0
249.0, 105.0
228.0, 153.0
262.0, 177.0
267.0, 200.0
234.0, 276.0
155.0, 318.0
163.0, 391.0
32.0, 417.0
-1.0, 360.0
-50.0, 354.0
-43.0, 379.0
-113.0, 368.0
-123.0, 351.0
-171.0, 293.0
-175.0, 276.0
-212.0, 220.0
-245.0, 169.0
-225.0, 135.0
-187.0, 118.0
-196.0, 152.0
-169.0, 151.0
-150.0, 73.0
-98.0, 17.0
-119.0, -47.0
-23.0, -94.0
-19.0, -125.0
6.0, -197.0
20.0, -237.0
92.0, -185.0
95.0, -225.0
30.0, -145.0
63.0, -105.0
62.0, -88.0
94.0, -101.0
104.0, -127.0
113.0, -83.0
96.0, -55.0
85.0, -21.0
59.0, 17.0
55.0, 30.999999999999996
10.0, 20.0
-9.0, 17.0
-11.0, 16.0
-11.0, 15.0
-10.0, 16.0
-13.0, 17.0
-12.0, 18.0
-12.0, 16.0
-11.0, 15.0
-12.0, 15.0
-12.0, 17.0
-11.0, 18.0
-11.0, 17.0
-11.0, 16.0
-11.0, 16.0
data
-12.0, -20.075222663783045
-5.0, -19.075222663783045
-12.0, -19.075222663783045
-7.0, -32.075222663783045
-16.0, -7.075222663783045
-12.0, -23.075222663783045
-12.0, -18.075222663783045
-12.0, -34.07522266378304
-19.0, -46.07522266378304
-24.0, -39.07522266378304
-20.0, -40.07522266378304
-10.0, -32.075222663783045
-1.0, 53.92477733621696
-11.0, -15.075222663783045
-13.0, -23.075222663783045
-9.0, -20.075222663783045
-11.0, -24.075222663783045
-11.0, -11.075222663783045
18.0, -20.075222663783045
96.0, -58.07522266378304
-58.0, 59.92477733621696
41.0, 42.92477733621696
-25.0, 0.9247773362169556
-29.0, -23.075222663783045
-55.0, -59.07522266378304
-59.0, -65.07522266378304
-18.0, -21.075222663783045
-15.0, -20.075222663783045
-40.0, -49.07522266378304
-17.0, -21.075222663783045
-12.0, -17.075222663783045
-11.0, -17.075222663783045
-12.0, -18.075222663783045
-5.0, -11.075222663783045
-21.0, -30.075222663783045
-12.0, -21.075222663783045
-12.0, -19.075222663783045
-13.0, -19.075222663783045
-12.0, -19.075222663783045
-11.0, -19.075222663783045
-8.0, -22.075222663783045
14.999999999999998, -30.075222663783045
213.0, -62.07522266378304
12.0, -23.075222663783045
30.0, -102.07522266378305
25.0, -116.07522266378305
27.0, -171.07522266378305
20.0, -203.07522266378305
40.0, -251.07522266378305
15.999999999999998, -290.07522266378305
-10.0, -336.07522266378305
-3.0, -409.07522266378305
-29.0, -393.07522266378305
-62.0, -428.07522266378305
-121.0, -427.07522266378305
-101.0, -421.07522266378305
-163.0, -397.07522266378305
-108.0, -347.07522266378305
-162.0, -276.07522266378305
-178.0, -234.07522266378305
-185.0, -160.07522266378305
-185.0, -140.07522266378305
-231.0, -126.07522266378305
-189.0, -58.07522266378304
-293.0, -12.075222663783045
-263.0, 54.92477733621696
-274.0, 122.92477733621695
-235.0, 191.92477733621695
-223.0, 271.92477733621695
-133.0, 312.92477733621695
-123.0, 317.92477733621695
-99.0, 308.92477733621695
-61.0, 336.92477733621695
5.0, 381.92477733621695
-10.0, 369.92477733621695
-26.0, 526.924777336217
56.0, 449.92477733621695
-46.0, 315.92477733621695
18.0, 303.92477733621695
246.0, 334.92477733621695
187.0, 352.92477733621695
109.0, 472.92477733621695
270.0, 494.92477733621695
159.0, 457.92477733621695
338.0, 380.92477733621695
340.0, 302.92477733621695
365.0, 292.92477733621695
342.0, 161.92477733621695
296.0, 25.924777336216955
249.0, -108.07522266378305
228.0, -156.07522266378305
262.0, -180.07522266378305
267.0, -203.07522266378305
234.0, -279.07522266378305
155.0, -321.07522266378305
163.0, -394.07522266378305
32.0, -420.07522266378305
-1.0, -363.07522266378305
-50.0, -357.07522266378305
-43.0, -382.07522266378305
-113.0, -371.07522266378305
-123.0, -354.07522266378305
-171.0, -296.07522266378305
-175.0, -279.07522266378305
-212.0, -223.07522266378305
-245.0, -172.07522266378305
-225.0, -138.07522266378305
-187.0, -121.07522266378305
-196.0, -155.07522266378305
-169.0, -154.07522266378305
-150.0, -76.07522266378305
-98.0, -20.075222663783045
-119.0, 43.92477733621696
-23.0, 90.92477733621695
-19.0, 121.92477733621695
6.0, 193.92477733621695
20.0, 233.92477733621695
92.0, 181.92477733621695
95.0, 221.92477733621695
30.0, 141.92477733621695
63.0, 101.92477733621695
62.0, 84.92477733621695
94.0, 97.92477733621695
104.0, 123.92477733621695
113.0, 79.92477733621695
96.0, 51.92477733621696
85.0, 17.924777336216955
59.0, -20.075222663783045
55.0, -34.07522266378304
10.0, -23.075222663783045
-9.0, -20.075222663783045
-11.0, -19.075222663783045
-11.0, -18.075222663783045
-10.0, -19.075222663783045
-13.0, -20.075222663783045
-12.0, -21.075222663783045
-12.0, -19.075222663783045
-11.0, -18.075222663783045
-12.0, -18.075222663783045
-12.0, -20.075222663783045
-11.0, -21.075222663783045
-11.0, -20.075222663783045
-11.0, -19.075222663783045
-11.0, -19.075222663783045
data
8.648106883326765, 17.0
1.6481068833267651, 16.0
8.648106883326765, 16.0
3.648106883326765, 29.0
12.648106883326765, 4.0
8.648106883326765, 20.0
8.648106883326765, 15.0
8.648106883326765, 30.999999999999996
15.648106883326767, 43.0
20.64810688332677, 36.0
16.64810688332677, 37.0
6.648106883326765, 29.0
-2.3518931166732346, -57.0
7.648106883326765, 12.0
9.648106883326765, 20.0
5.648106883326765, 17.0
7.648106883326765, 21.0
7.648106883326765, 8.0
-21.35189311667323, 17.0
-99.35189311667324, 55.0
54.64810688332676, -63.0
-44.35189311667324, -46.0
21.64810688332677, -4.0
25.64810688332677, 20.0
51.64810688332676, 56.0
55.64810688332676, 62.0
14.648106883326767, 18.0
11.648106883326765, 17.0
36.64810688332676, 46.0
13.648106883326765, 18.0
8.648106883326765, 14.0
7.648106883326765, 14.0
8.648106883326765, 15.0
1.6481068833267651, 8.0
17.64810688332677, 27.0
8.648106883326765, 18.0
8.648106883326765, 16.0
9.648106883326765, 16.0
8.648106883326765, 16.0
7.648106883326765, 16.0
4.648106883326765, 19.0
-18.35189311667323, 27.0
-216.35189311667324, 59.0
-15.351893116673235, 20.0
-33.35189311667323, 99.0
-28.35189311667323, 113.0
-30.35189311667323, 168.0
-23.35189311667323, 200.0
-43.35189311667324, 248.0
-19.35189311667323, 287.0
6.648106883326765, 333.0
-0.35189311667323464, 406.0
25.64810688332677, 390.0
58.64810688332676, 425.0
117.64810688332676, 424.0
97.64810688332676, 418.0
159.64810688332676, 394.0
104.64810688332676, 344.0
158.64810688332676, 273.0
174.64810688332676, 231.0
181.64810688332676, 157.0
181.64810688332676, 137.0
227.64810688332676, 123.0
185.64810688332676, 55.0
289.6481068833268, 9.0
259.6481068833268, -58.0
270.6481068833268, -126.0
231.64810688332676, -195.0
219.64810688332676, -275.0
129.64810688332676, -316.0
119.64810688332676, -321.0
95.64810688332676, -312.0
57.64810688332676, -340.0
-8.351893116673235, -385.0
6.648106883326765, -373.0
22.64810688332677, -530.0
-59.35189311667324, -453.0
42.64810688332676, -319.0
-21.35189311667323, -307.0
-249.35189311667324, -338.0
-190.35189311667324, -356.0
-112.35189311667324, -476.0
-273.3518931166732, -498.0
-162.35189311667324, -461.0
-341.3518931166732, -384.0
-343.3518931166732, -306.0
-368.3518931166732, -296.0
-345.3518931166732, -165.0
-299.3518931166732, -29.0
-252.35189311667324, 105.0
-231.35189311667324, 153.0
-265.3518931166732, 177.0
-270.3518931166732, 200.0
-237.35189311667324, 276.0
-158.35189311667324, 318.0
-166.35189311667324, 391.0
-35.35189311667324, 417.0
-2.3518931166732346, 360.0
46.64810688332676, 354.0
39.64810688332676, 379.0
109.64810688332676, 368.0
119.64810688332676, 351.0
167.64810688332676, 293.0
171.64810688332676, 276.0
208.64810688332676, 220.0
241.64810688332676, 169.0
221.64810688332676, 135.0
183.64810688332676, 118.0
192.64810688332676, 152.0
165.64810688332676, 151.0
146.64810688332676, 73.0
94.64810688332676, 17.0
115.64810688332676, -47.0
19.64810688332677, -94.0
15.648106883326767, -125.0
-9.351893116673235, -197.0
-23.35189311667323, -237.0
-95.35189311667324, -185.0
-98.35189311667324, -225.0
-33.35189311667323, -145.0
-66.35189311667324, -105.0
-65.35189311667324, -88.0
-97.35189311667324, -101.0
-107.35189311667324, -127.0
-116.35189311667324, -83.0
-99.35189311667324, -55.0
-88.35189311667324, -21.0
-62.35189311667324, 17.0
-58.35189311667324, 30.999999999999996
-13.351893116673235, 20.0
5.648106883326765, 17.0
7.648106883326765, 16.0
7.648106883326765, 15.0
6.648106883326765, 16.0
9.648106883326765, 17.0
8.648106883326765, 18.0
8.648106883326765, 16.0
7.648106883326765, 15.0
8.648106883326765, 15.0
8.648106883326765, 17.0
7.648106883326765, 18.0
7.648106883326765, 17.0
7.648106883326765, 16.0
7.648106883326765, 16.0
data
8.648106883326765, -20.075222663783045
1.6481068833267651, -19.075222663783045
8.648106883326765, -19.075222663783045
3.648106883326765, -32.075222663783045
12.648106883326765, -7.075222663783045
8.648106883326765, -23.075222663783045
8.648106883326765, -18.075222663783045
8.648106883326765, -34.07522266378304
15.648106883326767, -46.07522266378304
20.64810688332677, -39.07522266378304
16.64810688332677, -40.07522266378304
6.648106883326765, -32.075222663783045
-2.3518931166732346, 53.92477733621696
7.648106883326765, -15.075222663783045
9.648106883326765, -23.075222663783045
5.648106883326765, -20.075222663783045
7.648106883326765, -24.075222663783045
7.648106883326765, -11.075222663783045
-21.35189311667323, -20.075222663783045
-99.35189311667324, -58.07522266378304
54.64810688332676, 59.92477733621696
-44.35189311667324, 42.92477733621696
21.64810688332677, 0.9247773362169556
25.64810688332677, -23.075222663783045
51.64810688332676, -59.07522266378304
55.64810688332676, -65.07522266378304
14.648106883326767, -21.075222663783045
11.648106883326765, -20.075222663783045
36.64810688332676, -49.07522266378304
13.648106883326765, -21.075222663783045
8.648106883326765, -17.075222663783045
7.648106883326765, -17.075222663783045
8.648106883326765, -18.075222663783045
1.6481068833267651, -11.075222663783045
17.64810688332677, -30.075222663783045
8.648106883326765, -21.075222663783045
8.648106883326765, -19.075222663783045
9.648106883326765, -19.075222663783045
8.648106883326765, -19.075222663783045
7.648106883326765, -19.075222663783045
4.648106883326765, -22.075222663783045
-18.35189311667323, -30.075222663783045
-216.35189311667324, -62.07522266378304
-15.351893116673235, -23.075222663783045
-33.35189311667323, -102.07522266378305
-28.35189311667323, -116.07522266378305
-30.35189311667323, -171.07522266378305
-23.35189311667323, -203.07522266378305
-43.35189311667324, -251.07522266378305
-19.35189311667323, -290.07522266378305
6.648106883326765, -336.07522266378305
-0.35189311667323464, -409.07522266378305
25.64810688332677, -393.07522266378305
58.64810688332676, -428.07522266378305
117.64810688332676, -427.07522266378305
97.64810688332676, -421.07522266378305
159.64810688332676, -397.07522266378305
104.64810688332676, -347.07522266378305
158.64810688332676, -276.07522266378305
174.64810688332676, -234.07522266378305
181.64810688332676, -160.07522266378305
181.64810688332676, -140.07522266378305
227.64810688332676, -126.07522266378305
185.64810688332676, -58.07522266378304
289.6481068833268, -12.075222663783045
259.6481068833268, 54.92477733621696
270.6481068833268, 122.92477733621695
231.64810688332676, 191.92477733621695
219.64810688332676, 271.92477733621695
129.64810688332676, 312.92477733621695
119.64810688332676, 317.92477733621695
95.64810688332676, 308.92477733621695
57.64810688332676, 336.92477733621695
-8.351893116673235, 381.92477733621695
6.648106883326765, 369.92477733621695
22.64810688332677, 526.924777336217
-59.35189311667324, 449.92477733621695
42.64810688332676, 315.92477733621695
-21.35189311667323, 303.92477733621695
-249.35189311667324, 334.92477733621695
-190.35189311667324, 352.92477733621695
-112.35189311667324, 472.92477733621695
-273.3518931166732, 494.92477733621695
-162.35189311667324, 457.92477733621695
-341.3518931166732, 380.92477733621695
-343.3518931166732, 302.92477733621695
-368.3518931166732, 292.92477733621695
-345.3518931166732, 161.92477733621695
-299.3518931166732, 25.924777336216955
-252.35189311667324, -108.07522266378305
-231.35189311667324, -156.07522266378305
-265.3518931166732, -180.07522266378305
-270.3518931166732, -203.07522266378305
-237.35189311667324, -279.07522266378305
-158.35189311667324, -321.07522266378305
-166.35189311667324, -394.07522266378305
-35.35189311667324, -420.07522266378305
-2.3518931166732346, -363.07522266378305
46.64810688332676, -357.07522266378305
39.64810688332676, -382.07522266378305
109.64810688332676, -371.07522266378305
119.64810688332676, -354.07522266378305
167.64810688332676, -296.07522266378305
171.64810688332676, -279.07522266378305
208.64810688332676, -223.07522266378305
241.64810688332676, -172.07522266378305
221.64810688332676, -138.07522266378305
183.64810688332676, -121.07522266378305
192.64810688332676, -155.07522266378305
165.64810688332676, -154.07522266378305
146.64810688332676, -76.07522266378305
94.64810688332676, -20.075222663783045
115.64810688332676, 43.92477733621696
19.64810688332677, 90.92477733621695
15.648106883326767, 121.92477733621695
-9.351893116673235, 193.92477733621695
-23.35189311667323, 233.92477733621695
-95.35189311667324, 181.92477733621695
-98.35189311667324, 221.92477733621695
-33.35189311667323, 141.92477733621695
-66.35189311667324, 101.92477733621695
-65.35189311667324, 84.92477733621695
-97.35189311667324, 97.92477733621695
-107.35189311667324, 123.92477733621695
-116.35189311667324, 79.92477733621695
-99.35189311667324, 51.92477733621696
-88.35189311667324, 17.924777336216955
-62.35189311667324, -20.075222663783045
-58.35189311667324, -34.07522266378304
-13.351893116673235, -23.075222663783045
5.648106883326765, -20.075222663783045
7.648106883326765, -19.075222663783045
7.648106883326765, -18.075222663783045
6.648106883326765, -19.075222663783045
9.648106883326765, -20.075222663783045
8.648106883326765, -21.075222663783045
8.648106883326765, -19.075222663783045
7.648106883326765, -18.075222663783045
8.648106883326765, -18.075222663783045
8.648106883326765, -20.075222663783045
7.648106883326765, -21.075222663783045
7.648106883326765, -20.075222663783045
7.648106883326765, -19.075222663783045
7.648106883326765, -19.075222663783045
data
-7.0, 15.0
3.0, 10.0
-22.0, 21.0
-13.0, 11.0
-9.0, 18.0
-13.0, 15.0
-11.0, 12.0
-11.0, 15.0
-10.0, 14.0
-10.0, 12.0
-15.0, 14.0
-11.0, 17.0
-7.0, 18.0
-8.0, 9.0
-9.0, 12.0
-17.0, 15.0
1.0000000000000002, 10.0
0.0, 3.0
-8.0, 20.0
-9.0, 16.0
-9.0, 14.0
0.0, 21.0
-10.0, 8.0
-13.0, 14.0
-14.0, 11.0
-12.0, 12.0
-24.0, 10.0
-18.0, 8.0
-11.0, 13.0
-12.0, 14.0
-11.0, 15.0
-12.0, 15.0
-11.0, 14.0
-10.0, 13.0
-10.0, 13.0
-10.0, 13.0
-12.0, 14.0
-10.0, 15.0
-10.0, 14.0
-11.0, 13.0
-11.0, 13.0
-10.0, 14.0
-12.0, 14.0
-11.0, 14.0
-11.0, 14.0
-12.0, 15.0
-11.0, 14.0
-12.0, 15.0
-11.0, 14.0
-10.0, 13.0
-10.0, 13.0
-11.0, 14.0
-11.0, 14.0
-11.0, 13.0
-11.0, 14.0
-11.0, 14.0
-12.0, 14.0
-12.0, 14.0
-13.0, 15.0
-11.0, 15.0
-12.0, 14.0
-10.0, 15.0
-10.0, 12.0
-11.0, 14.0
-11.0, 14.0
-12.0, 15.0
-11.0, 14.0
-11.0, 14.0
-11.0, 14.0
-11.0, 14.0
-11.0, 14.0
-11.0, 14.0
-11.0, 14.0
-11.0, 14.0
-11.0, 13.0
-10.0, 14.0
-11.0, 15.0
-11.0, 14.0
-11.0, 14.0
-12.0, 13.0
-12.0, 13.0
-10.0, 14.0
-11.0, 15.0
-12.0, 14.0
-12.0, 14.0
-11.0, 14.0
-12.0, 14.0
-11.0, 15.0
-11.0, 14.0
-11.0, 14.0
-12.0, 14.0
-11.0, 14.0
-11.0, 14.0
-11.0, 14.0
-11.0, 14.0
-10.0, 14.0
-11.0, 15.0
-10.0, 14.0
-10.0, 15.0
-10.0, 13.0
-10.0, 14.0
-11.0, 14.0
-10.0, 13.0
-10.0, 13.0
-11.0, 14.0
-10.0, 13.0
-11.0, 14.0
-11.0, 14.0
data
-7.0, -18.075222663783045
3.0, -13.075222663783045
-22.0, -24.075222663783045
-13.0, -14.075222663783045
-9.0, -21.075222663783045
-13.0, -18.075222663783045
-11.0, -15.075222663783045
-11.0, -18.075222663783045
-10.0, -17.075222663783045
-10.0, -15.075222663783045
-15.0, -17.075222663783045
-11.0, -20.075222663783045
-7.0, -21.075222663783045
-8.0, -12.075222663783045
-9.0, -15.075222663783045
-17.0, -18.075222663783045
1.0000000000000002, -13.075222663783045
0.0, -6.075222663783045
-8.0, -23.075222663783045
-9.0, -19.075222663783045
-9.0, -17.075222663783045
0.0, -24.075222663783045
-10.0, -11.075222663783045
-13.0, -17.075222663783045
-14.0, -14.075222663783045
-12.0, -15.075222663783045
-24.0, -13.075222663783045
-18.0, -11.075222663783045
-11.0, -16.075222663783045
-12.0, -17.075222663783045
-11.0, -18.075222663783045
-12.0, -18.075222663783045
-11.0, -17.075222663783045
-10.0, -16.075222663783045
-10.0, -16.075222663783045
-10.0, -16.075222663783045
-12.0, -17.075222663783045
-10.0, -18.075222663783045
-10.0, -17.075222663783045
-11.0, -16.075222663783045
-11.0, -16.075222663783045
-10.0, -17.075222663783045
-12.0, -17.075222663783045
-11.0, -17.075222663783045
-11.0, -17.075222663783045
-12.0, -18.075222663783045
-11.0, -17.075222663783045
-12.0, -18.075222663783045
-11.0, -17.075222663783045
-10.0, -16.075222663783045
-10.0, -16.075222663783045
-11.0, -17.075222663783045
-11.0, -17.075222663783045
-11.0, -16.075222663783045
-11.0, -17.075222663783045
-11.0, -17.075222663783045
-12.0, -17.075222663783045
-12.0, -17.075222663783045
-13.0, -18.075222663783045
-11.0, -18.075222663783045
-12.0, -17.075222663783045
-10.0, -18.075222663783045
-10.0, -15.075222663783045
-11.0, -17.075222663783045
-11.0, -17.075222663783045
-12.0, -18.075222663783045
-11.0, -17.075222663783045
-11.0, -17.075222663783045
-11.0, -17.075222663783045
-11.0, -17.075222663783045
-11.0, -17.075222663783045
-11.0, -17.075222663783045
-11.0, -17.075222663783045
-11.0, -17.075222663783045
-11.0, -16.075222663783045
-10.0, -17.075222663783045
-11.0, -18.075222663783045
-11.0, -17.075222663783045
-11.0, -17.075222663783045
-12.0, -16.075222663783045
-12.0, -16.075222663783045
-10.0, -17.075222663783045
-11.0, -18.075222663783045
-12.0, -17.075222663783045
-12.0, -17.075222663783045
-11.0, -17.075222663783045
-12.0, -17.075222663783045
-11.0, -18.075222663783045
-11.0, -17.075222663783045
-11.0, -17.075222663783045
-12.0, -17.075222663783045
-11.0, -17.075222663783045
-11.0, -17.075222663783045
-11.0, -17.075222663783045
-11.0, -17.075222663783045
-10.0, -17.075222663783045
-11.0, -18.075222663783045
-10.0, -17.075222663783045
-10.0, -18.075222663783045
-10.0, -16.075222663783045
-10.0, -17.075222663783045
-11.0, -17.075222663783045
-10.0, -16.075222663783045
-10.0, -16.075222663783045
-11.0, -17.075222663783045
-10.0, -16.075222663783045
-11.0, -17.075222663783045
-11.0, -17.075222663783045
data
3.648106883326765, 15.0
-6.351893116673235, 10.0
18.64810688332677, 21.0
9.648106883326765, 11.0
5.648106883326765, 18.0
9.648106883326765, 15.0
7.648106883326765, 12.0
7.648106883326765, 15.0
6.648106883326765, 14.0
6.648106883326765, 12.0
11.648106883326765, 14.0
7.648106883326765, 17.0
3.648106883326765, 18.0
4.648106883326765, 9.0
5.648106883326765, 12.0
13.648106883326765, 15.0
-4.351893116673235, 10.0
-3.3518931166732346, 3.0
4.648106883326765, 20.0
5.648106883326765, 16.0
5.648106883326765, 14.0
-3.3518931166732346, 21.0
6.648106883326765, 8.0
9.648106883326765, 14.0
10.648106883326765, 11.0
8.648106883326765, 12.0
20.64810688332677, 10.0
14.648106883326767, 8.0
7.648106883326765, 13.0
8.648106883326765, 14.0
7.648106883326765, 15.0
8.648106883326765, 15.0
7.648106883326765, 14.0
6.648106883326765, 13.0
6.648106883326765, 13.0
6.648106883326765, 13.0
8.648106883326765, 14.0
6.648106883326765, 15.0
6.648106883326765, 14.0
7.648106883326765, 13.0
7.648106883326765, 13.0
6.648106883326765, 14.0
8.648106883326765, 14.0
7.648106883326765, 14.0
7.648106883326765, 14.0
8.648106883326765, 15.0
7.648106883326765, 14.0
8.648106883326765, 15.0
7.648106883326765, 14.0
6.648106883326765, 13.0
6.648106883326765, 13.0
7.648106883326765, 14.0
7.648106883326765, 14.0
7.648106883326765, 13.0
7.648106883326765, 14.0
7.648106883326765, 14.0
8.648106883326765, 14.0
8.648106883326765, 14.0
9.648106883326765, 15.0
7.648106883326765, 15.0
8.648106883326765, 14.0
6.648106883326765, 15.0
6.648106883326765, 12.0
7.648106883326765, 14.0
7.648106883326765, 14.0
8.648106883326765, 15.0
7.648106883326765, 14.0
7.648106883326765, 14.0
7.648106883326765, 14.0
7.648106883326765, 14.0
7.648106883326765, 14.0
7.648106883326765, 14.0
7.648106883326765, 14.0
7.648106883326765, 14.0
7.648106883326765, 13.0
6.648106883326765, 14.0
7.648106883326765, 15.0
7.648106883326765, 14.0
7.648106883326765, 14.0
8.648106883326765, 13.0
8.648106883326765, 13.0
6.648106883326765, 14.0
7.648106883326765, 15.0
8.648106883326765, 14.0
8.648106883326765, 14.0
7.648106883326765, 14.0
8.648106883326765, 14.0
7.648106883326765, 15.0
7.648106883326765, 14.0
7.648106883326765, 14.0
8.648106883326765, 14.0
7.648106883326765, 14.0
7.648106883326765, 14.0
7.648106883326765, 14.0
7.648106883326765, 14.0
6.648106883326765, 14.0
7.648106883326765, 15.0
6.648106883326765, 14.0
6.648106883326765, 15.0
6.648106883326765, 13.0
6.648106883326765, 14.0
7.648106883326765, 14.0
6.648106883326765, 13.0
6.648106883326765, 13.0
7.648106883326765, 14.0
6.648106883326765, 13.0
7.648106883326765, 14.0
7.648106883326765, 14.0
data
3.648106883326765, -18.075222663783045
-6.351893116673235, -13.075222663783045
18.64810688332677, -24.075222663783045
9.648106883326765, -14.075222663783045
5.648106883326765, -21.075222663783045
9.648106883326765, -18.075222663783045
7.648106883326765, -15.075222663783045
7.648106883326765, -18.075222663783045
6.648106883326765, -17.075222663783045
6.648106883326765, -15.075222663783045
11.648106883326765, -17.075222663783045
7.648106883326765, -20.075222663783045
3.648106883326765, -21.075222663783045
4.648106883326765, -12.075222663783045
5.648106883326765, -15.075222663783045
13.648106883326765, -18.075222663783045
-4.351893116673235, -13.075222663783045
-3.3518931166732346, -6.075222663783045
4.648106883326765, -23.075222663783045
5.648106883326765, -19.075222663783045
5.648106883326765, -17.075222663783045
-3.3518931166732346, -24.075222663783045
6.648106883326765, -11.075222663783045
9.648106883326765, -17.075222663783045
10.648106883326765, -14.075222663783045
8.648106883326765, -15.075222663783045
20.64810688332677, -13.075222663783045
14.648106883326767, -11.075222663783045
7.648106883326765, -16.075222663783045
8.648106883326765, -17.075222663783045
7.648106883326765, -18.075222663783045
8.648106883326765, -18.075222663783045
7.648106883326765, -17.075222663783045
6.648106883326765, -16.075222663783045
6.648106883326765, -16.075222663783045
6.648106883326765, -16.075222663783045
8.648106883326765, -17.075222663783045
6.648106883326765, -18.075222663783045
6.648106883326765, -17.075222663783045
7.648106883326765, -16.075222663783045
7.648106883326765, -16.075222663783045
6.648106883326765, -17.075222663783045
8.648106883326765, -17.075222663783045
7.648106883326765, -17.075222663783045
7.648106883326765, -17.075222663783045
8.648106883326765, -18.075222663783045
7.648106883326765, -17.075222663783045
8.648106883326765, -18.075222663783045
7.648106883326765, -17.075222663783045
6.648106883326765, -16.075222663783045
6.648106883326765, -16.075222663783045
7.648106883326765, -17.075222663783045
7.648106883326765, -17.075222663783045
7.648106883326765, -16.075222663783045
7.648106883326765, -17.075222663783045
7.648106883326765, -17.075222663783045
8.648106883326765, -17.075222663783045
8.648106883326765, -17.075222663783045
9.648106883326765, -18.075222663783045
7.648106883326765, -18.075222663783045
8.648106883326765, -17.075222663783045
6.648106883326765, -18.075222663783045
6.648106883326765, -15.075222663783045
7.648106883326765, -17.075222663783045
7.648106883326765, -17.075222663783045
8.648106883326765, -18.075222663783045
7.648106883326765, -17.075222663783045
7.648106883326765, -17.075222663783045
7.648106883326765, -17.075222663783045
7.648106883326765, -17.075222663783045
7.648106883326765, -17.075222663783045
7.648106883326765, -17.075222663783045
7.648106883326765, -17.075222663783045
7.648106883326765, -17.075222663783045
7.648106883326765, -16.075222663783045
6.648106883326765, -17.075222663783045
7.648106883326765, -18.075222663783045
7.648106883326765, -17.075222663783045
7.648106883326765, -17.075222663783045
8.648106883326765, -16.075222663783045
8.648106883326765, -16.075222663783045
6.648106883326765, -17.075222663783045
7.648106883326765, -18.075222663783045
8.648106883326765, -17.075222663783045
8.648106883326765, -17.075222663783045
7.648106883326765, -17.075222663783045
8.648106883326765, -17.075222663783045
7.648106883326765, -18.075222663783045
7.648106883326765, -17.075222663783045
7.648106883326765, -17.075222663783045
8.648106883326765, -17.075222663783045
7.648106883326765, -17.075222663783045
7.648106883326765, -17.075222663783045
7.648106883326765, -17.075222663783045
7.648106883326765, -17.075222663783045
6.648106883326765, -17.075222663783045
7.648106883326765, -18.075222663783045
6.648106883326765, -17.075222663783045
6.648106883326765, -18.075222663783045
6.648106883326765, -16.075222663783045
6.648106883326765, -17.075222663783045
7.648106883326765, -17.075222663783045
6.648106883326765, -16.075222663783045
6.648106883326765, -16.075222663783045
7.648106883326765, -17.075222663783045
6.648106883326765, -16.075222663783045
7.648106883326765, -17.075222663783045
7.648106883326765, -17.075222663783045
data
15.999999999999998, 9.0
5.0, 10.0
24.0, 2.0
14.999999999999998, 11.0
22.0, 2.0
14.999999999999998, 7.0
15.999999999999998, 8.0
18.0, 6.0
14.0, 6.0
14.999999999999998, 4.0
12.0, 7.0
22.0, 14.0
9.0, 0.0
14.0, 5.0
11.0, 6.0
24.0, 22.0
7.0, 3.0
14.0, 7.0
15.999999999999998, 8.0
17.0, 7.0
14.999999999999998, 8.0
13.0, 8.0
12.0, 8.0
15.999999999999998, 5.0
15.999999999999998, 6.0
15.999999999999998, 9.0
15.999999999999998, 6.0
14.999999999999998, 6.0
14.999999999999998, 7.0
13.0, 7.0
data
15.999999999999998, -12.075222663783045
5.0, -13.075222663783045
24.0, -5.075222663783045
14.999999999999998, -14.075222663783045
22.0, -5.075222663783045
14.999999999999998, -10.075222663783045
15.999999999999998, -11.075222663783045
18.0, -9.075222663783045
14.0, -9.075222663783045
14.999999999999998, -7.075222663783045
12.0, -10.075222663783045
22.0, -17.075222663783045
9.0, -3.075222663783044
14.0, -8.075222663783045
11.0, -9.075222663783045
24.0, -25.075222663783045
7.0, -6.075222663783045
14.0, -10.075222663783045
15.999999999999998, -11.075222663783045
17.0, -10.075222663783045
14.999999999999998, -11.075222663783045
13.0, -11.075222663783045
12.0, -11.075222663783045
15.999999999999998, -8.075222663783045
15.999999999999998, -9.075222663783045
15.999999999999998, -12.075222663783045
15.999999999999998, -9.075222663783045
14.999999999999998, -9.075222663783045
14.999999999999998, -10.075222663783045
13.0, -10.075222663783045
data
-19.35189311667323, 9.0
-8.351893116673235, 10.0
-27.35189311667323, 2.0
-18.35189311667323, 11.0
-25.35189311667323, 2.0
-18.35189311667323, 7.0
-19.35189311667323, 8.0
-21.35189311667323, 6.0
-17.351893116673235, 6.0
-18.35189311667323, 4.0
-15.351893116673235, 7.0
-25.35189311667323, 14.0
-12.351893116673235, 0.0
-17.351893116673235, 5.0
-14.351893116673235, 6.0
-27.35189311667323, 22.0
-10.351893116673235, 3.0
-17.351893116673235, 7.0
-19.35189311667323, 8.0
-20.35189311667323, 7.0
-18.35189311667323, 8.0
-16.351893116673235, 8.0
-15.351893116673235, 8.0
-19.35189311667323, 5.0
-19.35189311667323, 6.0
-19.35189311667323, 9.0
-19.35189311667323, 6.0
-18.35189311667323, 6.0
-18.35189311667323, 7.0
-16.351893116673235, 7.0
data
-19.35189311667323, -12.075222663783045
-8.351893116673235, -13.075222663783045
-27.35189311667323, -5.075222663783045
-18.35189311667323, -14.075222663783045
-25.35189311667323, -5.075222663783045
-18.35189311667323, -10.075222663783045
-19.35189311667323, -11.075222663783045
-21.35189311667323, -9.075222663783045
-17.351893116673235, -9.075222663783045
-18.35189311667323, -7.075222663783045
-15.351893116673235, -10.075222663783045
-25.35189311667323, -17.075222663783045
-12.351893116673235, -3.075222663783044
-17.351893116673235, -8.075222663783045
-14.351893116673235, -9.075222663783045
-27.35189311667323, -25.075222663783045
-10.351893116673235, -6.075222663783045
-17.351893116673235, -10.075222663783045
-19.35189311667323, -11.075222663783045
-20.35189311667323, -10.075222663783045
-18.35189311667323, -11.075222663783045
-16.351893116673235, -11.075222663783045
-15.351893116673235, -11.075222663783045
-19.35189311667323, -8.075222663783045
-19.35189311667323, -9.075222663783045
-19.35189311667323, -12.075222663783045
-19.35189311667323, -9.075222663783045
-18.35189311667323, -9.075222663783045
-18.35189311667323, -10.075222663783045
-16.351893116673235, -10.075222663783045
data
0.0, -12.0
-10.0, -8.0
5.0, -18.0
2.0, -17.0
1.0000000000000002, -14.0
0.0, -12.0
1.0000000000000002, -9.0
-1.0, -8.0
0.0, -10.0
-1.0, -12.0
-20.0, -17.0
19.0, -7.0
2.0, -12.0
1.0000000000000002, -11.0
0.0, -11.0
0.0, -14.0
0.0, -13.0
2.0, -14.0
2.0, -16.0
4.0, -14.0
3.0, -17.0
3.0, -15.0
5.0, -13.0
data
0.0, 8.924777336216955
-10.0, 4.924777336216955
5.0, 14.924777336216955
2.0, 13.924777336216955
1.0000000000000002, 10.924777336216955
0.0, 8.924777336216955
1.0000000000000002, 5.924777336216955
-1.0, 4.924777336216955
0.0, 6.924777336216955
-1.0, 8.924777336216955
-20.0, 13.924777336216955
19.0, 3.9247773362169553
2.0, 8.924777336216955
1.0000000000000002, 7.924777336216955
0.0, 7.924777336216955
0.0, 10.924777336216955
0.0, 9.924777336216955
2.0, 10.924777336216955
2.0, 12.924777336216955
4.0, 10.924777336216955
3.0, 13.924777336216955
3.0, 11.924777336216955
5.0, 9.924777336216955
data
-3.3518931166732346, -12.0
6.648106883326765, -8.0
-8.351893116673235, -18.0
-5.351893116673235, -17.0
-4.351893116673235, -14.0
-3.3518931166732346, -12.0
-4.351893116673235, -9.0
-2.3518931166732346, -8.0
-3.3518931166732346, -10.0
-2.3518931166732346, -12.0
16.64810688332677, -17.0
-22.35189311667323, -7.0
-5.351893116673235, -12.0
-4.351893116673235, -11.0
-3.3518931166732346, -11.0
-3.3518931166732346, -14.0
-3.3518931166732346, -13.0
-5.351893116673235, -14.0
-5.351893116673235, -16.0
-7.351893116673235, -14.0
-6.351893116673235, -17.0
-6.351893116673235, -15.0
-8.351893116673235, -13.0
data
-3.3518931166732346, 8.924777336216955
6.648106883326765, 4.924777336216955
-8.351893116673235, 14.924777336216955
-5.351893116673235, 13.924777336216955
-4.351893116673235, 10.924777336216955
-3.3518931166732346, 8.924777336216955
-4.351893116673235, 5.924777336216955
-2.3518931166732346, 4.924777336216955
-3.3518931166732346, 6.924777336216955
-2.3518931166732346, 8.924777336216955
16.64810688332677, 13.924777336216955
-22.35189311667323, 3.9247773362169553
-5.351893116673235, 8.924777336216955
-4.351893116673235, 7.924777336216955
-3.3518931166732346, 7.924777336216955
-3.3518931166732346, 10.924777336216955
-3.3518931166732346, 9.924777336216955
-5.351893116673235, 10.924777336216955
-5.351893116673235, 12.924777336216955
-7.351893116673235, 10.924777336216955
-6.351893116673235, 13.924777336216955
-6.351893116673235, 11.924777336216955
-8.351893116673235, 9.924777336216955
data
2.0, -14.0
12.0, -13.0
-6.0, -9.0
0.0, -11.0
0.0, -14.0
0.0, -13.0
0.0, -14.0
1.0000000000000002, -13.0
1.0000000000000002, -14.0
-2.0, -15.0
1.0000000000000002, -14.0
3.0, -9.0
5.0, -24.0
-1.0, -17.0
1.0000000000000002, -14.0
2.0, -13.0
2.0, -14.0
0.0, -13.0
0.0, -12.0
3.0, -15.0
-3.0, -10.0
2.0, -15.0
-2.0, -11.0
-3.0, -10.0
0.0, -17.0
-8.0, -14.0
-8.0, -16.0
2.0, -15.0
-1.0, -10.0
-1.0, -12.0
-1.0, -10.0
2.0, -14.0
0.0, -14.0
0.0, -13.0
0.0, -13.0
-4.0, -10.0
1.0000000000000002, -14.0
0.0, -13.0
0.0, -13.0
-1.0, -14.0
0.0, -13.0
-1.0, -16.0
0.0, -17.0
0.0, -15.0
0.0, -13.0
0.0, -14.0
1.0000000000000002, -13.0
0.0, -13.0
0.0, -16.0
1.0000000000000002, -15.0
-3.0, -14.0
0.0, -13.0
0.0, -12.0
0.0, -11.0
0.0, -14.0
-2.0, -14.0
-1.0, -16.0
-1.0, -12.0
0.0, -15.0
0.0, -14.0
0.0, -13.0
0.0, -14.0
0.0, -13.0
0.0, -15.0
0.0, -13.0
0.0, -14.0
0.0, -14.0
0.0, -14.0
0.0, -14.0
0.0, -14.0
0.0, -14.0
-1.0, -14.0
1.0000000000000002, -14.0
-2.0, -14.0
0.0, -13.0
0.0, -13.0
0.0, -13.0
0.0, -13.0
0.0, -13.0
-1.0, -13.0
0.0, -13.0
1.0000000000000002, -16.0
-2.0, -13.0
0.0, -14.0
0.0, -14.0
-1.0, -14.0
0.0, -13.0
-1.0, -13.0
0.0, -14.0
0.0, -13.0
0.0, -14.0
0.0, -14.0
0.0, -13.0
0.0, -14.0
0.0, -14.0
0.0, -14.0
-1.0, -15.0
0.0, -13.0
0.0, -14.0
0.0, -13.0
0.0, -14.0
0.0, -14.0
0.0, -13.0
-1.0, -13.0
0.0, -14.0
0.0, -13.0
0.0, -14.0
0.0, -15.0
0.0, -14.0
0.0, -13.0
0.0, -13.0
0.0, -14.0
1.0000000000000002, -14.0
0.0, -14.0
0.0, -14.0
0.0, -14.0
0.0, -13.0
0.0, -15.0
0.0, -13.0
-1.0, -15.0
-1.0, -14.0
0.0, -14.0
0.0, -14.0
0.0, -13.0
1.0000000000000002, -13.0
0.0, -14.0
0.0, -13.0
0.0, -14.0
0.0, -14.0
-1.0, -13.0
1.0000000000000002, -14.0
0.0, -14.0
-1.0, -14.0
0.0, -14.0
0.0, -13.0
0.0, -13.0
0.0, -13.0
0.0, -13.0
0.0, -15.0
0.0, -14.0
0.0, -14.0
-1.0, -14.0
0.0, -14.0
0.0, -14.0
0.0, -13.0
0.0, -14.0
0.0, -14.0
0.0, -14.0
0.0, -13.0
0.0, -13.0
0.0, -13.0
0.0, -13.0
0.0, -14.0
0.0, -14.0
0.0, -13.0
0.0, -13.0
0.0, -13.0
0.0, -14.0
0.0, -14.0
0.0, -13.0
0.0, -13.0
0.0, -13.0
0.0, -13.0
0.0, -13.0
0.0, -12.0
0.0, -14.0
0.0, -13.0
0.0, -13.0
0.0, -13.0
0.0, -14.0
-1.0, -14.0
1.0000000000000002, -14.0
0.0, -13.0
0.0, -13.0
0.0, -14.0
0.0, -14.0
0.0, -14.0
0.0, -14.0
0.0, -13.0
0.0, -13.0
0.0, -14.0
0.0, -12.0
0.0, -15.0
0.0, -13.0
0.0, -14.0
0.0, -14.0
0.0, -14.0
0.0, -13.0
0.0, -13.0
0.0, -14.0
0.0, -13.0
0.0, -12.0
1.0000000000000002, -14.0
0.0, -14.0
0.0, -13.0
0.0, -13.0
0.0, -14.0
0.0, -14.0
0.0, -15.0
0.0, -14.0
0.0, -13.0
0.0, -13.0
0.0, -14.0
0.0, -13.0
0.0, -13.0
0.0, -14.0
0.0, -14.0
0.0, -13.0
-1.0, -13.0
0.0, -13.0
data
2.0, 10.924777336216955
12.0, 9.924777336216955
-6.0, 5.924777336216955
0.0, 7.924777336216955
0.0, 10.924777336216955
0.0, 9.924777336216955
0.0, 10.924777336216955
1.0000000000000002, 9.924777336216955
1.0000000000000002, 10.924777336216955
-2.0, 11.924777336216955
1.0000000000000002, 10.924777336216955
3.0, 5.924777336216955
5.0, 20.924777336216955
-1.0, 13.924777336216955
1.0000000000000002, 10.924777336216955
2.0, 9.924777336216955
2.0, 10.924777336216955
0.0, 9.924777336216955
0.0, 8.924777336216955
3.0, 11.924777336216955
-3.0, 6.924777336216955
2.0, 11.924777336216955
-2.0, 7.924777336216955
-3.0, 6.924777336216955
0.0, 13.924777336216955
-8.0, 10.924777336216955
-8.0, 12.924777336216955
2.0, 11.924777336216955
-1.0, 6.924777336216955
-1.0, 8.924777336216955
-1.0, 6.924777336216955
2.0, 10.924777336216955
0.0, 10.924777336216955
0.0, 9.924777336216955
0.0, 9.924777336216955
-4.0, 6.924777336216955
1.0000000000000002, 10.924777336216955
0.0, 9.924777336216955
0.0, 9.924777336216955
-1.0, 10.924777336216955
0.0, 9.924777336216955
-1.0, 12.924777336216955
0.0, 13.924777336216955
0.0, 11.924777336216955
0.0, 9.924777336216955
0.0, 10.924777336216955
1.0000000000000002, 9.924777336216955
0.0, 9.924777336216955
0.0, 12.924777336216955
1.0000000000000002, 11.924777336216955
-3.0, 10.924777336216955
0.0, 9.924777336216955
0.0, 8.924777336216955
0.0, 7.924777336216955
0.0, 10.924777336216955
-2.0, 10.924777336216955
-1.0, 12.924777336216955
-1.0, 8.924777336216955
0.0, 11.924777336216955
0.0, 10.924777336216955
0.0, 9.924777336216955
0.0, 10.924777336216955
0.0, 9.924777336216955
0.0, 11.924777336216955
0.0, 9.924777336216955
0.0, 10.924777336216955
0.0, 10.924777336216955
0.0, 10.924777336216955
0.0, 10.924777336216955
0.0, 10.924777336216955
0.0, 10.924777336216955
-1.0, 10.924777336216955
1.0000000000000002, 10.924777336216955
-2.0, 10.924777336216955
0.0, 9.924777336216955
0.0, 9.924777336216955
0.0, 9.924777336216955
0.0, 9.924777336216955
0.0, 9.924777336216955
-1.0, 9.924777336216955
0.0, 9.924777336216955
1.0000000000000002, 12.924777336216955
-2.0, 9.924777336216955
0.0, 10.924777336216955
0.0, 10.924777336216955
-1.0, 10.924777336216955
0.0, 9.924777336216955
-1.0, 9.924777336216955
0.0, 10.924777336216955
0.0, 9.924777336216955
0.0, 10.924777336216955
0.0, 10.924777336216955
0.0, 9.924777336216955
0.0, 10.924777336216955
0.0, 10.924777336216955
0.0, 10.924777336216955
-1.0, 11.924777336216955
0.0, 9.924777336216955
0.0, 10.924777336216955
0.0, 9.924777336216955
0.0, 10.924777336216955
0.0, 10.924777336216955
0.0, 9.924777336216955
-1.0, 9.924777336216955
0.0, 10.924777336216955
0.0, 9.924777336216955
0.0, 10.924777336216955
0.0, 11.924777336216955
0.0, 10.924777336216955
0.0, 9.924777336216955
0.0, 9.924777336216955
0.0, 10.924777336216955
1.0000000000000002, 10.924777336216955
0.0, 10.924777336216955
0.0, 10.924777336216955
0.0, 10.924777336216955
0.0, 9.924777336216955
0.0, 11.924777336216955
0.0, 9.924777336216955
-1.0, 11.924777336216955
-1.0, 10.924777336216955
0.0, 10.924777336216955
0.0, 10.924777336216955
0.0, 9.924777336216955
1.0000000000000002, 9.924777336216955
0.0, 10.924777336216955
0.0, 9.924777336216955
0.0, 10.924777336216955
0.0, 10.924777336216955
-1.0, 9.924777336216955
1.0000000000000002, 10.924777336216955
0.0, 10.924777336216955
-1.0, 10.924777336216955
0.0, 10.924777336216955
0.0, 9.924777336216955
0.0, 9.924777336216955
0.0, 9.924777336216955
0.0, 9.924777336216955
0.0, 11.924777336216955
0.0, 10.924777336216955
0.0, 10.924777336216955
-1.0, 10.924777336216955
0.0, 10.924777336216955
0.0, 10.924777336216955
0.0, 9.924777336216955
0.0, 10.924777336216955
0.0, 10.924777336216955
0.0, 10.924777336216955
0.0, 9.924777336216955
0.0, 9.924777336216955
0.0, 9.924777336216955
0.0, 9.924777336216955
0.0, 10.924777336216955
0.0, 10.924777336216955
0.0, 9.924777336216955
0.0, 9.924777336216955
0.0, 9.924777336216955
0.0, 10.924777336216955
0.0, 10.924777336216955
0.0, 9.924777336216955
0.0, 9.924777336216955
0.0, 9.924777336216955
0.0, 9.924777336216955
0.0, 9.924777336216955
0.0, 8.924777336216955
0.0, 10.924777336216955
0.0, 9.924777336216955
0.0, 9.924777336216955
0.0, 9.924777336216955
0.0, 10.924777336216955
-1.0, 10.924777336216955
1.0000000000000002, 10.924777336216955
0.0, 9.924777336216955
0.0, 9.924777336216955
0.0, 10.924777336216955
0.0, 10.924777336216955
0.0, 10.924777336216955
0.0, 10.924777336216955
0.0, 9.924777336216955
0.0, 9.924777336216955
0.0, 10.924777336216955
0.0, 8.924777336216955
0.0, 11.924777336216955
0.0, 9.924777336216955
0.0, 10.924777336216955
0.0, 10.924777336216955
0.0, 10.924777336216955
0.0, 9.924777336216955
0.0, 9.924777336216955
0.0, 10.924777336216955
0.0, 9.924777336216955
0.0, 8.924777336216955
1.0000000000000002, 10.924777336216955
0.0, 10.924777336216955
0.0, 9.924777336216955
0.0, 9.924777336216955
0.0, 10.924777336216955
0.0, 10.924777336216955
0.0, 11.924777336216955
0.0, 10.924777336216955
0.0, 9.924777336216955
0.0, 9.924777336216955
0.0, 10.924777336216955
0.0, 9.924777336216955
0.0, 9.924777336216955
0.0, 10.924777336216955
0.0, 10.924777336216955
0.0, 9.924777336216955
-1.0, 9.924777336216955
0.0, 9.924777336216955
data
-5.351893116673235, -14.0
-15.351893116673235, -13.0
2.648106883326765, -9.0
-3.3518931166732346, -11.0
-3.3518931166732346, -14.0
-3.3518931166732346, -13.0
-3.3518931166732346, -14.0
-4.351893116673235, -13.0
-4.351893116673235, -14.0
-1.3518931166732346, -15.0
-4.351893116673235, -14.0
-6.351893116673235, -9.0
-8.351893116673235, -24.0
-2.3518931166732346, -17.0
-4.351893116673235, -14.0
-5.351893116673235, -13.0
-5.351893116673235, -14.0
-3.3518931166732346, -13.0
-3.3518931166732346, -12.0
-6.351893116673235, -15.0
-0.35189311667323464, -10.0
-5.351893116673235, -15.0
-1.3518931166732346, -11.0
-0.35189311667323464, -10.0
-3.3518931166732346, -17.0
4.648106883326765, -14.0
4.648106883326765, -16.0
-5.351893116673235, -15.0
-2.3518931166732346, -10.0
-2.3518931166732346, -12.0
-2.3518931166732346, -10.0
-5.351893116673235, -14.0
-3.3518931166732346, -14.0
-3.3518931166732346, -13.0
-3.3518931166732346, -13.0
0.6481068833267651, -10.0
-4.351893116673235, -14.0
-3.3518931166732346, -13.0
-3.3518931166732346, -13.0
-2.3518931166732346, -14.0
-3.3518931166732346, -13.0
-2.3518931166732346, -16.0
-3.3518931166732346, -17.0
-3.3518931166732346, -15.0
-3.3518931166732346, -13.0
-3.3518931166732346, -14.0
-4.351893116673235, -13.0
-3.3518931166732346, -13.0
-3.3518931166732346, -16.0
-4.351893116673235, -15.0
-0.35189311667323464, -14.0
-3.3518931166732346, -13.0
-3.3518931166732346, -12.0
-3.3518931166732346, -11.0
-3.3518931166732346, -14.0
-1.3518931166732346, -14.0
-2.3518931166732346, -16.0
-2.3518931166732346, -12.0
-3.3518931166732346, -15.0
-3.3518931166732346, -14.0
-3.3518931166732346, -13.0
-3.3518931166732346, -14.0
-3.3518931166732346, -13.0
-3.3518931166732346, -15.0
-3.3518931166732346, -13.0
-3.3518931166732346, -14.0
-3.3518931166732346, -14.0
-3.3518931166732346, -14.0
-3.3518931166732346, -14.0
-3.3518931166732346, -14.0
-3.3518931166732346, -14.0
-2.3518931166732346, -14.0
-4.351893116673235, -14.0
-1.3518931166732346, -14.0
-3.3518931166732346, -13.0
-3.3518931166732346, -13.0
-3.3518931166732346, -13.0
-3.3518931166732346, -13.0
-3.3518931166732346, -13.0
-2.3518931166732346, -13.0
-3.3518931166732346, -13.0
-4.351893116673235, -16.0
-1.3518931166732346, -13.0
-3.3518931166732346, -14.0
-3.3518931166732346, -14.0
-2.3518931166732346, -14.0
-3.3518931166732346, -13.0
-2.3518931166732346, -13.0
-3.3518931166732346, -14.0
-3.3518931166732346, -13.0
-3.3518931166732346, -14.0
-3.3518931166732346, -14.0
-3.3518931166732346, -13.0
-3.3518931166732346, -14.0
-3.3518931166732346, -14.0
-3.3518931166732346, -14.0
-2.3518931166732346, -15.0
-3.3518931166732346, -13.0
-3.3518931166732346, -14.0
-3.3518931166732346, -13.0
-3.3518931166732346, -14.0
-3.3518931166732346, -14.0
-3.3518931166732346, -13.0
-2.3518931166732346, -13.0
-3.3518931166732346, -14.0
-3.3518931166732346, -13.0
-3.3518931166732346, -14.0
-3.3518931166732346, -15.0
-3.3518931166732346, -14.0
-3.3518931166732346, -13.0
-3.3518931166732346, -13.0
-3.3518931166732346, -14.0
-4.351893116673235, -14.0
-3.3518931166732346, -14.0
-3.3518931166732346, -14.0
-3.3518931166732346, -14.0
-3.3518931166732346, -13.0
-3.3518931166732346, -15.0
-3.3518931166732346, -13.0
-2.3518931166732346, -15.0
-2.3518931166732346, -14.0
-3.3518931166732346, -14.0
-3.3518931166732346, -14.0
-3.3518931166732346, -13.0
-4.351893116673235, -13.0
-3.3518931166732346, -14.0
-3.3518931166732346, -13.0
-3.3518931166732346, -14.0
-3.3518931166732346, -14.0
-2.3518931166732346, -13.0
-4.351893116673235, -14.0
-3.3518931166732346, -14.0
-2.3518931166732346, -14.0
-3.3518931166732346, -14.0
-3.3518931166732346, -13.0
-3.3518931166732346, -13.0
-3.3518931166732346, -13.0
-3.3518931166732346, -13.0
-3.3518931166732346, -15.0
-3.3518931166732346, -14.0
-3.3518931166732346, -14.0
-2.3518931166732346, -14.0
-3.3518931166732346, -14.0
-3.3518931166732346, -14.0
-3.3518931166732346, -13.0
-3.3518931166732346, -14.0
-3.3518931166732346, -14.0
-3.3518931166732346, -14.0
-3.3518931166732346, -13.0
-3.3518931166732346, -13.0
-3.3518931166732346, -13.0
-3.3518931166732346, -13.0
-3.3518931166732346, -14.0
-3.3518931166732346, -14.0
-3.3518931166732346, -13.0
-3.3518931166732346, -13.0
-3.3518931166732346, -13.0
-3.3518931166732346, -14.0
-3.3518931166732346, -14.0
-3.3518931166732346, -13.0
-3.3518931166732346, -13.0
-3.3518931166732346, -13.0
-3.3518931166732346, -13.0
-3.3518931166732346, -13.0
-3.3518931166732346, -12.0
-3.3518931166732346, -14.0
-3.3518931166732346, -13.0
-3.3518931166732346, -13.0
-3.3518931166732346, -13.0
-3.3518931166732346, -14.0
-2.3518931166732346, -14.0
-4.351893116673235, -14.0
-3.3518931166732346, -13.0
-3.3518931166732346, -13.0
-3.3518931166732346, -14.0
-3.3518931166732346, -14.0
-3.3518931166732346, -14.0
-3.3518931166732346, -14.0
-3.3518931166732346, -13.0
-3.3518931166732346, -13.0
-3.3518931166732346, -14.0
-3.3518931166732346, -12.0
-3.3518931166732346, -15.0
-3.3518931166732346, -13.0
-3.3518931166732346, -14.0
-3.3518931166732346, -14.0
-3.3518931166732346, -14.0
-3.3518931166732346, -13.0
-3.3518931166732346, -13.0
-3.3518931166732346, -14.0
-3.3518931166732346, -13.0
-3.3518931166732346, -12.0
-4.351893116673235, -14.0
-3.3518931166732346, -14.0
-3.3518931166732346, -13.0
-3.3518931166732346, -13.0
-3.3518931166732346, -14.0
-3.3518931166732346, -14.0
-3.3518931166732346, -15.0
-3.3518931166732346, -14.0
-3.3518931166732346, -13.0
-3.3518931166732346, -13.0
-3.3518931166732346, -14.0
-3.3518931166732346, -13.0
-3.3518931166732346, -13.0
-3.3518931166732346, -14.0
-3.3518931166732346, -14.0
-3.3518931166732346, -13.0
-2.3518931166732346, -13.0
-3.3518931166732346, -13.0
data
-5.351893116673235, 10.924777336216955
-15.351893116673235, 9.924777336216955
2.648106883326765, 5.924777336216955
-3.3518931166732346, 7.924777336216955
-3.3518931166732346, 10.924777336216955
-3.3518931166732346, 9.924777336216955
-3.3518931166732346, 10.924777336216955
-4.351893116673235, 9.924777336216955
-4.351893116673235, 10.924777336216955
-1.3518931166732346, 11.924777336216955
-4.351893116673235, 10.924777336216955
-6.351893116673235, 5.924777336216955
-8.351893116673235, 20.924777336216955
-2.3518931166732346, 13.924777336216955
-4.351893116673235, 10.924777336216955
-5.351893116673235, 9.924777336216955
-5.351893116673235, 10.924777336216955
-3.3518931166732346, 9.924777336216955
-3.3518931166732346, 8.924777336216955
-6.351893116673235, 11.924777336216955
-0.35189311667323464, 6.924777336216955
-5.351893116673235, 11.924777336216955
-1.3518931166732346, 7.924777336216955
-0.35189311667323464, 6.924777336216955
-3.3518931166732346, 13.924777336216955
4.648106883326765, 10.924777336216955
4.648106883326765, 12.924777336216955
-5.351893116673235, 11.924777336216955
-2.3518931166732346, 6.924777336216955
-2.3518931166732346, 8.924777336216955
-2.3518931166732346, 6.924777336216955
-5.351893116673235, 10.924777336216955
-3.3518931166732346, 10.924777336216955
-3.3518931166732346, 9.924777336216955
-3.3518931166732346, 9.924777336216955
0.6481068833267651, 6.924777336216955
-4.351893116673235, 10.924777336216955
-3.3518931166732346, 9.924777336216955
-3.3518931166732346, 9.924777336216955
-2.3518931166732346, 10.924777336216955
-3.3518931166732346, 9.924777336216955
-2.3518931166732346, 12.924777336216955
-3.3518931166732346, 13.924777336216955
-3.3518931166732346, 11.924777336216955
-3.3518931166732346, 9.924777336216955
-3.3518931166732346, 10.924777336216955
-4.351893116673235, 9.924777336216955
-3.3518931166732346, 9.924777336216955
-3.3518931166732346, 12.924777336216955
-4.351893116673235, 11.924777336216955
-0.35189311667323464, 10.924777336216955
-3.3518931166732346, 9.924777336216955
-3.3518931166732346, 8.924777336216955
-3.3518931166732346, 7.924777336216955
-3.3518931166732346, 10.924777336216955
-1.3518931166732346, 10.924777336216955
-2.3518931166732346, 12.924777336216955
-2.3518931166732346, 8.924777336216955
-3.3518931166732346, 11.924777336216955
-3.3518931166732346, 10.924777336216955
-3.3518931166732346, 9.924777336216955
-3.3518931166732346, 10.924777336216955
-3.3518931166732346, 9.924777336216955
-3.3518931166732346, 11.924777336216955
-3.3518931166732346, 9.924777336216955
-3.3518931166732346, 10.924777336216955
-3.3518931166732346, 10.924777336216955
-3.3518931166732346, 10.924777336216955
-3.3518931166732346, 10.924777336216955
-3.3518931166732346, 10.924777336216955
-3.3518931166732346, 10.924777336216955
-2.3518931166732346, 10.924777336216955
-4.351893116673235, 10.924777336216955
-1.3518931166732346, 10.924777336216955
-3.3518931166732346, 9.924777336216955
-3.3518931166732346, 9.924777336216955
-3.3518931166732346, 9.924777336216955
-3.3518931166732346, 9.924777336216955
-3.3518931166732346, 9.924777336216955
-2.3518931166732346, 9.924777336216955
-3.3518931166732346, 9.924777336216955
-4.351893116673235, 12.924777336216955
-1.3518931166732346, 9.924777336216955
-3.3518931166732346, 10.924777336216955
-3.3518931166732346, 10.924777336216955
-2.3518931166732346, 10.924777336216955
-3.3518931166732346, 9.924777336216955
-2.3518931166732346, 9.924777336216955
-3.3518931166732346, 10.924777336216955
-3.3518931166732346, 9.924777336216955
-3.3518931166732346, 10.924777336216955
-3.3518931166732346, 10.924777336216955
-3.3518931166732346, 9.924777336216955
-3.3518931166732346, 10.924777336216955
-3.3518931166732346, 10.924777336216955
-3.3518931166732346, 10.924777336216955
-2.3518931166732346, 11.924777336216955
-3.3518931166732346, 9.924777336216955
-3.3518931166732346, 10.924777336216955
-3.3518931166732346, 9.924777336216955
-3.3518931166732346, 10.924777336216955
-3.3518931166732346, 10.924777336216955
-3.3518931166732346, 9.924777336216955
-2.3518931166732346, 9.924777336216955
-3.3518931166732346, 10.924777336216955
-3.3518931166732346, 9.924777336216955
-3.3518931166732346, 10.924777336216955
-3.3518931166732346, 11.924777336216955
-3.3518931166732346, 10.924777336216955
-3.3518931166732346, 9.924777336216955
-3.3518931166732346, 9.924777336216955
-3.3518931166732346, 10.924777336216955
-4.351893116673235, 10.924777336216955
-3.3518931166732346, 10.924777336216955
-3.3518931166732346, 10.924777336216955
-3.3518931166732346, 10.924777336216955
-3.3518931166732346, 9.924777336216955
-3.3518931166732346, 11.924777336216955
-3.3518931166732346, 9.924777336216955
-2.3518931166732346, 11.924777336216955
-2.3518931166732346, 10.924777336216955
-3.3518931166732346, 10.924777336216955
-3.3518931166732346, 10.924777336216955
-3.3518931166732346, 9.924777336216955
-4.351893116673235, 9.924777336216955
-3.3518931166732346, 10.924777336216955
-3.3518931166732346, 9.924777336216955
-3.3518931166732346, 10.924777336216955
-3.3518931166732346, 10.924777336216955
-2.3518931166732346, 9.924777336216955
-4.351893116673235, 10.924777336216955
-3.3518931166732346, 10.924777336216955
-2.3518931166732346, 10.924777336216955
-3.3518931166732346, 10.924777336216955
-3.3518931166732346, 9.924777336216955
-3.3518931166732346, 9.924777336216955
-3.3518931166732346, 9.924777336216955
-3.3518931166732346, 9.924777336216955
-3.3518931166732346, 11.924777336216955
-3.3518931166732346, 10.924777336216955
-3.3518931166732346, 10.924777336216955
-2.3518931166732346, 10.924777336216955
-3.3518931166732346, 10.924777336216955
-3.3518931166732346, 10.924777336216955
-3.3518931166732346, 9.924777336216955
-3.3518931166732346, 10.924777336216955
-3.3518931166732346, 10.924777336216955
-3.3518931166732346, 10.924777336216955
-3.3518931166732346, 9.924777336216955
-3.3518931166732346, 9.924777336216955
-3.3518931166732346, 9.924777336216955
-3.3518931166732346, 9.924777336216955
-3.3518931166732346, 10.924777336216955
-3.3518931166732346, 10.924777336216955
-3.3518931166732346, 9.924777336216955
-3.3518931166732346, 9.924777336216955
-3.3518931166732346, 9.924777336216955
-3.3518931166732346, 10.924777336216955
-3.3518931166732346, 10.924777336216955
-3.3518931166732346, 9.924777336216955
-3.3518931166732346, 9.924777336216955
-3.3518931166732346, 9.924777336216955
-3.3518931166732346, 9.924777336216955
-3.3518931166732346, 9.924777336216955
-3.3518931166732346, 8.924777336216955
-3.3518931166732346, 10.924777336216955
-3.3518931166732346, 9.924777336216955
-3.3518931166732346, 9.924777336216955
-3.3518931166732346, 9.924777336216955
-3.3518931166732346, 10.924777336216955
-2.3518931166732346, 10.924777336216955
-4.351893116673235, 10.924777336216955
-3.3518931166732346, 9.924777336216955
-3.3518931166732346, 9.924777336216955
-3.3518931166732346, 10.924777336216955
-3.3518931166732346, 10.924777336216955
-3.3518931166732346, 10.924777336216955
-3.3518931166732346, 10.924777336216955
-3.3518931166732346, 9.924777336216955
-3.3518931166732346, 9.924777336216955
-3.3518931166732346, 10.924777336216955
-3.3518931166732346, 8.924777336216955
-3.3518931166732346, 11.924777336216955
-3.3518931166732346, 9.924777336216955
-3.3518931166732346, 10.924777336216955
-3.3518931166732346, 10.924777336216955
-3.3518931166732346, 10.924777336216955
-3.3518931166732346, 9.924777336216955
-3.3518931166732346, 9.924777336216955
-3.3518931166732346, 10.924777336216955
-3.3518931166732346, 9.924777336216955
-3.3518931166732346, 8.924777336216955
-4.351893116673235, 10.924777336216955
-3.3518931166732346, 10.924777336216955
-3.3518931166732346, 9.924777336216955
-3.3518931166732346, 9.924777336216955
-3.3518931166732346, 10.924777336216955
-3.3518931166732346, 10.924777336216955
-3.3518931166732346, 11.924777336216955
-3.3518931166732346, 10.924777336216955
-3.3518931166732346, 9.924777336216955
-3.3518931166732346, 9.924777336216955
-3.3518931166732346, 10.924777336216955
-3.3518931166732346, 9.924777336216955
-3.3518931166732346, 9.924777336216955
-3.3518931166732346, 10.924777336216955
-3.3518931166732346, 10.924777336216955
-3.3518931166732346, 9.924777336216955
-2.3518931166732346, 9.924777336216955
-3.3518931166732346, 9.924777336216955
data
-16.0, 2.0
-11.0, 4.0
-21.0, 7.0
-21.0, 6.0
-19.0, 5.0
-19.0, 3.0
-14.0, 6.0
-27.0, 3.0
-7.0, 5.0
-19.0, 1.0000000000000002
-9.0, -3.0
-17.0, 6.0
-14.0, 3.0
-22.0, 6.0
-18.0, 6.0
-20.0, 6.0
-20.0, 6.0
-19.0, 5.0
-18.0, 4.0
-19.0, 6.0
-19.0, 5.0
-19.0, 5.0
-18.0, 6.0
-18.0, 5.0
-17.0, 5.0
-18.0, 4.0
-18.0, 5.0
-17.0, 4.0
-17.0, 5.0
-18.0, 4.0
-19.0, 5.0
-18.0, 4.0
-18.0, 5.0
-18.0, 4.0
-18.0, 5.0
-17.0, 5.0
-19.0, 4.0
-19.0, 5.0
-18.0, 4.0
-18.0, 3.0
-19.0, 5.0
-19.0, 4.0
-18.0, 5.0
-18.0, 5.0
-19.0, 4.0
-18.0, 5.0
-19.0, 4.0
-19.0, 4.0
-16.0, 5.0
-17.0, 5.0
-18.0, 4.0
-18.0, 6.0
-18.0, 4.0
-18.0, 5.0
-18.0, 5.0
-18.0, 4.0
-17.0, 4.0
-18.0, 3.0
-19.0, 5.0
-18.0, 5.0
-19.0, 5.0
-18.0, 5.0
-19.0, 5.0
-18.0, 4.0
-17.0, 4.0
-17.0, 5.0
-18.0, 4.0
-17.0, 4.0
-19.0, 5.0
-17.0, 5.0
-18.0, 5.0
-18.0, 4.0
-16.0, 4.0
-18.0, 4.0
-18.0, 5.0
-19.0, 5.0
-17.0, 6.0
-18.0, 6.0
-18.0, 5.0
-17.0, 5.0
-18.0, 4.0
-18.0, 4.0
-18.0, 4.0
-19.0, 6.0
-18.0, 5.0
-18.0, 4.0
-17.0, 5.0
-18.0, 4.0
-17.0, 3.0
-18.0, 4.0
-19.0, 5.0
-18.0, 4.0
-18.0, 5.0
-17.0, 5.0
-17.0, 4.0
-16.0, 5.0
data
-16.0, -5.075222663783045
-11.0, -7.075222663783045
-21.0, -10.075222663783045
-21.0, -9.075222663783045
-19.0, -8.075222663783045
-19.0, -6.075222663783045
-14.0, -9.075222663783045
-27.0, -6.075222663783045
-7.0, -8.075222663783045
-19.0, -4.075222663783045
-9.0, -0.07522266378304421
-17.0, -9.075222663783045
-14.0, -6.075222663783045
-22.0, -9.075222663783045
-18.0, -9.075222663783045
-20.0, -9.075222663783045
-20.0, -9.075222663783045
-19.0, -8.075222663783045
-18.0, -7.075222663783045
-19.0, -9.075222663783045
-19.0, -8.075222663783045
-19.0, -8.075222663783045
-18.0, -9.075222663783045
-18.0, -8.075222663783045
-17.0, -8.075222663783045
-18.0, -7.075222663783045
-18.0, -8.075222663783045
-17.0, -7.075222663783045
-17.0, -8.075222663783045
-18.0, -7.075222663783045
-19.0, -8.075222663783045
-18.0, -7.075222663783045
-18.0, -8.075222663783045
-18.0, -7.075222663783045
-18.0, -8.075222663783045
-17.0, -8.075222663783045
-19.0, -7.075222663783045
-19.0, -8.075222663783045
-18.0, -7.075222663783045
-18.0, -6.075222663783045
-19.0, -8.075222663783045
-19.0, -7.075222663783045
-18.0, -8.075222663783045
-18.0, -8.075222663783045
-19.0, -7.075222663783045
-18.0, -8.075222663783045
-19.0, -7.075222663783045
-19.0, -7.075222663783045
-16.0, -8.075222663783045
-17.0, -8.075222663783045
-18.0, -7.075222663783045
-18.0, -9.075222663783045
-18.0, -7.075222663783045
-18.0, -8.075222663783045
-18.0, -8.075222663783045
-18.0, -7.075222663783045
-17.0, -7.075222663783045
-18.0, -6.075222663783045
-19.0, -8.075222663783045
-18.0, -8.075222663783045
-19.0, -8.075222663783045
-18.0, -8.075222663783045
-19.0, -8.075222663783045
-18.0, -7.075222663783045
-17.0, -7.075222663783045
-17.0, -8.075222663783045
-18.0, -7.075222663783045
-17.0, -7.075222663783045
-19.0, -8.075222663783045
-17.0, -8.075222663783045
-18.0, -8.075222663783045
-18.0, -7.075222663783045
-16.0, -7.075222663783045
-18.0, -7.075222663783045
-18.0, -8.075222663783045
-19.0, -8.075222663783045
-17.0, -9.075222663783045
-18.0, -9.075222663783045
-18.0, -8.075222663783045
-17.0, -8.075222663783045
-18.0, -7.075222663783045
-18.0, -7.075222663783045
-18.0, -7.075222663783045
-19.0, -9.075222663783045
-18.0, -8.075222663783045
-18.0, -7.075222663783045
-17.0, -8.075222663783045
-18.0, -7.075222663783045
-17.0, -6.075222663783045
-18.0, -7.075222663783045
-19.0, -8.075222663783045
-18.0, -7.075222663783045
-18.0, -8.075222663783045
-17.0, -8.075222663783045
-17.0, -7.075222663783045
-16.0, -8.075222663783045
data
12.648106883326765, 2.0
7.648106883326765, 4.0
17.64810688332677, 7.0
17.64810688332677, 6.0
15.648106883326767, 5.0
15.648106883326767, 3.0
10.648106883326765, 6.0
23.64810688332677, 3.0
3.648106883326765, 5.0
15.648106883326767, 1.0000000000000002
5.648106883326765, -3.0
13.648106883326765, 6.0
10.648106883326765, 3.0
18.64810688332677, 6.0
14.648106883326767, 6.0
16.64810688332677, 6.0
16.64810688332677, 6.0
15.648106883326767, 5.0
14.648106883326767, 4.0
15.648106883326767, 6.0
15.648106883326767, 5.0
15.648106883326767, 5.0
14.648106883326767, 6.0
14.648106883326767, 5.0
13.648106883326765, 5.0
14.648106883326767, 4.0
14.648106883326767, 5.0
13.648106883326765, 4.0
13.648106883326765, 5.0
14.648106883326767, 4.0
15.648106883326767, 5.0
14.648106883326767, 4.0
14.648106883326767, 5.0
14.648106883326767, 4.0
14.648106883326767, 5.0
13.648106883326765, 5.0
15.648106883326767, 4.0
15.648106883326767, 5.0
14.648106883326767, 4.0
14.648106883326767, 3.0
15.648106883326767, 5.0
15.648106883326767, 4.0
14.648106883326767, 5.0
14.648106883326767, 5.0
15.648106883326767, 4.0
14.648106883326767, 5.0
15.648106883326767, 4.0
15.648106883326767, 4.0
12.648106883326765, 5.0
13.648106883326765, 5.0
14.648106883326767, 4.0
14.648106883326767, 6.0
14.648106883326767, 4.0
14.648106883326767, 5.0
14.648106883326767, 5.0
14.648106883326767, 4.0
13.648106883326765, 4.0
14.648106883326767, 3.0
15.648106883326767, 5.0
14.648106883326767, 5.0
15.648106883326767, 5.0
14.648106883326767, 5.0
15.648106883326767, 5.0
14.648106883326767, 4.0
13.648106883326765, 4.0
13.648106883326765, 5.0
14.648106883326767, 4.0
13.648106883326765, 4.0
15.648106883326767, 5.0
13.648106883326765, 5.0
14.648106883326767, 5.0
14.648106883326767, 4.0
12.648106883326765, 4.0
14.648106883326767, 4.0
14.648106883326767, 5.0
15.648106883326767, 5.0
13.648106883326765, 6.0
14.648106883326767, 6.0
14.648106883326767, 5.0
13.648106883326765, 5.0
14.648106883326767, 4.0
14.648106883326767, 4.0
14.648106883326767, 4.0
15.648106883326767, 6.0
14.648106883326767, 5.0
14.648106883326767, 4.0
13.648106883326765, 5.0
14.648106883326767, 4.0
13.648106883326765, 3.0
14.648106883326767, 4.0
15.648106883326767, 5.0
14.648106883326767, 4.0
14.648106883326767, 5.0
13.648106883326765, 5.0
13.648106883326765, 4.0
12.648106883326765, 5.0
data
12.648106883326765, -5.075222663783045
7.648106883326765, -7.075222663783045
17.64810688332677, -10.075222663783045
17.64810688332677, -9.075222663783045
15.648106883326767, -8.075222663783045
15.648106883326767, -6.075222663783045
10.648106883326765, -9.075222663783045
23.64810688332677, -6.075222663783045
3.648106883326765, -8.075222663783045
15.648106883326767, -4.075222663783045
5.648106883326765, -0.07522266378304421
13.648106883326765, -9.075222663783045
10.648106883326765, -6.075222663783045
18.64810688332677, -9.075222663783045
14.648106883326767, -9.075222663783045
16.64810688332677, -9.075222663783045
16.64810688332677, -9.075222663783045
15.648106883326767, -8.075222663783045
14.648106883326767, -7.075222663783045
15.648106883326767, -9.075222663783045
15.648106883326767, -8.075222663783045
15.648106883326767, -8.075222663783045
14.648106883326767, -9.075222663783045
14.648106883326767, -8.075222663783045
13.648106883326765, -8.075222663783045
14.648106883326767, -7.075222663783045
14.648106883326767, -8.075222663783045
13.648106883326765, -7.075222663783045
13.648106883326765, -8.075222663783045
14.648106883326767, -7.075222663783045
15.648106883326767, -8.075222663783045
14.648106883326767, -7.075222663783045
14.648106883326767, -8.075222663783045
14.648106883326767, -7.075222663783045
14.648106883326767, -8.075222663783045
13.648106883326765, -8.075222663783045
15.648106883326767, -7.075222663783045
15.648106883326767, -8.075222663783045
14.648106883326767, -7.075222663783045
14.648106883326767, -6.075222663783045
15.648106883326767, -8.075222663783045
15.648106883326767, -7.075222663783045
14.648106883326767, -8.075222663783045
14.648106883326767, -8.075222663783045
15.648106883326767, -7.075222663783045
14.648106883326767, -8.075222663783045
15.648106883326767, -7.075222663783045
15.648106883326767, -7.075222663783045
12.648106883326765, -8.075222663783045
13.648106883326765, -8.075222663783045
14.648106883326767, -7.075222663783045
14.648106883326767, -9.075222663783045
14.648106883326767, -7.075222663783045
14.648106883326767, -8.075222663783045
14.648106883326767, -8.075222663783045
14.648106883326767, -7.075222663783045
13.648106883326765, -7.075222663783045
14.648106883326767, -6.075222663783045
15.648106883326767, -8.075222663783045
14.648106883326767, -8.075222663783045
15.648106883326767, -8.075222663783045
14.648106883326767, -8.075222663783045
15.648106883326767, -8.075222663783045
14.648106883326767, -7.075222663783045
13.648106883326765, -7.075222663783045
13.648106883326765, -8.075222663783045
14.648106883326767, -7.075222663783045
13.648106883326765, -7.075222663783045
15.648106883326767, -8.075222663783045
13.648106883326765, -8.075222663783045
14.648106883326767, -8.075222663783045
14.648106883326767, -7.075222663783045
12.648106883326765, -7.075222663783045
14.648106883326767, -7.075222663783045
14.648106883326767, -8.075222663783045
15.648106883326767, -8.075222663783045
13.648106883326765, -9.075222663783045
14.648106883326767, -9.075222663783045
14.648106883326767, -8.075222663783045
13.648106883326765, -8.075222663783045
14.648106883326767, -7.075222663783045
14.648106883326767, -7.075222663783045
14.648106883326767, -7.075222663783045
15.648106883326767, -9.075222663783045
14.648106883326767, -8.075222663783045
14.648106883326767, -7.075222663783045
13.648106883326765, -8.075222663783045
14.648106883326767, -7.075222663783045
13.648106883326765, -6.075222663783045
14.648106883326767, -7.075222663783045
15.648106883326767, -8.075222663783045
14.648106883326767, -7.075222663783045
14.648106883326767, -8.075222663783045
13.648106883326765, -8.075222663783045
13.648106883326765, -7.075222663783045
12.648106883326765, -8.075222663783045
data
-7.0, 17.0
-11.0, 14.0
-13.0, 14.0
-11.0, 15.0
-10.0, 14.0
-10.0, 13.0
-11.0, 14.0
-10.0, 15.0
-10.0, 16.0
-12.0, 16.0
-11.0, 15.0
-10.0, 15.0
-7.0, 14.0
-12.0, 14.0
-8.0, 33.0
-10.0, -1.0
-14.0, 11.0
-11.0, 16.0
-9.0, 18.0
-12.0, 16.0
-10.0, 15.0
-8.0, 12.0
-9.0, 12.0
8.0, 15.0
-8.0, 14.0
-3.0, 12.0
214.0, -107.0
133.0, -36.0
104.0, -12.0
203.0, -35.0
260.0, -26.0
284.0, 59.0
218.0, 152.0
223.0, 205.0
120.0, 248.0
78.0, 277.0
35.0, 322.0
-23.0, 407.0
-53.0, 497.0
-82.0, 566.0
-142.0, 599.0
-251.0, 705.0
-222.0, 662.0
-248.0, 559.0
-216.0, 496.0
-225.0, 442.0
-251.0, 339.0
-306.0, 245.0
-308.0, 166.0
-343.0, 37.0
-308.0, -92.0
-228.0, -279.0
-161.0, -359.0
-142.0, -336.0
-97.0, -396.0
-97.0, -425.0
-88.0, -500.0
-86.0, -561.0
-13.0, -630.0
-50.0, -652.0
22.0, -632.0
39.0, -630.0
91.0, -675.0
125.0, -680.0
161.0, -606.0
170.0, -585.0
273.0, -595.0
305.0, -529.0
317.0, -523.0
377.0, -386.0
432.0, -292.0
445.0, -248.0
470.0, -120.0
465.0, -94.0
482.0, -72.0
475.0, 1.0000000000000002
442.0, 74.0
403.0, 166.0
352.0, 258.0
286.0, 320.0
273.0, 273.0
237.0, 255.0
182.0, 262.0
180.0, 331.0
109.0, 470.0
26.0, 546.0
-27.0, 634.0
-65.0, 724.0
-129.0, 775.0
-92.0, 725.0
-127.0, 694.0
-164.0, 639.0
-283.0, 543.0
-258.0, 536.0
-299.0, 435.0
-289.0, 335.0
-252.0, 261.0
-261.0, 181.0
-194.0, 156.0
-208.0, 128.0
-198.0, 110.0
-217.0, 74.0
-196.0, 88.0
-135.0, -34.0
-43.0, -71.0
-50.0, -110.0
5.0, -132.0
4.0, -99.0
-22.0, -41.0
-35.0, -64.0
-47.0, -131.0
-79.0, -205.0
-73.0, -255.0
-61.0, -333.0
10.0, -403.0
46.0, -416.0
58.0, -403.0
67.0, -348.0
41.0, -301.0
9.0, -236.0
42.0, -233.0
-35.0, -167.0
-9.0, -150.0
13.0, -86.0
33.0, -71.0
65.0, -50.0
37.0, -54.0
14.0, -53.0
-3.0, -25.0
6.0, -52.0
1.0000000000000002, -47.0
5.0, -59.0
7.0, -51.0
47.0, 29.0
47.0, -17.0
31.000000000000004, -25.0
21.0, -48.0
25.0, -38.0
23.0, -21.0
45.0, -15.0
37.0, 27.0
43.0, 71.0
50.0, 108.0
32.0, 129.0
19.0, 150.0
18.0, 139.0
4.0, 174.0
7.0, 138.0
22.0, 99.0
-4.0, 87.0
-3.0, 70.0
-10.0, 85.0
-62.0, 101.0
-28.0, 79.0
-50.0, 36.0
-40.0, 26.0
-50.0, 3.0
-27.0, -4.0
-53.0, 1.0000000000000002
-56.0, -3.0
-55.0, 35.0
-58.0, 31.999999999999996
-50.0, 22.0
-17.0, -22.0
6.0, -65.0
8.0, -48.0
4.0, -33.0
-9.0, 7.0
-10.0, 11.0
-10.0, 13.0
-11.0, 14.0
-9.0, 11.0
-12.0, 15.0
-11.0, 15.0
-11.0, 13.0
-10.0, 12.0
-12.0, 12.0
-10.0, 13.0
-10.0, 13.0
-11.0, 14.0
-9.0, 11.0
-11.0, 14.0
-10.0, 15.0
-11.0, 14.0
-11.0, 13.0
-28.0, -4.0
-2.0, 26.0
-11.0, 9.0
data
-7.0, -20.075222663783045
-11.0, -17.075222663783045
-13.0, -17.075222663783045
-11.0, -18.075222663783045
-10.0, -17.075222663783045
-10.0, -16.075222663783045
-11.0, -17.075222663783045
-10.0, -18.075222663783045
-10.0, -19.075222663783045
-12.0, -19.075222663783045
-11.0, -18.075222663783045
-10.0, -18.075222663783045
-7.0, -17.075222663783045
-12.0, -17.075222663783045
-8.0, -36.07522266378304
-10.0, -2.075222663783044
-14.0, -14.075222663783045
-11.0, -19.075222663783045
-9.0, -21.075222663783045
-12.0, -19.075222663783045
-10.0, -18.075222663783045
-8.0, -15.075222663783045
-9.0, -15.075222663783045
8.0, -18.075222663783045
-8.0, -17.075222663783045
-3.0, -15.075222663783045
214.0, 103.92477733621695
133.0, 32.92477733621696
104.0, 8.924777336216955
203.0, 31.92477733621696
260.0, 22.924777336216955
284.0, -62.07522266378304
218.0, -155.07522266378305
223.0, -208.07522266378305
120.0, -251.07522266378305
78.0, -280.07522266378305
35.0, -325.07522266378305
-23.0, -410.07522266378305
-53.0, -500.07522266378305
-82.0, -569.075222663783
-142.0, -602.075222663783
-251.0, -708.075222663783
-222.0, -665.075222663783
-248.0, -562.075222663783
-216.0, -499.07522266378305
-225.0, -445.07522266378305
-251.0, -342.07522266378305
-306.0, -248.07522266378305
-308.0, -169.07522266378305
-343.0, -40.07522266378304
-308.0, 88.92477733621695
-228.0, 275.92477733621695
-161.0, 355.92477733621695
-142.0, 332.92477733621695
-97.0, 392.92477733621695
-97.0, 421.92477733621695
-88.0, 496.92477733621695
-86.0, 557.924777336217
-13.0, 626.924777336217
-50.0, 648.924777336217
22.0, 628.924777336217
39.0, 626.924777336217
91.0, 671.924777336217
125.0, 676.924777336217
161.0, 602.924777336217
170.0, 581.924777336217
273.0, 591.924777336217
305.0, 525.924777336217
317.0, 519.924777336217
377.0, 382.92477733621695
432.0, 288.92477733621695
445.0, 244.92477733621695
470.0, 116.92477733621695
465.0, 90.92477733621695
482.0, 68.92477733621695
475.0, -4.075222663783045
442.0, -77.07522266378305
403.0, -169.07522266378305
352.0, -261.07522266378305
286.0, -323.07522266378305
273.0, -276.07522266378305
237.0, -258.07522266378305
182.0, -265.07522266378305
180.0, -334.07522266378305
109.0, -473.07522266378305
26.0, -549.075222663783
-27.0, -637.075222663783
-65.0, -727.075222663783
-129.0, -778.075222663783
-92.0, -728.075222663783
-127.0, -697.075222663783
-164.0, -642.075222663783
-283.0, -546.075222663783
-258.0, -539.075222663783
-299.0, -438.07522266378305
-289.0, -338.07522266378305
-252.0, -264.07522266378305
-261.0, -184.07522266378305
-194.0, -159.07522266378305
-208.0, -131.07522266378305
-198.0, -113.07522266378305
-217.0, -77.07522266378305
-196.0, -91.07522266378305
-135.0, 30.92477733621696
-43.0, 67.92477733621695
-50.0, 106.92477733621695
5.0, 128.92477733621695
4.0, 95.92477733621695
-22.0, 37.92477733621696
-35.0, 60.92477733621696
-47.0, 127.92477733621695
-79.0, 201.92477733621695
-73.0, 251.92477733621695
-61.0, 329.92477733621695
10.0, 399.92477733621695
46.0, 412.92477733621695
58.0, 399.92477733621695
67.0, 344.92477733621695
41.0, 297.92477733621695
9.0, 232.92477733621695
42.0, 229.92477733621695
-35.0, 163.92477733621695
-9.0, 146.92477733621695
13.0, 82.92477733621695
33.0, 67.92477733621695
65.0, 46.92477733621696
37.0, 50.92477733621696
14.0, 49.92477733621696
-3.0, 21.924777336216955
6.0, 48.92477733621696
1.0000000000000002, 43.92477733621696
5.0, 55.92477733621696
7.0, 47.92477733621696
47.0, -32.075222663783045
47.0, 13.924777336216955
31.000000000000004, 21.924777336216955
21.0, 44.92477733621696
25.0, 34.92477733621696
23.0, 17.924777336216955
45.0, 11.924777336216955
37.0, -30.075222663783045
43.0, -74.07522266378305
50.0, -111.07522266378305
32.0, -132.07522266378305
19.0, -153.07522266378305
18.0, -142.07522266378305
4.0, -177.07522266378305
7.0, -141.07522266378305
22.0, -102.07522266378305
-4.0, -90.07522266378305
-3.0, -73.07522266378305
-10.0, -88.07522266378305
-62.0, -104.07522266378305
-28.0, -82.07522266378305
-50.0, -39.07522266378304
-40.0, -29.075222663783045
-50.0, -6.075222663783045
-27.0, 0.9247773362169556
-53.0, -4.075222663783045
-56.0, -0.07522266378304421
-55.0, -38.07522266378304
-58.0, -35.07522266378304
-50.0, -25.075222663783045
-17.0, 18.924777336216955
6.0, 61.92477733621696
8.0, 44.92477733621696
4.0, 29.924777336216955
-9.0, -10.075222663783045
-10.0, -14.075222663783045
-10.0, -16.075222663783045
-11.0, -17.075222663783045
-9.0, -14.075222663783045
-12.0, -18.075222663783045
-11.0, -18.075222663783045
-11.0, -16.075222663783045
-10.0, -15.075222663783045
-12.0, -15.075222663783045
-10.0, -16.075222663783045
-10.0, -16.075222663783045
-11.0, -17.075222663783045
-9.0, -14.075222663783045
-11.0, -17.075222663783045
-10.0, -18.075222663783045
-11.0, -17.075222663783045
-11.0, -16.075222663783045
-28.0, 0.9247773362169556
-2.0, -29.075222663783045
-11.0, -12.075222663783045
data
3.648106883326765, 17.0
7.648106883326765, 14.0
9.648106883326765, 14.0
7.648106883326765, 15.0
6.648106883326765, 14.0
6.648106883326765, 13.0
7.648106883326765, 14.0
6.648106883326765, 15.0
6.648106883326765, 16.0
8.648106883326765, 16.0
7.648106883326765, 15.0
6.648106883326765, 15.0
3.648106883326765, 14.0
8.648106883326765, 14.0
4.648106883326765, 33.0
6.648106883326765, -1.0
10.648106883326765, 11.0
7.648106883326765, 16.0
5.648106883326765, 18.0
8.648106883326765, 16.0
6.648106883326765, 15.0
4.648106883326765, 12.0
5.648106883326765, 12.0
-11.351893116673235, 15.0
4.648106883326765, 14.0
-0.35189311667323464, 12.0
-217.35189311667324, -107.0
-136.35189311667324, -36.0
-107.35189311667324, -12.0
-206.35189311667324, -35.0
-263.3518931166732, -26.0
-287.3518931166732, 59.0
-221.35189311667324, 152.0
-226.35189311667324, 205.0
-123.35189311667324, 248.0
-81.35189311667324, 277.0
-38.35189311667324, 322.0
19.64810688332677, 407.0
49.64810688332676, 497.0
78.64810688332676, 566.0
138.64810688332676, 599.0
247.64810688332676, 705.0
218.64810688332676, 662.0
244.64810688332676, 559.0
212.64810688332676, 496.0
221.64810688332676, 442.0
247.64810688332676, 339.0
302.6481068833268, 245.0
304.6481068833268, 166.0
339.6481068833268, 37.0
304.6481068833268, -92.0
224.64810688332676, -279.0
157.64810688332676, -359.0
138.64810688332676, -336.0
93.64810688332676, -396.0
93.64810688332676, -425.0
84.64810688332676, -500.0
82.64810688332676, -561.0
9.648106883326765, -630.0
46.64810688332676, -652.0
-25.35189311667323, -632.0
-42.35189311667324, -630.0
-94.35189311667324, -675.0
-128.35189311667324, -680.0
-164.35189311667324, -606.0
-173.35189311667324, -585.0
-276.3518931166732, -595.0
-308.3518931166732, -529.0
-320.3518931166732, -523.0
-380.3518931166732, -386.0
-435.3518931166732, -292.0
-448.3518931166732, -248.0
-473.3518931166732, -120.0
-468.3518931166732, -94.0
-485.3518931166732, -72.0
-478.3518931166732, 1.0000000000000002
-445.3518931166732, 74.0
-406.3518931166732, 166.0
-355.3518931166732, 258.0
-289.3518931166732, 320.0
-276.3518931166732, 273.0
-240.35189311667324, 255.0
-185.35189311667324, 262.0
-183.35189311667324, 331.0
-112.35189311667324, 470.0
-29.35189311667323, 546.0
23.64810688332677, 634.0
61.64810688332676, 724.0
125.64810688332676, 775.0
88.64810688332676, 725.0
123.64810688332676, 694.0
160.64810688332676, 639.0
279.6481068833268, 543.0
254.6481068833268, 536.0
295.6481068833268, 435.0
285.6481068833268, 335.0
248.64810688332676, 261.0
257.6481068833268, 181.0
190.64810688332676, 156.0
204.64810688332676, 128.0
194.64810688332676, 110.0
213.64810688332676, 74.0
192.64810688332676, 88.0
131.64810688332676, -34.0
39.64810688332676, -71.0
46.64810688332676, -110.0
-8.351893116673235, -132.0
-7.351893116673235, -99.0
18.64810688332677, -41.0
31.648106883326765, -64.0
43.64810688332676, -131.0
75.64810688332676, -205.0
69.64810688332676, -255.0
57.64810688332676, -333.0
-13.351893116673235, -403.0
-49.35189311667324, -416.0
-61.35189311667324, -403.0
-70.35189311667324, -348.0
-44.35189311667324, -301.0
-12.351893116673235, -236.0
-45.35189311667324, -233.0
31.648106883326765, -167.0
5.648106883326765, -150.0
-16.351893116673235, -86.0
-36.35189311667324, -71.0
-68.35189311667324, -50.0
-40.35189311667324, -54.0
-17.351893116673235, -53.0
-0.35189311667323464, -25.0
-9.351893116673235, -52.0
-4.351893116673235, -47.0
-8.351893116673235, -59.0
-10.351893116673235, -51.0
-50.35189311667324, 29.0
-50.35189311667324, -17.0
-34.35189311667324, -25.0
-24.35189311667323, -48.0
-28.35189311667323, -38.0
-26.35189311667323, -21.0
-48.35189311667324, -15.0
-40.35189311667324, 27.0
-46.35189311667324, 71.0
-53.35189311667324, 108.0
-35.35189311667324, 129.0
-22.35189311667323, 150.0
-21.35189311667323, 139.0
-7.351893116673235, 174.0
-10.351893116673235, 138.0
-25.35189311667323, 99.0
0.6481068833267651, 87.0
-0.35189311667323464, 70.0
6.648106883326765, 85.0
58.64810688332676, 101.0
24.64810688332677, 79.0
46.64810688332676, 36.0
36.64810688332676, 26.0
46.64810688332676, 3.0
23.64810688332677, -4.0
49.64810688332676, 1.0000000000000002
52.64810688332676, -3.0
51.64810688332676, 35.0
54.64810688332676, 31.999999999999996
46.64810688332676, 22.0
13.648106883326765, -22.0
-9.351893116673235, -65.0
-11.351893116673235, -48.0
-7.351893116673235, -33.0
5.648106883326765, 7.0
6.648106883326765, 11.0
6.648106883326765, 13.0
7.648106883326765, 14.0
5.648106883326765, 11.0
8.648106883326765, 15.0
7.648106883326765, 15.0
7.648106883326765, 13.0
6.648106883326765, 12.0
8.648106883326765, 12.0
6.648106883326765, 13.0
6.648106883326765, 13.0
7.648106883326765, 14.0
5.648106883326765, 11.0
7.648106883326765, 14.0
6.648106883326765, 15.0
7.648106883326765, 14.0
7.648106883326765, 13.0
24.64810688332677, -4.0
-1.3518931166732346, 26.0
7.648106883326765, 9.0
data
3.648106883326765, -20.075222663783045
7.648106883326765, -17.075222663783045
9.648106883326765, -17.075222663783045
7.648106883326765, -18.075222663783045
6.648106883326765, -17.075222663783045
6.648106883326765, -16.075222663783045
7.648106883326765, -17.075222663783045
6.648106883326765, -18.075222663783045
6.648106883326765, -19.075222663783045
8.648106883326765, -19.075222663783045
7.648106883326765, -18.075222663783045
6.648106883326765, -18.075222663783045
3.648106883326765, -17.075222663783045
8.648106883326765, -17.075222663783045
4.648106883326765, -36.07522266378304
6.648106883326765, -2.075222663783044
10.648106883326765, -14.075222663783045
7.648106883326765, -19.075222663783045
5.648106883326765, -21.075222663783045
8.648106883326765, -19.075222663783045
6.648106883326765, -18.075222663783045
4.648106883326765, -15.075222663783045
5.648106883326765, -15.075222663783045
-11.351893116673235, -18.075222663783045
4.648106883326765, -17.075222663783045
-0.35189311667323464, -15.075222663783045
-217.35189311667324, 103.92477733621695
-136.35189311667324, 32.92477733621696
-107.35189311667324, 8.924777336216955
-206.35189311667324, 31.92477733621696
-263.3518931166732, 22.924777336216955
-287.3518931166732, -62.07522266378304
-221.35189311667324, -155.07522266378305
-226.35189311667324, -208.07522266378305
-123.35189311667324, -251.07522266378305
-81.35189311667324, -280.07522266378305
-38.35189311667324, -325.07522266378305
19.64810688332677, -410.07522266378305
49.64810688332676, -500.07522266378305
78.64810688332676, -569.075222663783
138.64810688332676, -602.075222663783
247.64810688332676, -708.075222663783
218.64810688332676, -665.075222663783
244.64810688332676, -562.075222663783
212.64810688332676, -499.07522266378305
221.64810688332676, -445.07522266378305
247.64810688332676, -342.07522266378305
302.6481068833268, -248.07522266378305
304.6481068833268, -169.07522266378305
339.6481068833268, -40.07522266378304
304.6481068833268, 88.92477733621695
224.64810688332676, 275.92477733621695
157.64810688332676, 355.92477733621695
138.64810688332676, 332.92477733621695
93.64810688332676, 392.92477733621695
93.64810688332676, 421.92477733621695
84.64810688332676, 496.92477733621695
82.64810688332676, 557.924777336217
9.648106883326765, 626.924777336217
46.64810688332676, 648.924777336217
-25.35189311667323, 628.924777336217
-42.35189311667324, 626.924777336217
-94.35189311667324, 671.924777336217
-128.35189311667324, 676.924777336217
-164.35189311667324, 602.924777336217
-173.35189311667324, 581.924777336217
-276.3518931166732, 591.924777336217
-308.3518931166732, 525.924777336217
-320.3518931166732, 519.924777336217
-380.3518931166732, 382.92477733621695
-435.3518931166732, 288.92477733621695
-448.3518931166732, 244.92477733621695
-473.3518931166732, 116.92477733621695
-468.3518931166732, 90.92477733621695
-485.3518931166732, 68.92477733621695
-478.3518931166732, -4.075222663783045
-445.3518931166732, -77.07522266378305
-406.3518931166732, -169.07522266378305
-355.3518931166732, -261.07522266378305
-289.3518931166732, -323.07522266378305
-276.3518931166732, -276.07522266378305
-240.35189311667324, -258.07522266378305
-185.35189311667324, -265.07522266378305
-183.35189311667324, -334.07522266378305
-112.35189311667324, -473.07522266378305
-29.35189311667323, -549.075222663783
23.64810688332677, -637.075222663783
61.64810688332676, -727.075222663783
125.64810688332676, -778.075222663783
88.64810688332676, -728.075222663783
123.64810688332676, -697.075222663783
160.64810688332676, -642.075222663783
279.6481068833268, -546.075222663783
254.6481068833268, -539.075222663783
295.6481068833268, -438.07522266378305
285.6481068833268, -338.07522266378305
248.64810688332676, -264.07522266378305
257.6481068833268, -184.07522266378305
190.64810688332676, -159.07522266378305
204.64810688332676, -131.07522266378305
194.64810688332676, -113.07522266378305
213.64810688332676, -77.07522266378305
192.64810688332676, -91.07522266378305
131.64810688332676, 30.92477733621696
39.64810688332676, 67.92477733621695
46.64810688332676, 106.92477733621695
-8.351893116673235, 128.92477733621695
-7.351893116673235, 95.92477733621695
18.64810688332677, 37.92477733621696
31.648106883326765, 60.92477733621696
43.64810688332676, 127.92477733621695
75.64810688332676, 201.92477733621695
69.64810688332676, 251.92477733621695
57.64810688332676, 329.92477733621695
-13.351893116673235, 399.92477733621695
-49.35189311667324, 412.92477733621695
-61.35189311667324, 399.92477733621695
-70.35189311667324, 344.92477733621695
-44.35189311667324, 297.92477733621695
-12.351893116673235, 232.92477733621695
-45.35189311667324, 229.92477733621695
31.648106883326765, 163.92477733621695
5.648106883326765, 146.92477733621695
-16.351893116673235, 82.92477733621695
-36.35189311667324, 67.92477733621695
-68.35189311667324, 46.92477733621696
-40.35189311667324, 50.92477733621696
-17.351893116673235, 49.92477733621696
-0.35189311667323464, 21.924777336216955
-9.351893116673235, 48.92477733621696
-4.351893116673235, 43.92477733621696
-8.351893116673235, 55.92477733621696
-10.351893116673235, 47.92477733621696
-50.35189311667324, -32.075222663783045
-50.35189311667324, 13.924777336216955
-34.35189311667324, 21.924777336216955
-24.35189311667323, 44.92477733621696
-28.35189311667323, 34.92477733621696
-26.35189311667323, 17.924777336216955
-48.35189311667324, 11.924777336216955
-40.35189311667324, -30.075222663783045
-46.35189311667324, -74.07522266378305
-53.35189311667324, -111.07522266378305
-35.35189311667324, -132.07522266378305
-22.35189311667323, -153.07522266378305
-21.35189311667323, -142.07522266378305
-7.351893116673235, -177.07522266378305
-10.351893116673235, -141.07522266378305
-25.35189311667323, -102.07522266378305
0.6481068833267651, -90.07522266378305
-0.35189311667323464, -73.07522266378305
6.648106883326765, -88.07522266378305
58.64810688332676, -104.07522266378305
24.64810688332677, -82.07522266378305
46.64810688332676, -39.07522266378304
36.64810688332676, -29.075222663783045
46.64810688332676, -6.075222663783045
23.64810688332677, 0.9247773362169556
49.64810688332676, -4.075222663783045
52.64810688332676, -0.07522266378304421
51.64810688332676, -38.07522266378304
54.64810688332676, -35.07522266378304
46.64810688332676, -25.075222663783045
13.648106883326765, 18.924777336216955
-9.351893116673235, 61.92477733621696
-11.351893116673235, 44.92477733621696
-7.351893116673235, 29.924777336216955
5.648106883326765, -10.075222663783045
6.648106883326765, -14.075222663783045
6.648106883326765, -16.075222663783045
7.648106883326765, -17.075222663783045
5.648106883326765, -14.075222663783045
8.648106883326765, -18.075222663783045
7.648106883326765, -18.075222663783045
7.648106883326765, -16.075222663783045
6.648106883326765, -15.075222663783045
8.648106883326765, -15.075222663783045
6.648106883326765, -16.075222663783045
6.648106883326765, -16.075222663783045
7.648106883326765, -17.075222663783045
5.648106883326765, -14.075222663783045
7.648106883326765, -17.075222663783045
6.648106883326765, -18.075222663783045
7.648106883326765, -17.075222663783045
7.648106883326765, -16.075222663783045
24.64810688332677, 0.9247773362169556
-1.3518931166732346, -29.075222663783045
7.648106883326765, -12.075222663783045
data
-15.0, 21.0
-4.0, 5.0
-11.0, 16.0
-10.0, 12.0
-8.0, 10.0
-8.0, 13.0
-9.0, 14.0
-12.0, 14.0
-11.0, 13.0
-10.0, 13.0
-13.0, 12.0
-6.0, 15.0
-6.0, 13.0
-10.0, 21.0
-58.0, 36.0
-190.0, 194.0
-151.0, 265.0
-86.0, 206.0
-195.0, 182.0
-204.0, 202.0
-128.0, 103.0
-154.0, 14.0
-174.0, -56.0
-125.0, -95.0
-143.0, -191.0
-137.0, -223.0
-114.0, -302.0
-119.0, -384.0
-112.0, -442.0
-79.0, -429.0
-57.0, -442.0
8.0, -413.0
-15.0, -445.0
51.0, -387.0
62.0, -335.0
108.0, -343.0
76.0, -263.0
77.0, -230.0
63.0, -189.0
77.0, -159.0
75.0, -119.0
57.0, -79.0
70.0, -94.0
76.0, -84.0
86.0, -65.0
84.0, -24.0
100.0, -26.0
130.0, -13.0
112.0, 13.0
107.0, 26.0
116.0, 76.0
138.0, 77.0
169.0, -4.0
204.0, -23.0
220.0, 20.0
210.0, 116.0
230.0, 166.0
241.0, 228.0
248.0, 222.0
233.0, 199.0
243.0, 222.0
263.0, 258.0
247.0, 281.0
235.0, 293.0
247.0, 355.0
281.0, 439.0
184.0, 476.0
134.0, 493.0
138.0, 495.0
93.0, 542.0
18.0, 591.0
-25.0, 623.0
-51.0, 644.0
-40.0, 633.0
-48.0, 614.0
-73.0, 583.0
-141.0, 554.0
-220.0, 449.0
-261.0, 343.0
-280.0, 279.0
-320.0, 191.0
-278.0, 120.0
-329.0, 46.0
-270.0, -21.0
-305.0, -148.0
-302.0, -189.0
-275.0, -314.0
-276.0, -421.0
-180.0, -536.0
-127.0, -519.0
-110.0, -538.0
-100.0, -536.0
-101.0, -520.0
-42.0, -563.0
-67.0, -585.0
-47.0, -574.0
-18.0, -503.0
-38.0, -444.0
34.0, -372.0
36.0, -347.0
77.0, -373.0
86.0, -384.0
96.0, -342.0
112.0, -280.0
133.0, -264.0
129.0, -239.0
152.0, -183.0
196.0, -124.0
190.0, -101.0
183.0, -104.0
210.0, -77.0
208.0, -57.0
194.0, -9.0
209.0, 48.0
188.0, 94.0
214.0, 138.0
188.0, 81.0
185.0, 117.0
160.0, 143.0
171.0, 128.0
122.0, 159.0
137.0, 177.0
127.0, 216.0
78.0, 227.0
107.0, 251.0
89.0, 240.0
74.0, 260.0
51.0, 251.0
26.0, 238.0
-5.0, 261.0
1.0000000000000002, 275.0
-3.0, 218.0
-15.0, 232.0
-26.0, 240.0
-60.0, 246.0
-71.0, 219.0
-62.0, 187.0
-76.0, 137.0
-19.0, 110.0
-52.0, 104.0
-73.0, 101.0
13.0, 76.0
-29.0, 31.999999999999996
-13.0, -9.0
2.0, 5.0
-14.0, 11.0
8.0, 27.0
-23.0, 51.0
36.0, 58.0
41.0, 36.0
14.999999999999998, -6.0
60.0, -31.0
-3.0, -46.0
9.0, -9.0
1.0000000000000002, 15.0
-67.0, 20.0
-72.0, 39.0
-83.0, 13.0
-63.0, -4.0
-97.0, 8.0
-144.0, 37.0
-102.0, 40.0
-126.0, 58.0
-83.0, 40.0
-91.0, 46.0
-98.0, 15.0
-89.0, -24.0
-104.0, -50.0
-117.0, -12.0
-100.0, -9.0
-21.0, -3.0
-11.0, 13.0
-11.0, 13.0
-9.0, 15.0
-11.0, 13.0
-9.0, 14.0
-8.0, 13.0
-9.0, 10.0
-12.0, 15.0
-11.0, 13.0
-10.0, 13.0
-10.0, 14.0
data
-15.0, -24.075222663783045
-4.0, -8.075222663783045
-11.0, -19.075222663783045
-10.0, -15.075222663783045
-8.0, -13.075222663783045
-8.0, -16.075222663783045
-9.0, -17.075222663783045
-12.0, -17.075222663783045
-11.0, -16.075222663783045
-10.0, -16.075222663783045
-13.0, -15.075222663783045
-6.0, -18.075222663783045
-6.0, -16.075222663783045
-10.0, -24.075222663783045
-58.0, -39.07522266378304
-190.0, -197.07522266378305
-151.0, -268.07522266378305
-86.0, -209.07522266378305
-195.0, -185.07522266378305
-204.0, -205.07522266378305
-128.0, -106.07522266378305
-154.0, -17.075222663783045
-174.0, 52.92477733621696
-125.0, 91.92477733621695
-143.0, 187.92477733621695
-137.0, 219.92477733621695
-114.0, 298.92477733621695
-119.0, 380.92477733621695
-112.0, 438.92477733621695
-79.0, 425.92477733621695
-57.0, 438.92477733621695
8.0, 409.92477733621695
-15.0, 441.92477733621695
51.0, 383.92477733621695
62.0, 331.92477733621695
108.0, 339.92477733621695
76.0, 259.92477733621695
77.0, 226.92477733621695
63.0, 185.92477733621695
77.0, 155.92477733621695
75.0, 115.92477733621695
57.0, 75.92477733621695
70.0, 90.92477733621695
76.0, 80.92477733621695
86.0, 61.92477733621696
84.0, 20.924777336216955
100.0, 22.924777336216955
130.0, 9.924777336216955
112.0, -16.075222663783045
107.0, -29.075222663783045
116.0, -79.07522266378305
138.0, -80.07522266378305
169.0, 0.9247773362169556
204.0, 19.924777336216955
220.0, -23.075222663783045
210.0, -119.07522266378305
230.0, -169.07522266378305
241.0, -231.07522266378305
248.0, -225.07522266378305
233.0, -202.07522266378305
243.0, -225.07522266378305
263.0, -261.07522266378305
247.0, -284.07522266378305
235.0, -296.07522266378305
247.0, -358.07522266378305
281.0, -442.07522266378305
184.0, -479.07522266378305
134.0, -496.07522266378305
138.0, -498.07522266378305
93.0, -545.075222663783
18.0, -594.075222663783
-25.0, -626.075222663783
-51.0, -647.075222663783
-40.0, -636.075222663783
-48.0, -617.075222663783
-73.0, -586.075222663783
-141.0, -557.075222663783
-220.0, -452.07522266378305
-261.0, -346.07522266378305
-280.0, -282.07522266378305
-320.0, -194.07522266378305
-278.0, -123.07522266378305
-329.0, -49.07522266378304
-270.0, 17.924777336216955
-305.0, 144.92477733621695
-302.0, 185.92477733621695
-275.0, 310.92477733621695
-276.0, 417.92477733621695
-180.0, 532.924777336217
-127.0, 515.924777336217
-110.0, 534.924777336217
-100.0, 532.924777336217
-101.0, 516.924777336217
-42.0, 559.924777336217
-67.0, 581.924777336217
-47.0, 570.924777336217
-18.0, 499.92477733621695
-38.0, 440.92477733621695
34.0, 368.92477733621695
36.0, 343.92477733621695
77.0, 369.92477733621695
86.0, 380.92477733621695
96.0, 338.92477733621695
112.0, 276.92477733621695
133.0, 260.92477733621695
129.0, 235.92477733621695
152.0, 179.92477733621695
196.0, 120.92477733621695
190.0, 97.92477733621695
183.0, 100.92477733621695
210.0, 73.92477733621695
208.0, 53.92477733621696
194.0, 5.924777336216955
209.0, -51.07522266378304
188.0, -97.07522266378305
214.0, -141.07522266378305
188.0, -84.07522266378305
185.0, -120.07522266378305
160.0, -146.07522266378305
171.0, -131.07522266378305
122.0, -162.07522266378305
137.0, -180.07522266378305
127.0, -219.07522266378305
78.0, -230.07522266378305
107.0, -254.07522266378305
89.0, -243.07522266378305
74.0, -263.07522266378305
51.0, -254.07522266378305
26.0, -241.07522266378305
-5.0, -264.07522266378305
1.0000000000000002, -278.07522266378305
-3.0, -221.07522266378305
-15.0, -235.07522266378305
-26.0, -243.07522266378305
-60.0, -249.07522266378305
-71.0, -222.07522266378305
-62.0, -190.07522266378305
-76.0, -140.07522266378305
-19.0, -113.07522266378305
-52.0, -107.07522266378305
-73.0, -104.07522266378305
13.0, -79.07522266378305
-29.0, -35.07522266378304
-13.0, 5.924777336216955
2.0, -8.075222663783045
-14.0, -14.075222663783045
8.0, -30.075222663783045
-23.0, -54.07522266378304
36.0, -61.07522266378304
41.0, -39.07522266378304
14.999999999999998, 2.9247773362169553
60.0, 27.924777336216955
-3.0, 42.92477733621696
9.0, 5.924777336216955
1.0000000000000002, -18.075222663783045
-67.0, -23.075222663783045
-72.0, -42.07522266378304
-83.0, -16.075222663783045
-63.0, 0.9247773362169556
-97.0, -11.075222663783045
-144.0, -40.07522266378304
-102.0, -43.07522266378304
-126.0, -61.07522266378304
-83.0, -43.07522266378304
-91.0, -49.07522266378304
-98.0, -18.075222663783045
-89.0, 20.924777336216955
-104.0, 46.92477733621696
-117.0, 8.924777336216955
-100.0, 5.924777336216955
-21.0, -0.07522266378304421
-11.0, -16.075222663783045
-11.0, -16.075222663783045
-9.0, -18.075222663783045
-11.0, -16.075222663783045
-9.0, -17.075222663783045
-8.0, -16.075222663783045
-9.0, -13.075222663783045
-12.0, -18.075222663783045
-11.0, -16.075222663783045
-10.0, -16.075222663783045
-10.0, -17.075222663783045
data
11.648106883326765, 21.0
0.6481068833267651, 5.0
7.648106883326765, 16.0
6.648106883326765, 12.0
4.648106883326765, 10.0
4.648106883326765, 13.0
5.648106883326765, 14.0
8.648106883326765, 14.0
7.648106883326765, 13.0
6.648106883326765, 13.0
9.648106883326765, 12.0
2.648106883326765, 15.0
2.648106883326765, 13.0
6.648106883326765, 21.0
54.64810688332676, 36.0
186.64810688332676, 194.0
147.64810688332676, 265.0
82.64810688332676, 206.0
191.64810688332676, 182.0
200.64810688332676, 202.0
124.64810688332676, 103.0
150.64810688332676, 14.0
170.64810688332676, -56.0
121.64810688332676, -95.0
139.64810688332676, -191.0
133.64810688332676, -223.0
110.64810688332676, -302.0
115.64810688332676, -384.0
108.64810688332676, -442.0
75.64810688332676, -429.0
53.64810688332676, -442.0
-11.351893116673235, -413.0
11.648106883326765, -445.0
-54.35189311667324, -387.0
-65.35189311667324, -335.0
-111.35189311667324, -343.0
-79.35189311667324, -263.0
-80.35189311667324, -230.0
-66.35189311667324, -189.0
-80.35189311667324, -159.0
-78.35189311667324, -119.0
-60.35189311667324, -79.0
-73.35189311667324, -94.0
-79.35189311667324, -84.0
-89.35189311667324, -65.0
-87.35189311667324, -24.0
-103.35189311667324, -26.0
-133.35189311667324, -13.0
-115.35189311667324, 13.0
-110.35189311667324, 26.0
-119.35189311667324, 76.0
-141.35189311667324, 77.0
-172.35189311667324, -4.0
-207.35189311667324, -23.0
-223.35189311667324, 20.0
-213.35189311667324, 116.0
-233.35189311667324, 166.0
-244.35189311667324, 228.0
-251.35189311667324, 222.0
-236.35189311667324, 199.0
-246.35189311667324, 222.0
-266.3518931166732, 258.0
-250.35189311667324, 281.0
-238.35189311667324, 293.0
-250.35189311667324, 355.0
-284.3518931166732, 439.0
-187.35189311667324, 476.0
-137.35189311667324, 493.0
-141.35189311667324, 495.0
-96.35189311667324, 542.0
-21.35189311667323, 591.0
21.64810688332677, 623.0
47.64810688332676, 644.0
36.64810688332676, 633.0
44.64810688332676, 614.0
69.64810688332676, 583.0
137.64810688332676, 554.0
216.64810688332676, 449.0
257.6481068833268, 343.0
276.6481068833268, 279.0
316.6481068833268, 191.0
274.6481068833268, 120.0
325.6481068833268, 46.0
266.6481068833268, -21.0
301.6481068833268, -148.0
298.6481068833268, -189.0
271.6481068833268, -314.0
272.6481068833268, -421.0
176.64810688332676, -536.0
123.64810688332676, -519.0
106.64810688332676, -538.0
96.64810688332676, -536.0
97.64810688332676, -520.0
38.64810688332676, -563.0
63.64810688332676, -585.0
43.64810688332676, -574.0
14.648106883326767, -503.0
34.64810688332676, -444.0
-37.35189311667324, -372.0
-39.35189311667324, -347.0
-80.35189311667324, -373.0
-89.35189311667324, -384.0
-99.35189311667324, -342.0
-115.35189311667324, -280.0
-136.35189311667324, -264.0
-132.35189311667324, -239.0
-155.35189311667324, -183.0
-199.35189311667324, -124.0
-193.35189311667324, -101.0
-186.35189311667324, -104.0
-213.35189311667324, -77.0
-211.35189311667324, -57.0
-197.35189311667324, -9.0
-212.35189311667324, 48.0
-191.35189311667324, 94.0
-217.35189311667324, 138.0
-191.35189311667324, 81.0
-188.35189311667324, 117.0
-163.35189311667324, 143.0
-174.35189311667324, 128.0
-125.35189311667324, 159.0
-140.35189311667324, 177.0
-130.35189311667324, 216.0
-81.35189311667324, 227.0
-110.35189311667324, 251.0
-92.35189311667324, 240.0
-77.35189311667324, 260.0
-54.35189311667324, 251.0
-29.35189311667323, 238.0
1.6481068833267651, 261.0
-4.351893116673235, 275.0
-0.35189311667323464, 218.0
11.648106883326765, 232.0
22.64810688332677, 240.0
56.64810688332676, 246.0
67.64810688332676, 219.0
58.64810688332676, 187.0
72.64810688332676, 137.0
15.648106883326767, 110.0
48.64810688332676, 104.0
69.64810688332676, 101.0
-16.351893116673235, 76.0
25.64810688332677, 31.999999999999996
9.648106883326765, -9.0
-5.351893116673235, 5.0
10.648106883326765, 11.0
-11.351893116673235, 27.0
19.64810688332677, 51.0
-39.35189311667324, 58.0
-44.35189311667324, 36.0
-18.35189311667323, -6.0
-63.35189311667324, -31.0
-0.35189311667323464, -46.0
-12.351893116673235, -9.0
-4.351893116673235, 15.0
63.64810688332676, 20.0
68.64810688332676, 39.0
79.64810688332676, 13.0
59.64810688332676, -4.0
93.64810688332676, 8.0
140.64810688332676, 37.0
98.64810688332676, 40.0
122.64810688332676, 58.0
79.64810688332676, 40.0
87.64810688332676, 46.0
94.64810688332676, 15.0
85.64810688332676, -24.0
100.64810688332676, -50.0
113.64810688332676, -12.0
96.64810688332676, -9.0
17.64810688332677, -3.0
7.648106883326765, 13.0
7.648106883326765, 13.0
5.648106883326765, 15.0
7.648106883326765, 13.0
5.648106883326765, 14.0
4.648106883326765, 13.0
5.648106883326765, 10.0
8.648106883326765, 15.0
7.648106883326765, 13.0
6.648106883326765, 13.0
6.648106883326765, 14.0
data
11.648106883326765, -24.075222663783045
0.6481068833267651, -8.075222663783045
7.648106883326765, -19.075222663783045
6.648106883326765, -15.075222663783045
4.648106883326765, -13.075222663783045
4.648106883326765, -16.075222663783045
5.648106883326765, -17.075222663783045
8.648106883326765, -17.075222663783045
7.648106883326765, -16.075222663783045
6.648106883326765, -16.075222663783045
9.648106883326765, -15.075222663783045
2.648106883326765, -18.075222663783045
2.648106883326765, -16.075222663783045
6.648106883326765, -24.075222663783045
54.64810688332676, -39.07522266378304
186.64810688332676, -197.07522266378305
147.64810688332676, -268.07522266378305
82.64810688332676, -209.07522266378305
191.64810688332676, -185.07522266378305
200.64810688332676, -205.07522266378305
124.64810688332676, -106.07522266378305
150.64810688332676, -17.075222663783045
170.64810688332676, 52.92477733621696
121.64810688332676, 91.92477733621695
139.64810688332676, 187.92477733621695
133.64810688332676, 219.92477733621695
110.64810688332676, 298.92477733621695
115.64810688332676, 380.92477733621695
108.64810688332676, 438.92477733621695
75.64810688332676, 425.92477733621695
53.64810688332676, 438.92477733621695
-11.351893116673235, 409.92477733621695
11.648106883326765, 441.92477733621695
-54.35189311667324, 383.92477733621695
-65.35189311667324, 331.92477733621695
-111.35189311667324, 339.92477733621695
-79.35189311667324, 259.92477733621695
-80.35189311667324, 226.92477733621695
-66.35189311667324, 185.92477733621695
-80.35189311667324, 155.92477733621695
-78.35189311667324, 115.92477733621695
-60.35189311667324, 75.92477733621695
-73.35189311667324, 90.92477733621695
-79.35189311667324, 80.92477733621695
-89.35189311667324, 61.92477733621696
-87.35189311667324, 20.924777336216955
-103.35189311667324, 22.924777336216955
-133.35189311667324, 9.924777336216955
-115.35189311667324, -16.075222663783045
-110.35189311667324, -29.075222663783045
-119.35189311667324, -79.07522266378305
-141.35189311667324, -80.07522266378305
-172.35189311667324, 0.9247773362169556
-207.35189311667324, 19.924777336216955
-223.35189311667324, -23.075222663783045
-213.35189311667324, -119.07522266378305
-233.35189311667324, -169.07522266378305
-244.35189311667324, -231.07522266378305
-251.35189311667324, -225.07522266378305
-236.35189311667324, -202.07522266378305
-246.35189311667324, -225.07522266378305
-266.3518931166732, -261.07522266378305
-250.35189311667324, -284.07522266378305
-238.35189311667324, -296.07522266378305
-250.35189311667324, -358.07522266378305
-284.3518931166732, -442.07522266378305
-187.35189311667324, -479.07522266378305
-137.35189311667324, -496.07522266378305
-141.35189311667324, -498.07522266378305
-96.35189311667324, -545.075222663783
-21.35189311667323, -594.075222663783
21.64810688332677, -626.075222663783
47.64810688332676, -647.075222663783
36.64810688332676, -636.075222663783
44.64810688332676, -617.075222663783
69.64810688332676, -586.075222663783
137.64810688332676, -557.075222663783
216.64810688332676, -452.07522266378305
257.6481068833268, -346.07522266378305
276.6481068833268, -282.07522266378305
316.6481068833268, -194.07522266378305
274.6481068833268, -123.07522266378305
325.6481068833268, -49.07522266378304
266.6481068833268, 17.924777336216955
301.6481068833268, 144.92477733621695
298.6481068833268, 185.92477733621695
271.6481068833268, 310.92477733621695
272.6481068833268, 417.92477733621695
176.64810688332676, 532.924777336217
123.64810688332676, 515.924777336217
106.64810688332676, 534.924777336217
96.64810688332676, 532.924777336217
97.64810688332676, 516.924777336217
38.64810688332676, 559.924777336217
63.64810688332676, 581.924777336217
43.64810688332676, 570.924777336217
14.648106883326767, 499.92477733621695
34.64810688332676, 440.92477733621695
-37.35189311667324, 368.92477733621695
-39.35189311667324, 343.92477733621695
-80.35189311667324, 369.92477733621695
-89.35189311667324, 380.92477733621695
-99.35189311667324, 338.92477733621695
-115.35189311667324, 276.92477733621695
-136.35189311667324, 260.92477733621695
-132.35189311667324, 235.92477733621695
-155.35189311667324, 179.92477733621695
-199.35189311667324, 120.92477733621695
-193.35189311667324, 97.92477733621695
-186.35189311667324, 100.92477733621695
-213.35189311667324, 73.92477733621695
-211.35189311667324, 53.92477733621696
-197.35189311667324, 5.924777336216955
-212.35189311667324, -51.07522266378304
-191.35189311667324, -97.07522266378305
-217.35189311667324, -141.07522266378305
-191.35189311667324, -84.07522266378305
-188.35189311667324, -120.07522266378305
-163.35189311667324, -146.07522266378305
-174.35189311667324, -131.07522266378305
-125.35189311667324, -162.07522266378305
-140.35189311667324, -180.07522266378305
-130.35189311667324, -219.07522266378305
-81.35189311667324, -230.07522266378305
-110.35189311667324, -254.07522266378305
-92.35189311667324, -243.07522266378305
-77.35189311667324, -263.07522266378305
-54.35189311667324, -254.07522266378305
-29.35189311667323, -241.07522266378305
1.6481068833267651, -264.07522266378305
-4.351893116673235, -278.07522266378305
-0.35189311667323464, -221.07522266378305
11.648106883326765, -235.07522266378305
22.64810688332677, -243.07522266378305
56.64810688332676, -249.07522266378305
67.64810688332676, -222.07522266378305
58.64810688332676, -190.07522266378305
72.64810688332676, -140.07522266378305
15.648106883326767, -113.07522266378305
48.64810688332676, -107.07522266378305
69.64810688332676, -104.07522266378305
-16.351893116673235, -79.07522266378305
25.64810688332677, -35.07522266378304
9.648106883326765, 5.924777336216955
-5.351893116673235, -8.075222663783045
10.648106883326765, -14.075222663783045
-11.351893116673235, -30.075222663783045
19.64810688332677, -54.07522266378304
-39.35189311667324, -61.07522266378304
-44.35189311667324, -39.07522266378304
-18.35189311667323, 2.9247773362169553
-63.35189311667324, 27.924777336216955
-0.35189311667323464, 42.92477733621696
-12.351893116673235, 5.924777336216955
-4.351893116673235, -18.075222663783045
63.64810688332676, -23.075222663783045
68.64810688332676, -42.07522266378304
79.64810688332676, -16.075222663783045
59.64810688332676, 0.9247773362169556
93.64810688332676, -11.075222663783045
140.64810688332676, -40.07522266378304
98.64810688332676, -43.07522266378304
122.64810688332676, -61.07522266378304
79.64810688332676, -43.07522266378304
87.64810688332676, -49.07522266378304
94.64810688332676, -18.075222663783045
85.64810688332676, 20.924777336216955
100.64810688332676, 46.92477733621696
113.64810688332676, 8.924777336216955
96.64810688332676, 5.924777336216955
17.64810688332677, -0.07522266378304421
7.648106883326765, -16.075222663783045
7.648106883326765, -16.075222663783045
5.648106883326765, -18.075222663783045
7.648106883326765, -16.075222663783045
5.648106883326765, -17.075222663783045
4.648106883326765, -16.075222663783045
5.648106883326765, -13.075222663783045
8.648106883326765, -18.075222663783045
7.648106883326765, -16.075222663783045
6.648106883326765, -16.075222663783045
6.648106883326765, -17.075222663783045
data
-10.0, 13.0
-26.0, 20.0
-11.0, 15.0
-11.0, 16.0
-10.0, 15.0
-11.0, 14.0
-11.0, 14.0
-11.0, 14.0
-10.0, 13.0
-15.0, 11.0
-7.0, 17.0
-6.0, 13.0
-13.0, 20.0
0.0, 10.0
0.0, 24.0
36.0, 27.0
222.0, 83.0
126.0, 109.0
201.0, 142.0
230.0, 115.0
233.0, 137.0
183.0, 152.0
82.0, 164.0
44.0, 184.0
13.0, 190.0
21.0, 164.0
-11.0, 233.0
-18.0, 302.0
-33.0, 363.0
-64.0, 392.0
-66.0, 446.0
-94.0, 428.0
-143.0, 434.0
-169.0, 434.0
-239.0, 407.0
-224.0, 343.0
-273.0, 293.0
-273.0, 192.0
-278.0, 74.0
-299.0, 27.0
-332.0, -36.0
-325.0, -89.0
-300.0, -115.0
-163.0, -253.0
-116.0, -308.0
-118.0, -420.0
-67.0, -432.0
-52.0, -490.0
9.0, -510.0
65.0, -542.0
111.0, -492.0
101.0, -462.0
136.0, -437.0
133.0, -422.0
140.0, -396.0
156.0, -388.0
217.0, -398.0
224.0, -420.0
264.0, -401.0
271.0, -383.0
321.0, -315.0
339.0, -245.0
293.0, -216.0
244.0, -131.0
225.0, -154.0
192.0, -105.0
148.0, -58.0
162.0, 13.0
131.0, 88.0
145.0, 136.0
191.0, 192.0
197.0, 271.0
164.0, 254.00000000000003
114.0, 202.0
74.0, 238.0
25.0, 308.0
-17.0, 396.0
-25.0, 464.0
-71.0, 470.0
-32.0, 463.0
-38.0, 478.0
-39.0, 456.0
-64.0, 432.0
-66.0, 390.0
-134.0, 347.0
-116.0, 340.0
-174.0, 323.0
-171.0, 283.0
-156.0, 204.0
-137.0, 192.0
-171.0, 212.0
-182.0, 187.0
-147.0, 135.0
-152.0, 88.0
-200.0, 34.0
-167.0, -21.0
-211.0, -25.0
-194.0, -34.0
-180.0, -38.0
-190.0, -72.0
-116.0, -84.0
-115.0, -83.0
-73.0, -139.0
-36.0, -192.0
-47.0, -205.0
-20.0, -224.0
-34.0, -222.0
-20.0, -188.0
5.0, -188.0
42.0, -155.0
78.0, -185.0
111.0, -213.0
108.0, -180.0
105.0, -168.0
82.0, -118.0
70.0, -82.0
55.0, -83.0
90.0, -63.0
72.0, -49.0
92.0, -22.0
43.0, -15.0
83.0, 21.0
28.0, 40.0
33.0, 46.0
47.0, 67.0
37.0, 73.0
14.0, 63.00000000000001
4.0, 50.0
-12.0, 15.0
-13.0, 13.0
-12.0, 11.0
-12.0, 11.0
-13.0, 12.0
-12.0, 14.0
-11.0, 15.0
14.999999999999998, 9.0
-25.0, 34.0
10.0, 37.0
1.0000000000000002, 14.0
-38.0, 8.0
-11.0, 31.999999999999996
-35.0, 11.0
-27.0, 26.0
-12.0, -6.0
-11.0, 23.0
-9.0, 3.0
-6.0, 11.0
-10.0, 10.0
-11.0, 13.0
-13.0, 13.0
-8.0, 10.0
-2.0, 23.0
-13.0, 7.0
-9.0, 14.0
-23.0, 2.0
-16.0, 10.0
-12.0, 13.0
-12.0, 14.0
-11.0, 15.0
-5.0, 16.0
6.0, 31.999999999999996
-31.0, 0.0
12.0, 33.0
-24.0, 1.0000000000000002
-9.0, 16.0
-15.0, 8.0
8.0, 28.0
-32.0, -2.0
3.0, 29.0
-27.0, 0.0
0.0, 21.0
-14.0, 8.0
-5.0, 23.0
-2.0, 20.0
3.0, 34.0
-19.0, 7.0
-27.0, -2.0
-30.0, -5.0
0.0, 18.0
-21.0, 3.0
3.0, 24.0
3.0, 16.0
4.0, 10.0
-9.0, 20.0
-12.0, 40.0
-1.0, 23.0
-5.0, 10.0
-18.0, -3.0
-4.0, 4.0
0.0, 11.0
-22.0, 14.0
-5.0, 20.0
-16.0, 16.0
2.0, 25.0
2.0, 26.0
-42.0, 10.0
10.0, 25.0
-11.0, 9.0
-23.0, 2.0
-26.0, 2.0
-10.0, 24.0
-24.0, 3.0
-28.0, -1.0
-22.0, 3.0
-21.0, 4.0
-1.0, 25.0
-15.0, 10.0
-3.0, 16.0
2.0, 21.0
-9.0, 9.0
-16.0, 10.0
1.0000000000000002, 25.0
-38.0, 0.0
-4.0, 26.0
-28.0, 0.0
-14.0, 7.0
-17.0, 5.0
-11.0, 13.0
-10.0, 15.0
-10.0, 15.0
-9.0, 15.0
-11.0, 14.0
-14.0, 13.0
-11.0, 13.0
-10.0, 14.0
-10.0, 15.0
-10.0, 15.0
-8.0, 18.0
-12.0, 10.0
-11.0, 13.0
-10.0, 13.0
-10.0, 13.0
-10.0, 12.0
data
-10.0, -16.075222663783045
-26.0, -23.075222663783045
-11.0, -18.075222663783045
-11.0, -19.075222663783045
-10.0, -18.075222663783045
-11.0, -17.075222663783045
-11.0, -17.075222663783045
-11.0, -17.075222663783045
-10.0, -16.075222663783045
-15.0, -14.075222663783045
-7.0, -20.075222663783045
-6.0, -16.075222663783045
-13.0, -23.075222663783045
0.0, -13.075222663783045
0.0, -27.075222663783045
36.0, -30.075222663783045
222.0, -86.07522266378305
126.0, -112.07522266378305
201.0, -145.07522266378305
230.0, -118.07522266378305
233.0, -140.07522266378305
183.0, -155.07522266378305
82.0, -167.07522266378305
44.0, -187.07522266378305
13.0, -193.07522266378305
21.0, -167.07522266378305
-11.0, -236.07522266378305
-18.0, -305.07522266378305
-33.0, -366.07522266378305
-64.0, -395.07522266378305
-66.0, -449.07522266378305
-94.0, -431.07522266378305
-143.0, -437.07522266378305
-169.0, -437.07522266378305
-239.0, -410.07522266378305
-224.0, -346.07522266378305
-273.0, -296.07522266378305
-273.0, -195.07522266378305
-278.0, -77.07522266378305
-299.0, -30.075222663783045
-332.0, 32.92477733621696
-325.0, 85.92477733621695
-300.0, 111.92477733621695
-163.0, 249.92477733621695
-116.0, 304.92477733621695
-118.0, 416.92477733621695
-67.0, 428.92477733621695
-52.0, 486.92477733621695
9.0, 506.92477733621695
65.0, 538.924777336217
111.0, 488.92477733621695
101.0, 458.92477733621695
136.0, 433.92477733621695
133.0, 418.92477733621695
140.0, 392.92477733621695
156.0, 384.92477733621695
217.0, 394.92477733621695
224.0, 416.92477733621695
264.0, 397.92477733621695
271.0, 379.92477733621695
321.0, 311.92477733621695
339.0, 241.92477733621695
293.0, 212.92477733621695
244.0, 127.92477733621695
225.0, 150.92477733621695
192.0, 101.92477733621695
148.0, 54.92477733621696
162.0, -16.075222663783045
131.0, -91.07522266378305
145.0, -139.07522266378305
191.0, -195.07522266378305
197.0, -274.07522266378305
164.0, -257.07522266378305
114.0, -205.07522266378305
74.0, -241.07522266378305
25.0, -311.07522266378305
-17.0, -399.07522266378305
-25.0, -467.07522266378305
-71.0, -473.07522266378305
-32.0, -466.07522266378305
-38.0, -481.07522266378305
-39.0, -459.07522266378305
-64.0, -435.07522266378305
-66.0, -393.07522266378305
-134.0, -350.07522266378305
-116.0, -343.07522266378305
-174.0, -326.07522266378305
-171.0, -286.07522266378305
-156.0, -207.07522266378305
-137.0, -195.07522266378305
-171.0, -215.07522266378305
-182.0, -190.07522266378305
-147.0, -138.07522266378305
-152.0, -91.07522266378305
-200.0, -37.07522266378304
-167.0, 17.924777336216955
-211.0, 21.924777336216955
-194.0, 30.92477733621696
-180.0, 34.92477733621696
-190.0, 68.92477733621695
-116.0, 80.92477733621695
-115.0, 79.92477733621695
-73.0, 135.92477733621695
-36.0, 188.92477733621695
-47.0, 201.92477733621695
-20.0, 220.92477733621695
-34.0, 218.92477733621695
-20.0, 184.92477733621695
5.0, 184.92477733621695
42.0, 151.92477733621695
78.0, 181.92477733621695
111.0, 209.92477733621695
108.0, 176.92477733621695
105.0, 164.92477733621695
82.0, 114.92477733621695
70.0, 78.92477733621695
55.0, 79.92477733621695
90.0, 59.92477733621696
72.0, 45.92477733621696
92.0, 18.924777336216955
43.0, 11.924777336216955
83.0, -24.075222663783045
28.0, -43.07522266378304
33.0, -49.07522266378304
47.0, -70.07522266378305
37.0, -76.07522266378305
14.0, -66.07522266378305
4.0, -53.07522266378304
-12.0, -18.075222663783045
-13.0, -16.075222663783045
-12.0, -14.075222663783045
-12.0, -14.075222663783045
-13.0, -15.075222663783045
-12.0, -17.075222663783045
-11.0, -18.075222663783045
14.999999999999998, -12.075222663783045
-25.0, -37.07522266378304
10.0, -40.07522266378304
1.0000000000000002, -17.075222663783045
-38.0, -11.075222663783045
-11.0, -35.07522266378304
-35.0, -14.075222663783045
-27.0, -29.075222663783045
-12.0, 2.9247773362169553
-11.0, -26.075222663783045
-9.0, -6.075222663783045
-6.0, -14.075222663783045
-10.0, -13.075222663783045
-11.0, -16.075222663783045
-13.0, -16.075222663783045
-8.0, -13.075222663783045
-2.0, -26.075222663783045
-13.0, -10.075222663783045
-9.0, -17.075222663783045
-23.0, -5.075222663783045
-16.0, -13.075222663783045
-12.0, -16.075222663783045
-12.0, -17.075222663783045
-11.0, -18.075222663783045
-5.0, -19.075222663783045
6.0, -35.07522266378304
-31.0, -3.075222663783044
12.0, -36.07522266378304
-24.0, -4.075222663783045
-9.0, -19.075222663783045
-15.0, -11.075222663783045
8.0, -31.075222663783045
-32.0, -1.0752226637830442
3.0, -32.075222663783045
-27.0, -3.075222663783044
0.0, -24.075222663783045
-14.0, -11.075222663783045
-5.0, -26.075222663783045
-2.0, -23.075222663783045
3.0, -37.07522266378304
-19.0, -10.075222663783045
-27.0, -1.0752226637830442
-30.0, 1.9247773362169556
0.0, -21.075222663783045
-21.0, -6.075222663783045
3.0, -27.075222663783045
3.0, -19.075222663783045
4.0, -13.075222663783045
-9.0, -23.075222663783045
-12.0, -43.07522266378304
-1.0, -26.075222663783045
-5.0, -13.075222663783045
-18.0, -0.07522266378304421
-4.0, -7.075222663783045
0.0, -14.075222663783045
-22.0, -17.075222663783045
-5.0, -23.075222663783045
-16.0, -19.075222663783045
2.0, -28.075222663783045
2.0, -29.075222663783045
-42.0, -13.075222663783045
10.0, -28.075222663783045
-11.0, -12.075222663783045
-23.0, -5.075222663783045
-26.0, -5.075222663783045
-10.0, -27.075222663783045
-24.0, -6.075222663783045
-28.0, -2.075222663783044
-22.0, -6.075222663783045
-21.0, -7.075222663783045
-1.0, -28.075222663783045
-15.0, -13.075222663783045
-3.0, -19.075222663783045
2.0, -24.075222663783045
-9.0, -12.075222663783045
-16.0, -13.075222663783045
1.0000000000000002, -28.075222663783045
-38.0, -3.075222663783044
-4.0, -29.075222663783045
-28.0, -3.075222663783044
-14.0, -10.075222663783045
-17.0, -8.075222663783045
-11.0, -16.075222663783045
-10.0, -18.075222663783045
-10.0, -18.075222663783045
-9.0, -18.075222663783045
-11.0, -17.075222663783045
-14.0, -16.075222663783045
-11.0, -16.075222663783045
-10.0, -17.075222663783045
-10.0, -18.075222663783045
-10.0, -18.075222663783045
-8.0, -21.075222663783045
-12.0, -13.075222663783045
-11.0, -16.075222663783045
-10.0, -16.075222663783045
-10.0, -16.075222663783045
-10.0, -15.075222663783045
data
6.648106883326765, 13.0
22.64810688332677, 20.0
7.648106883326765, 15.0
7.648106883326765, 16.0
6.648106883326765, 15.0
7.648106883326765, 14.0
7.648106883326765, 14.0
7.648106883326765, 14.0
6.648106883326765, 13.0
11.648106883326765, 11.0
3.648106883326765, 17.0
2.648106883326765, 13.0
9.648106883326765, 20.0
-3.3518931166732346, 10.0
-3.3518931166732346, 24.0
-39.35189311667324, 27.0
-225.35189311667324, 83.0
-129.35189311667324, 109.0
-204.35189311667324, 142.0
-233.35189311667324, 115.0
-236.35189311667324, 137.0
-186.35189311667324, 152.0
-85.35189311667324, 164.0
-47.35189311667324, 184.0
-16.351893116673235, 190.0
-24.35189311667323, 164.0
7.648106883326765, 233.0
14.648106883326767, 302.0
29.64810688332677, 363.0
60.64810688332676, 392.0
62.64810688332676, 446.0
90.64810688332676, 428.0
139.64810688332676, 434.0
165.64810688332676, 434.0
235.64810688332676, 407.0
220.64810688332676, 343.0
269.6481068833268, 293.0
269.6481068833268, 192.0
274.6481068833268, 74.0
295.6481068833268, 27.0
328.6481068833268, -36.0
321.6481068833268, -89.0
296.6481068833268, -115.0
159.64810688332676, -253.0
112.64810688332676, -308.0
114.64810688332676, -420.0
63.64810688332676, -432.0
48.64810688332676, -490.0
-12.351893116673235, -510.0
-68.35189311667324, -542.0
-114.35189311667324, -492.0
-104.35189311667324, -462.0
-139.35189311667324, -437.0
-136.35189311667324, -422.0
-143.35189311667324, -396.0
-159.35189311667324, -388.0
-220.35189311667324, -398.0
-227.35189311667324, -420.0
-267.3518931166732, -401.0
-274.3518931166732, -383.0
-324.3518931166732, -315.0
-342.3518931166732, -245.0
-296.3518931166732, -216.0
-247.35189311667324, -131.0
-228.35189311667324, -154.0
-195.35189311667324, -105.0
-151.35189311667324, -58.0
-165.35189311667324, 13.0
-134.35189311667324, 88.0
-148.35189311667324, 136.0
-194.35189311667324, 192.0
-200.35189311667324, 271.0
-167.35189311667324, 254.00000000000003
-117.35189311667324, 202.0
-77.35189311667324, 238.0
-28.35189311667323, 308.0
13.648106883326765, 396.0
21.64810688332677, 464.0
67.64810688332676, 470.0
28.64810688332677, 463.0
34.64810688332676, 478.0
35.64810688332676, 456.0
60.64810688332676, 432.0
62.64810688332676, 390.0
130.64810688332676, 347.0
112.64810688332676, 340.0
170.64810688332676, 323.0
167.64810688332676, 283.0
152.64810688332676, 204.0
133.64810688332676, 192.0
167.64810688332676, 212.0
178.64810688332676, 187.0
143.64810688332676, 135.0
148.64810688332676, 88.0
196.64810688332676, 34.0
163.64810688332676, -21.0
207.64810688332676, -25.0
190.64810688332676, -34.0
176.64810688332676, -38.0
186.64810688332676, -72.0
112.64810688332676, -84.0
111.64810688332676, -83.0
69.64810688332676, -139.0
32.64810688332676, -192.0
43.64810688332676, -205.0
16.64810688332677, -224.0
30.648106883326765, -222.0
16.64810688332677, -188.0
-8.351893116673235, -188.0
-45.35189311667324, -155.0
-81.35189311667324, -185.0
-114.35189311667324, -213.0
-111.35189311667324, -180.0
-108.35189311667324, -168.0
-85.35189311667324, -118.0
-73.35189311667324, -82.0
-58.35189311667324, -83.0
-93.35189311667324, -63.0
-75.35189311667324, -49.0
-95.35189311667324, -22.0
-46.35189311667324, -15.0
-86.35189311667324, 21.0
-31.35189311667323, 40.0
-36.35189311667324, 46.0
-50.35189311667324, 67.0
-40.35189311667324, 73.0
-17.351893116673235, 63.00000000000001
-7.351893116673235, 50.0
8.648106883326765, 15.0
9.648106883326765, 13.0
8.648106883326765, 11.0
8.648106883326765, 11.0
9.648106883326765, 12.0
8.648106883326765, 14.0
7.648106883326765, 15.0
-18.35189311667323, 9.0
21.64810688332677, 34.0
-13.351893116673235, 37.0
-4.351893116673235, 14.0
34.64810688332676, 8.0
7.648106883326765, 31.999999999999996
31.648106883326765, 11.0
23.64810688332677, 26.0
8.648106883326765, -6.0
7.648106883326765, 23.0
5.648106883326765, 3.0
2.648106883326765, 11.0
6.648106883326765, 10.0
7.648106883326765, 13.0
9.648106883326765, 13.0
4.648106883326765, 10.0
-1.3518931166732346, 23.0
9.648106883326765, 7.0
5.648106883326765, 14.0
19.64810688332677, 2.0
12.648106883326765, 10.0
8.648106883326765, 13.0
8.648106883326765, 14.0
7.648106883326765, 15.0
1.6481068833267651, 16.0
-9.351893116673235, 31.999999999999996
27.64810688332677, 0.0
-15.351893116673235, 33.0
20.64810688332677, 1.0000000000000002
5.648106883326765, 16.0
11.648106883326765, 8.0
-11.351893116673235, 28.0
28.64810688332677, -2.0
-6.351893116673235, 29.0
23.64810688332677, 0.0
-3.3518931166732346, 21.0
10.648106883326765, 8.0
1.6481068833267651, 23.0
-1.3518931166732346, 20.0
-6.351893116673235, 34.0
15.648106883326767, 7.0
23.64810688332677, -2.0
26.64810688332677, -5.0
-3.3518931166732346, 18.0
17.64810688332677, 3.0
-6.351893116673235, 24.0
-6.351893116673235, 16.0
-7.351893116673235, 10.0
5.648106883326765, 20.0
8.648106883326765, 40.0
-2.3518931166732346, 23.0
1.6481068833267651, 10.0
14.648106883326767, -3.0
0.6481068833267651, 4.0
-3.3518931166732346, 11.0
18.64810688332677, 14.0
1.6481068833267651, 20.0
12.648106883326765, 16.0
-5.351893116673235, 25.0
-5.351893116673235, 26.0
38.64810688332676, 10.0
-13.351893116673235, 25.0
7.648106883326765, 9.0
19.64810688332677, 2.0
22.64810688332677, 2.0
6.648106883326765, 24.0
20.64810688332677, 3.0
24.64810688332677, -1.0
18.64810688332677, 3.0
17.64810688332677, 4.0
-2.3518931166732346, 25.0
11.648106883326765, 10.0
-0.35189311667323464, 16.0
-5.351893116673235, 21.0
5.648106883326765, 9.0
12.648106883326765, 10.0
-4.351893116673235, 25.0
34.64810688332676, 0.0
0.6481068833267651, 26.0
24.64810688332677, 0.0
10.648106883326765, 7.0
13.648106883326765, 5.0
7.648106883326765, 13.0
6.648106883326765, 15.0
6.648106883326765, 15.0
5.648106883326765, 15.0
7.648106883326765, 14.0
10.648106883326765, 13.0
7.648106883326765, 13.0
6.648106883326765, 14.0
6.648106883326765, 15.0
6.648106883326765, 15.0
4.648106883326765, 18.0
8.648106883326765, 10.0
7.648106883326765, 13.0
6.648106883326765, 13.0
6.648106883326765, 13.0
6.648106883326765, 12.0
data
6.648106883326765, -16.075222663783045
22.64810688332677, -23.075222663783045
7.648106883326765, -18.075222663783045
7.648106883326765, -19.075222663783045
6.648106883326765, -18.075222663783045
7.648106883326765, -17.075222663783045
7.648106883326765, -17.075222663783045
7.648106883326765, -17.075222663783045
6.648106883326765, -16.075222663783045
11.648106883326765, -14.075222663783045
3.648106883326765, -20.075222663783045
2.648106883326765, -16.075222663783045
9.648106883326765, -23.075222663783045
-3.3518931166732346, -13.075222663783045
-3.3518931166732346, -27.075222663783045
-39.35189311667324, -30.075222663783045
-225.35189311667324, -86.07522266378305
-129.35189311667324, -112.07522266378305
-204.35189311667324, -145.07522266378305
-233.35189311667324, -118.07522266378305
-236.35189311667324, -140.07522266378305
-186.35189311667324, -155.07522266378305
-85.35189311667324, -167.07522266378305
-47.35189311667324, -187.07522266378305
-16.351893116673235, -193.07522266378305
-24.35189311667323, -167.07522266378305
7.648106883326765, -236.07522266378305
14.648106883326767, -305.07522266378305
29.64810688332677, -366.07522266378305
60.64810688332676, -395.07522266378305
62.64810688332676, -449.07522266378305
90.64810688332676, -431.07522266378305
139.64810688332676, -437.07522266378305
165.64810688332676, -437.07522266378305
235.64810688332676, -410.07522266378305
220.64810688332676, -346.07522266378305
269.6481068833268, -296.07522266378305
269.6481068833268, -195.07522266378305
274.6481068833268, -77.07522266378305
295.6481068833268, -30.075222663783045
328.6481068833268, 32.92477733621696
321.6481068833268, 85.92477733621695
296.6481068833268, 111.92477733621695
159.64810688332676, 249.92477733621695
112.64810688332676, 304.92477733621695
114.64810688332676, 416.92477733621695
63.64810688332676, 428.92477733621695
48.64810688332676, 486.92477733621695
-12.351893116673235, 506.92477733621695
-68.35189311667324, 538.924777336217
-114.35189311667324, 488.92477733621695
-104.35189311667324, 458.92477733621695
-139.35189311667324, 433.92477733621695
-136.35189311667324, 418.92477733621695
-143.35189311667324, 392.92477733621695
-159.35189311667324, 384.92477733621695
-220.35189311667324, 394.92477733621695
-227.35189311667324, 416.92477733621695
-267.3518931166732, 397.92477733621695
-274.3518931166732, 379.92477733621695
-324.3518931166732, 311.92477733621695
-342.3518931166732, 241.92477733621695
-296.3518931166732, 212.92477733621695
-247.35189311667324, 127.92477733621695
-228.35189311667324, 150.92477733621695
-195.35189311667324, 101.92477733621695
-151.35189311667324, 54.92477733621696
-165.35189311667324, -16.075222663783045
-134.35189311667324, -91.07522266378305
-148.35189311667324, -139.07522266378305
-194.35189311667324, -195.07522266378305
-200.35189311667324, -274.07522266378305
-167.35189311667324, -257.07522266378305
-117.35189311667324, -205.07522266378305
-77.35189311667324, -241.07522266378305
-28.35189311667323, -311.07522266378305
13.648106883326765, -399.07522266378305
21.64810688332677, -467.07522266378305
67.64810688332676, -473.07522266378305
28.64810688332677, -466.07522266378305
34.64810688332676, -481.07522266378305
35.64810688332676, -459.07522266378305
60.64810688332676, -435.07522266378305
62.64810688332676, -393.07522266378305
130.64810688332676, -350.07522266378305
112.64810688332676, -343.07522266378305
170.64810688332676, -326.07522266378305
167.64810688332676, -286.07522266378305
152.64810688332676, -207.07522266378305
133.64810688332676, -195.07522266378305
167.64810688332676, -215.07522266378305
178.64810688332676, -190.07522266378305
143.64810688332676, -138.07522266378305
148.64810688332676, -91.07522266378305
196.64810688332676, -37.07522266378304
163.64810688332676, 17.924777336216955
207.64810688332676, 21.924777336216955
190.64810688332676, 30.92477733621696
176.64810688332676, 34.92477733621696
186.64810688332676, 68.92477733621695
112.64810688332676, 80.92477733621695
111.64810688332676, 79.92477733621695
69.64810688332676, 135.92477733621695
32.64810688332676, 188.92477733621695
43.64810688332676, 201.92477733621695
16.64810688332677, 220.92477733621695
30.648106883326765, 218.92477733621695
16.64810688332677, 184.92477733621695
-8.351893116673235, 184.92477733621695
-45.35189311667324, 151.92477733621695
-81.35189311667324, 181.92477733621695
-114.35189311667324, 209.92477733621695
-111.35189311667324, 176.92477733621695
-108.35189311667324, 164.92477733621695
-85.35189311667324, 114.92477733621695
-73.35189311667324, 78.92477733621695
-58.35189311667324, 79.92477733621695
-93.35189311667324, 59.92477733621696
-75.35189311667324, 45.92477733621696
-95.35189311667324, 18.924777336216955
-46.35189311667324, 11.924777336216955
-86.35189311667324, -24.075222663783045
-31.35189311667323, -43.07522266378304
-36.35189311667324, -49.07522266378304
-50.35189311667324, -70.07522266378305
-40.35189311667324, -76.07522266378305
-17.351893116673235, -66.07522266378305
-7.351893116673235, -53.07522266378304
8.648106883326765, -18.075222663783045
9.648106883326765, -16.075222663783045
8.648106883326765, -14.075222663783045
8.648106883326765, -14.075222663783045
9.648106883326765, -15.075222663783045
8.648106883326765, -17.075222663783045
7.648106883326765, -18.075222663783045
-18.35189311667323, -12.075222663783045
21.64810688332677, -37.07522266378304
-13.351893116673235, -40.07522266378304
-4.351893116673235, -17.075222663783045
34.64810688332676, -11.075222663783045
7.648106883326765, -35.07522266378304
31.648106883326765, -14.075222663783045
23.64810688332677, -29.075222663783045
8.648106883326765, 2.9247773362169553
7.648106883326765, -26.075222663783045
5.648106883326765, -6.075222663783045
2.648106883326765, -14.075222663783045
6.648106883326765, -13.075222663783045
7.648106883326765, -16.075222663783045
9.648106883326765, -16.075222663783045
4.648106883326765, -13.075222663783045
-1.3518931166732346, -26.075222663783045
9.648106883326765, -10.075222663783045
5.648106883326765, -17.075222663783045
19.64810688332677, -5.075222663783045
12.648106883326765, -13.075222663783045
8.648106883326765, -16.075222663783045
8.648106883326765, -17.075222663783045
7.648106883326765, -18.075222663783045
1.6481068833267651, -19.075222663783045
-9.351893116673235, -35.07522266378304
27.64810688332677, -3.075222663783044
-15.351893116673235, -36.07522266378304
20.64810688332677, -4.075222663783045
5.648106883326765, -19.075222663783045
11.648106883326765, -11.075222663783045
-11.351893116673235, -31.075222663783045
28.64810688332677, -1.0752226637830442
-6.351893116673235, -32.075222663783045
23.64810688332677, -3.075222663783044
-3.3518931166732346, -24.075222663783045
10.648106883326765, -11.075222663783045
1.6481068833267651, -26.075222663783045
-1.3518931166732346, -23.075222663783045
-6.351893116673235, -37.07522266378304
15.648106883326767, -10.075222663783045
23.64810688332677, -1.0752226637830442
26.64810688332677, 1.9247773362169556
-3.3518931166732346, -21.075222663783045
17.64810688332677, -6.075222663783045
-6.351893116673235, -27.075222663783045
-6.351893116673235, -19.075222663783045
-7.351893116673235, -13.075222663783045
5.648106883326765, -23.075222663783045
8.648106883326765, -43.07522266378304
-2.3518931166732346, -26.075222663783045
1.6481068833267651, -13.075222663783045
14.648106883326767, -0.07522266378304421
0.6481068833267651, -7.075222663783045
-3.3518931166732346, -14.075222663783045
18.64810688332677, -17.075222663783045
1.6481068833267651, -23.075222663783045
12.648106883326765, -19.075222663783045
-5.351893116673235, -28.075222663783045
-5.351893116673235, -29.075222663783045
38.64810688332676, -13.075222663783045
-13.351893116673235, -28.075222663783045
7.648106883326765, -12.075222663783045
19.64810688332677, -5.075222663783045
22.64810688332677, -5.075222663783045
6.648106883326765, -27.075222663783045
20.64810688332677, -6.075222663783045
24.64810688332677, -2.075222663783044
18.64810688332677, -6.075222663783045
17.64810688332677, -7.075222663783045
-2.3518931166732346, -28.075222663783045
11.648106883326765, -13.075222663783045
-0.35189311667323464, -19.075222663783045
-5.351893116673235, -24.075222663783045
5.648106883326765, -12.075222663783045
12.648106883326765, -13.075222663783045
-4.351893116673235, -28.075222663783045
34.64810688332676, -3.075222663783044
0.6481068833267651, -29.075222663783045
24.64810688332677, -3.075222663783044
10.648106883326765, -10.075222663783045
13.648106883326765, -8.075222663783045
7.648106883326765, -16.075222663783045
6.648106883326765, -18.075222663783045
6.648106883326765, -18.075222663783045
5.648106883326765, -18.075222663783045
7.648106883326765, -17.075222663783045
10.648106883326765, -16.075222663783045
7.648106883326765, -16.075222663783045
6.648106883326765, -17.075222663783045
6.648106883326765, -18.075222663783045
6.648106883326765, -18.075222663783045
4.648106883326765, -21.075222663783045
8.648106883326765, -13.075222663783045
7.648106883326765, -16.075222663783045
6.648106883326765, -16.075222663783045
6.648106883326765, -16.075222663783045
6.648106883326765, -15.075222663783045
data
-12.0, 14.0
-26.0, 20.0
-11.0, 9.0
-10.0, 12.0
-13.0, 11.0
-11.0, 10.0
-12.0, 12.0
-13.0, 14.0
-11.0, 16.0
-10.0, 15.0
-12.0, 16.0
-17.0, 14.0
-2.0, 13.0
-11.0, 9.0
-12.0, 14.0
-9.0, 13.0
-12.0, 15.0
-13.0, 15.0
-12.0, 14.0
-13.0, 14.0
-14.0, 13.0
-12.0, 15.0
-12.0, 15.0
-12.0, 13.0
-11.0, 14.0
-10.0, 13.0
-12.0, 14.0
-11.0, 15.0
-11.0, 14.0
-11.0, 14.0
-11.0, 14.0
-11.0, 14.0
-10.0, 15.0
-12.0, 14.0
-11.0, 14.0
-12.0, 13.0
-11.0, 13.0
-12.0, 14.0
-11.0, 15.0
-12.0, 14.0
-12.0, 15.0
-12.0, 14.0
-10.0, 14.0
-13.0, 14.0
-10.0, 14.0
-14.0, 14.0
-11.0, 15.0
-11.0, 14.0
-14.0, 13.0
-11.0, 15.0
-11.0, 15.0
-11.0, 15.0
-12.0, 13.0
-11.0, 14.0
-10.0, 15.0
-11.0, 16.0
-11.0, 13.0
-11.0, 13.0
-10.0, 12.0
-35.0, 15.0
20.0, 7.0
-14.0, 12.0
-10.0, 13.0
-13.0, 15.0
-5.0, 13.0
-17.0, 29.0
-8.0, 11.0
-10.0, 13.0
-10.0, 12.0
-10.0, 13.0
-10.0, 15.0
-11.0, 16.0
-10.0, 14.0
-10.0, 13.0
-9.0, 14.0
-10.0, 14.0
-11.0, 14.0
-11.0, 13.0
-10.0, 12.0
-10.0, 14.0
-11.0, 14.0
-12.0, 15.0
-13.0, 15.0
-17.0, 16.0
-87.0, -26.0
-93.0, -10.0
-86.0, -80.0
-136.0, -93.0
-124.0, -173.0
-107.0, -287.0
-78.0, -312.0
-50.0, -298.0
14.0, -309.0
32.0, -317.0
69.0, -320.0
91.0, -294.0
86.0, -237.0
96.0, -211.0
94.0, -137.0
68.0, -100.0
77.0, -88.0
81.0, -56.0
148.0, -53.0
119.0, -53.0
148.0, -28.0
164.0, 43.0
137.0, 107.0
168.0, 124.0
129.0, 175.0
161.0, 273.0
131.0, 307.0
155.0, 325.0
144.0, 392.0
92.0, 438.0
49.0, 486.0
32.0, 511.0
33.0, 486.0
-14.0, 465.0
-31.0, 470.0
-46.0, 466.0
-53.0, 444.0
-98.0, 438.0
-135.0, 411.0
-182.0, 396.0
-222.0, 348.0
-241.0, 285.0
-275.0, 150.0
-280.0, 119.0
-294.0, 72.0
-290.0, -19.0
-292.0, -81.0
-290.0, -146.0
-247.0, -211.0
-202.0, -228.0
-186.0, -281.0
-199.0, -291.0
-113.0, -243.0
-155.0, -198.0
-128.0, -215.0
-161.0, -227.0
-124.0, -260.0
-128.0, -327.0
-76.0, -363.0
-71.0, -329.0
-20.0, -256.0
10.0, -226.0
40.0, -193.0
55.0, -199.0
67.0, -204.0
107.0, -147.0
2.0, -230.0
66.0, -335.0
29.0, -242.0
61.0, -161.0
93.0, -111.0
99.0, -100.0
109.0, -114.0
123.0, -57.0
161.0, 24.0
125.0, -18.0
157.0, -48.0
137.0, -30.0
145.0, 15.0
108.0, 35.0
121.0, 64.0
75.0, 57.0
95.0, 45.0
73.0, 35.0
65.0, 43.0
86.0, 76.0
90.0, 106.0
107.0, 126.00000000000001
135.0, 79.0
102.0, 19.0
156.0, 41.0
148.0, 93.0
169.0, 106.0
136.0, 160.0
151.0, 156.0
202.0, 157.0
178.0, 106.0
205.0, 145.0
194.0, 174.0
212.0, 169.0
190.0, 113.0
184.0, 131.0
143.0, 116.0
58.0, 175.0
-5.0, 191.0
3.0, 205.0
-32.0, 229.0
-68.0, 267.0
-32.0, 305.0
-136.0, 364.0
-153.0, 389.0
-172.0, 388.0
-219.0, 350.0
-214.0, 282.0
-255.0, 108.0
-277.0, 80.0
-293.0, 53.0
-315.0, -10.0
-359.0, -45.0
-354.0, -83.0
-335.0, -182.0
-277.0, -244.0
-265.0, -295.0
-218.0, -275.0
-135.0, -212.0
-93.0, -201.0
-58.0, -221.0
-21.0, -199.0
1.0000000000000002, -184.0
12.0, -186.0
14.0, -168.0
-18.0, -178.0
40.0, -162.0
15.999999999999998, -220.0
108.0, -141.0
100.0, -77.0
120.0, -22.0
121.0, 18.0
142.0, 19.0
153.0, -13.0
135.0, -72.0
154.0, -74.0
147.0, -64.0
117.0, 5.0
59.0, 107.0
113.0, 89.0
37.0, 102.0
83.0, 79.0
74.0, 92.0
58.0, 144.0
60.0, 205.0
22.0, 232.0
-9.0, 235.0
-10.0, 205.0
-9.0, 153.0
-22.0, 144.0
4.0, 156.0
6.0, 51.0
-12.0, 13.0
9.0, 28.0
-5.0, 15.0
-9.0, 13.0
-10.0, 15.0
-9.0, 15.0
-9.0, 14.0
-10.0, 13.0
-9.0, 13.0
-8.0, 16.0
-10.0, 13.0
-9.0, 15.0
-9.0, 14.0
-9.0, 14.0
-9.0, 13.0
-10.0, 12.0
-10.0, 14.0
-10.0, 13.0
-7.0, 12.0
-10.0, 16.0
-17.0, 10.0
0.0, 18.0
-6.0, 14.0
-7.0, 14.0
-10.0, 13.0
-11.0, 11.0
-10.0, 12.0
-17.0, 11.0
-6.0, 18.0
-8.0, 15.0
-8.0, 13.0
-8.0, 12.0
-39.0, 21.0
7.0, -17.0
-27.0, 8.0
-22.0, 0.0
-10.0, 21.0
9.0, 31.999999999999996
21.0, 39.0
-7.0, 15.0
-8.0, 14.0
-9.0, 12.0
-8.0, 11.0
-9.0, 12.0
-8.0, 14.0
-8.0, 16.0
-8.0, 16.0
-8.0, 15.0
-9.0, 13.0
-9.0, 13.0
-10.0, 14.0
-10.0, 15.0
-9.0, 15.0
-9.0, 14.0
-9.0, 13.0
data
-12.0, -17.075222663783045
-26.0, -23.075222663783045
-11.0, -12.075222663783045
-10.0, -15.075222663783045
-13.0, -14.075222663783045
-11.0, -13.075222663783045
-12.0, -15.075222663783045
-13.0, -17.075222663783045
-11.0, -19.075222663783045
-10.0, -18.075222663783045
-12.0, -19.075222663783045
-17.0, -17.075222663783045
-2.0, -16.075222663783045
-11.0, -12.075222663783045
-12.0, -17.075222663783045
-9.0, -16.075222663783045
-12.0, -18.075222663783045
-13.0, -18.075222663783045
-12.0, -17.075222663783045
-13.0, -17.075222663783045
-14.0, -16.075222663783045
-12.0, -18.075222663783045
-12.0, -18.075222663783045
-12.0, -16.075222663783045
-11.0, -17.075222663783045
-10.0, -16.075222663783045
-12.0, -17.075222663783045
-11.0, -18.075222663783045
-11.0, -17.075222663783045
-11.0, -17.075222663783045
-11.0, -17.075222663783045
-11.0, -17.075222663783045
-10.0, -18.075222663783045
-12.0, -17.075222663783045
-11.0, -17.075222663783045
-12.0, -16.075222663783045
-11.0, -16.075222663783045
-12.0, -17.075222663783045
-11.0, -18.075222663783045
-12.0, -17.075222663783045
-12.0, -18.075222663783045
-12.0, -17.075222663783045
-10.0, -17.075222663783045
-13.0, -17.075222663783045
-10.0, -17.075222663783045
-14.0, -17.075222663783045
-11.0, -18.075222663783045
-11.0, -17.075222663783045
-14.0, -16.075222663783045
-11.0, -18.075222663783045
-11.0, -18.075222663783045
-11.0, -18.075222663783045
-12.0, -16.075222663783045
-11.0, -17.075222663783045
-10.0, -18.075222663783045
-11.0, -19.075222663783045
-11.0, -16.075222663783045
-11.0, -16.075222663783045
-10.0, -15.075222663783045
-35.0, -18.075222663783045
20.0, -10.075222663783045
-14.0, -15.075222663783045
-10.0, -16.075222663783045
-13.0, -18.075222663783045
-5.0, -16.075222663783045
-17.0, -32.075222663783045
-8.0, -14.075222663783045
-10.0, -16.075222663783045
-10.0, -15.075222663783045
-10.0, -16.075222663783045
-10.0, -18.075222663783045
-11.0, -19.075222663783045
-10.0, -17.075222663783045
-10.0, -16.075222663783045
-9.0, -17.075222663783045
-10.0, -17.075222663783045
-11.0, -17.075222663783045
-11.0, -16.075222663783045
-10.0, -15.075222663783045
-10.0, -17.075222663783045
-11.0, -17.075222663783045
-12.0, -18.075222663783045
-13.0, -18.075222663783045
-17.0, -19.075222663783045
-87.0, 22.924777336216955
-93.0, 6.924777336216955
-86.0, 76.92477733621695
-136.0, 89.92477733621695
-124.0, 169.92477733621695
-107.0, 283.92477733621695
-78.0, 308.92477733621695
-50.0, 294.92477733621695
14.0, 305.92477733621695
32.0, 313.92477733621695
69.0, 316.92477733621695
91.0, 290.92477733621695
86.0, 233.92477733621695
96.0, 207.92477733621695
94.0, 133.92477733621695
68.0, 96.92477733621695
77.0, 84.92477733621695
81.0, 52.92477733621696
148.0, 49.92477733621696
119.0, 49.92477733621696
148.0, 24.924777336216955
164.0, -46.07522266378304
137.0, -110.07522266378305
168.0, -127.07522266378305
129.0, -178.07522266378305
161.0, -276.07522266378305
131.0, -310.07522266378305
155.0, -328.07522266378305
144.0, -395.07522266378305
92.0, -441.07522266378305
49.0, -489.07522266378305
32.0, -514.075222663783
33.0, -489.07522266378305
-14.0, -468.07522266378305
-31.0, -473.07522266378305
-46.0, -469.07522266378305
-53.0, -447.07522266378305
-98.0, -441.07522266378305
-135.0, -414.07522266378305
-182.0, -399.07522266378305
-222.0, -351.07522266378305
-241.0, -288.07522266378305
-275.0, -153.07522266378305
-280.0, -122.07522266378305
-294.0, -75.07522266378305
-290.0, 15.924777336216955
-292.0, 77.92477733621695
-290.0, 142.92477733621695
-247.0, 207.92477733621695
-202.0, 224.92477733621695
-186.0, 277.92477733621695
-199.0, 287.92477733621695
-113.0, 239.92477733621695
-155.0, 194.92477733621695
-128.0, 211.92477733621695
-161.0, 223.92477733621695
-124.0, 256.92477733621695
-128.0, 323.92477733621695
-76.0, 359.92477733621695
-71.0, 325.92477733621695
-20.0, 252.92477733621695
10.0, 222.92477733621695
40.0, 189.92477733621695
55.0, 195.92477733621695
67.0, 200.92477733621695
107.0, 143.92477733621695
2.0, 226.92477733621695
66.0, 331.92477733621695
29.0, 238.92477733621695
61.0, 157.92477733621695
93.0, 107.92477733621695
99.0, 96.92477733621695
109.0, 110.92477733621695
123.0, 53.92477733621696
161.0, -27.075222663783045
125.0, 14.924777336216955
157.0, 44.92477733621696
137.0, 26.924777336216955
145.0, -18.075222663783045
108.0, -38.07522266378304
121.0, -67.07522266378305
75.0, -60.07522266378304
95.0, -48.07522266378304
73.0, -38.07522266378304
65.0, -46.07522266378304
86.0, -79.07522266378305
90.0, -109.07522266378305
107.0, -129.07522266378305
135.0, -82.07522266378305
102.0, -22.075222663783045
156.0, -44.07522266378304
148.0, -96.07522266378305
169.0, -109.07522266378305
136.0, -163.07522266378305
151.0, -159.07522266378305
202.0, -160.07522266378305
178.0, -109.07522266378305
205.0, -148.07522266378305
194.0, -177.07522266378305
212.0, -172.07522266378305
190.0, -116.07522266378305
184.0, -134.07522266378305
143.0, -119.07522266378305
58.0, -178.07522266378305
-5.0, -194.07522266378305
3.0, -208.07522266378305
-32.0, -232.07522266378305
-68.0, -270.07522266378305
-32.0, -308.07522266378305
-136.0, -367.07522266378305
-153.0, -392.07522266378305
-172.0, -391.07522266378305
-219.0, -353.07522266378305
-214.0, -285.07522266378305
-255.0, -111.07522266378305
-277.0, -83.07522266378305
-293.0, -56.07522266378304
-315.0, 6.924777336216955
-359.0, 41.92477733621696
-354.0, 79.92477733621695
-335.0, 178.92477733621695
-277.0, 240.92477733621695
-265.0, 291.92477733621695
-218.0, 271.92477733621695
-135.0, 208.92477733621695
-93.0, 197.92477733621695
-58.0, 217.92477733621695
-21.0, 195.92477733621695
1.0000000000000002, 180.92477733621695
12.0, 182.92477733621695
14.0, 164.92477733621695
-18.0, 174.92477733621695
40.0, 158.92477733621695
15.999999999999998, 216.92477733621695
108.0, 137.92477733621695
100.0, 73.92477733621695
120.0, 18.924777336216955
121.0, -21.075222663783045
142.0, -22.075222663783045
153.0, 9.924777336216955
135.0, 68.92477733621695
154.0, 70.92477733621695
147.0, 60.92477733621696
117.0, -8.075222663783045
59.0, -110.07522266378305
113.0, -92.07522266378305
37.0, -105.07522266378305
83.0, -82.07522266378305
74.0, -95.07522266378305
58.0, -147.07522266378305
60.0, -208.07522266378305
22.0, -235.07522266378305
-9.0, -238.07522266378305
-10.0, -208.07522266378305
-9.0, -156.07522266378305
-22.0, -147.07522266378305
4.0, -159.07522266378305
6.0, -54.07522266378304
-12.0, -16.075222663783045
9.0, -31.075222663783045
-5.0, -18.075222663783045
-9.0, -16.075222663783045
-10.0, -18.075222663783045
-9.0, -18.075222663783045
-9.0, -17.075222663783045
-10.0, -16.075222663783045
-9.0, -16.075222663783045
-8.0, -19.075222663783045
-10.0, -16.075222663783045
-9.0, -18.075222663783045
-9.0, -17.075222663783045
-9.0, -17.075222663783045
-9.0, -16.075222663783045
-10.0, -15.075222663783045
-10.0, -17.075222663783045
-10.0, -16.075222663783045
-7.0, -15.075222663783045
-10.0, -19.075222663783045
-17.0, -13.075222663783045
0.0, -21.075222663783045
-6.0, -17.075222663783045
-7.0, -17.075222663783045
-10.0, -16.075222663783045
-11.0, -14.075222663783045
-10.0, -15.075222663783045
-17.0, -14.075222663783045
-6.0, -21.075222663783045
-8.0, -18.075222663783045
-8.0, -16.075222663783045
-8.0, -15.075222663783045
-39.0, -24.075222663783045
7.0, 13.924777336216955
-27.0, -11.075222663783045
-22.0, -3.075222663783044
-10.0, -24.075222663783045
9.0, -35.07522266378304
21.0, -42.07522266378304
-7.0, -18.075222663783045
-8.0, -17.075222663783045
-9.0, -15.075222663783045
-8.0, -14.075222663783045
-9.0, -15.075222663783045
-8.0, -17.075222663783045
-8.0, -19.075222663783045
-8.0, -19.075222663783045
-8.0, -18.075222663783045
-9.0, -16.075222663783045
-9.0, -16.075222663783045
-10.0, -17.075222663783045
-10.0, -18.075222663783045
-9.0, -18.075222663783045
-9.0, -17.075222663783045
-9.0, -16.075222663783045
data
8.648106883326765, 14.0
22.64810688332677, 20.0
7.648106883326765, 9.0
6.648106883326765, 12.0
9.648106883326765, 11.0
7.648106883326765, 10.0
8.648106883326765, 12.0
9.648106883326765, 14.0
7.648106883326765, 16.0
6.648106883326765, 15.0
8.648106883326765, 16.0
13.648106883326765, 14.0
-1.3518931166732346, 13.0
7.648106883326765, 9.0
8.648106883326765, 14.0
5.648106883326765, 13.0
8.648106883326765, 15.0
9.648106883326765, 15.0
8.648106883326765, 14.0
9.648106883326765, 14.0
10.648106883326765, 13.0
8.648106883326765, 15.0
8.648106883326765, 15.0
8.648106883326765, 13.0
7.648106883326765, 14.0
6.648106883326765, 13.0
8.648106883326765, 14.0
7.648106883326765, 15.0
7.648106883326765, 14.0
7.648106883326765, 14.0
7.648106883326765, 14.0
7.648106883326765, 14.0
6.648106883326765, 15.0
8.648106883326765, 14.0
7.648106883326765, 14.0
8.648106883326765, 13.0
7.648106883326765, 13.0
8.648106883326765, 14.0
7.648106883326765, 15.0
8.648106883326765, 14.0
8.648106883326765, 15.0
8.648106883326765, 14.0
6.648106883326765, 14.0
9.648106883326765, 14.0
6.648106883326765, 14.0
10.648106883326765, 14.0
7.648106883326765, 15.0
7.648106883326765, 14.0
10.648106883326765, 13.0
7.648106883326765, 15.0
7.648106883326765, 15.0
7.648106883326765, 15.0
8.648106883326765, 13.0
7.648106883326765, 14.0
6.648106883326765, 15.0
7.648106883326765, 16.0
7.648106883326765, 13.0
7.648106883326765, 13.0
6.648106883326765, 12.0
31.648106883326765, 15.0
-23.35189311667323, 7.0
10.648106883326765, 12.0
6.648106883326765, 13.0
9.648106883326765, 15.0
1.6481068833267651, 13.0
13.648106883326765, 29.0
4.648106883326765, 11.0
6.648106883326765, 13.0
6.648106883326765, 12.0
6.648106883326765, 13.0
6.648106883326765, 15.0
7.648106883326765, 16.0
6.648106883326765, 14.0
6.648106883326765, 13.0
5.648106883326765, 14.0
6.648106883326765, 14.0
7.648106883326765, 14.0
7.648106883326765, 13.0
6.648106883326765, 12.0
6.648106883326765, 14.0
7.648106883326765, 14.0
8.648106883326765, 15.0
9.648106883326765, 15.0
13.648106883326765, 16.0
83.64810688332676, -26.0
89.64810688332676, -10.0
82.64810688332676, -80.0
132.64810688332676, -93.0
120.64810688332676, -173.0
103.64810688332676, -287.0
74.64810688332676, -312.0
46.64810688332676, -298.0
-17.351893116673235, -309.0
-35.35189311667324, -317.0
-72.35189311667324, -320.0
-94.35189311667324, -294.0
-89.35189311667324, -237.0
-99.35189311667324, -211.0
-97.35189311667324, -137.0
-71.35189311667324, -100.0
-80.35189311667324, -88.0
-84.35189311667324, -56.0
-151.35189311667324, -53.0
-122.35189311667324, -53.0
-151.35189311667324, -28.0
-167.35189311667324, 43.0
-140.35189311667324, 107.0
-171.35189311667324, 124.0
-132.35189311667324, 175.0
-164.35189311667324, 273.0
-134.35189311667324, 307.0
-158.35189311667324, 325.0
-147.35189311667324, 392.0
-95.35189311667324, 438.0
-52.35189311667324, 486.0
-35.35189311667324, 511.0
-36.35189311667324, 486.0
10.648106883326765, 465.0
27.64810688332677, 470.0
42.64810688332676, 466.0
49.64810688332676, 444.0
94.64810688332676, 438.0
131.64810688332676, 411.0
178.64810688332676, 396.0
218.64810688332676, 348.0
237.64810688332676, 285.0
271.6481068833268, 150.0
276.6481068833268, 119.0
290.6481068833268, 72.0
286.6481068833268, -19.0
288.6481068833268, -81.0
286.6481068833268, -146.0
243.64810688332676, -211.0
198.64810688332676, -228.0
182.64810688332676, -281.0
195.64810688332676, -291.0
109.64810688332676, -243.0
151.64810688332676, -198.0
124.64810688332676, -215.0
157.64810688332676, -227.0
120.64810688332676, -260.0
124.64810688332676, -327.0
72.64810688332676, -363.0
67.64810688332676, -329.0
16.64810688332677, -256.0
-13.351893116673235, -226.0
-43.35189311667324, -193.0
-58.35189311667324, -199.0
-70.35189311667324, -204.0
-110.35189311667324, -147.0
-5.351893116673235, -230.0
-69.35189311667324, -335.0
-32.35189311667323, -242.0
-64.35189311667324, -161.0
-96.35189311667324, -111.0
-102.35189311667324, -100.0
-112.35189311667324, -114.0
-126.35189311667324, -57.0
-164.35189311667324, 24.0
-128.35189311667324, -18.0
-160.35189311667324, -48.0
-140.35189311667324, -30.0
-148.35189311667324, 15.0
-111.35189311667324, 35.0
-124.35189311667324, 64.0
-78.35189311667324, 57.0
-98.35189311667324, 45.0
-76.35189311667324, 35.0
-68.35189311667324, 43.0
-89.35189311667324, 76.0
-93.35189311667324, 106.0
-110.35189311667324, 126.00000000000001
-138.35189311667324, 79.0
-105.35189311667324, 19.0
-159.35189311667324, 41.0
-151.35189311667324, 93.0
-172.35189311667324, 106.0
-139.35189311667324, 160.0
-154.35189311667324, 156.0
-205.35189311667324, 157.0
-181.35189311667324, 106.0
-208.35189311667324, 145.0
-197.35189311667324, 174.0
-215.35189311667324, 169.0
-193.35189311667324, 113.0
-187.35189311667324, 131.0
-146.35189311667324, 116.0
-61.35189311667324, 175.0
1.6481068833267651, 191.0
-6.351893116673235, 205.0
28.64810688332677, 229.0
64.64810688332676, 267.0
28.64810688332677, 305.0
132.64810688332676, 364.0
149.64810688332676, 389.0
168.64810688332676, 388.0
215.64810688332676, 350.0
210.64810688332676, 282.0
251.64810688332676, 108.0
273.6481068833268, 80.0
289.6481068833268, 53.0
311.6481068833268, -10.0
355.6481068833268, -45.0
350.6481068833268, -83.0
331.6481068833268, -182.0
273.6481068833268, -244.0
261.6481068833268, -295.0
214.64810688332676, -275.0
131.64810688332676, -212.0
89.64810688332676, -201.0
54.64810688332676, -221.0
17.64810688332677, -199.0
-4.351893116673235, -184.0
-15.351893116673235, -186.0
-17.351893116673235, -168.0
14.648106883326767, -178.0
-43.35189311667324, -162.0
-19.35189311667323, -220.0
-111.35189311667324, -141.0
-103.35189311667324, -77.0
-123.35189311667324, -22.0
-124.35189311667324, 18.0
-145.35189311667324, 19.0
-156.35189311667324, -13.0
-138.35189311667324, -72.0
-157.35189311667324, -74.0
-150.35189311667324, -64.0
-120.35189311667324, 5.0
-62.35189311667324, 107.0
-116.35189311667324, 89.0
-40.35189311667324, 102.0
-86.35189311667324, 79.0
-77.35189311667324, 92.0
-61.35189311667324, 144.0
-63.35189311667324, 205.0
-25.35189311667323, 232.0
5.648106883326765, 235.0
6.648106883326765, 205.0
5.648106883326765, 153.0
18.64810688332677, 144.0
-7.351893116673235, 156.0
-9.351893116673235, 51.0
8.648106883326765, 13.0
-12.351893116673235, 28.0
1.6481068833267651, 15.0
5.648106883326765, 13.0
6.648106883326765, 15.0
5.648106883326765, 15.0
5.648106883326765, 14.0
6.648106883326765, 13.0
5.648106883326765, 13.0
4.648106883326765, 16.0
6.648106883326765, 13.0
5.648106883326765, 15.0
5.648106883326765, 14.0
5.648106883326765, 14.0
5.648106883326765, 13.0
6.648106883326765, 12.0
6.648106883326765, 14.0
6.648106883326765, 13.0
3.648106883326765, 12.0
6.648106883326765, 16.0
13.648106883326765, 10.0
-3.3518931166732346, 18.0
2.648106883326765, 14.0
3.648106883326765, 14.0
6.648106883326765, 13.0
7.648106883326765, 11.0
6.648106883326765, 12.0
13.648106883326765, 11.0
2.648106883326765, 18.0
4.648106883326765, 15.0
4.648106883326765, 13.0
4.648106883326765, 12.0
35.64810688332676, 21.0
-10.351893116673235, -17.0
23.64810688332677, 8.0
18.64810688332677, 0.0
6.648106883326765, 21.0
-12.351893116673235, 31.999999999999996
-24.35189311667323, 39.0
3.648106883326765, 15.0
4.648106883326765, 14.0
5.648106883326765, 12.0
4.648106883326765, 11.0
5.648106883326765, 12.0
4.648106883326765, 14.0
4.648106883326765, 16.0
4.648106883326765, 16.0
4.648106883326765, 15.0
5.648106883326765, 13.0
5.648106883326765, 13.0
6.648106883326765, 14.0
6.648106883326765, 15.0
5.648106883326765, 15.0
5.648106883326765, 14.0
5.648106883326765, 13.0
data
8.648106883326765, -17.075222663783045
22.64810688332677, -23.075222663783045
7.648106883326765, -12.075222663783045
6.648106883326765, -15.075222663783045
9.648106883326765, -14.075222663783045
7.648106883326765, -13.075222663783045
8.648106883326765, -15.075222663783045
9.648106883326765, -17.075222663783045
7.648106883326765, -19.075222663783045
6.648106883326765, -18.075222663783045
8.648106883326765, -19.075222663783045
13.648106883326765, -17.075222663783045
-1.3518931166732346, -16.075222663783045
7.648106883326765, -12.075222663783045
8.648106883326765, -17.075222663783045
5.648106883326765, -16.075222663783045
8.648106883326765, -18.075222663783045
9.648106883326765, -18.075222663783045
8.648106883326765, -17.075222663783045
9.648106883326765, -17.075222663783045
10.648106883326765, -16.075222663783045
8.648106883326765, -18.075222663783045
8.648106883326765, -18.075222663783045
8.648106883326765, -16.075222663783045
7.648106883326765, -17.075222663783045
6.648106883326765, -16.075222663783045
8.648106883326765, -17.075222663783045
7.648106883326765, -18.075222663783045
7.648106883326765, -17.075222663783045
7.648106883326765, -17.075222663783045
7.648106883326765, -17.075222663783045
7.648106883326765, -17.075222663783045
6.648106883326765, -18.075222663783045
8.648106883326765, -17.075222663783045
7.648106883326765, -17.075222663783045
8.648106883326765, -16.075222663783045
7.648106883326765, -16.075222663783045
8.648106883326765, -17.075222663783045
7.648106883326765, -18.075222663783045
8.648106883326765, -17.075222663783045
8.648106883326765, -18.075222663783045
8.648106883326765, -17.075222663783045
6.648106883326765, -17.075222663783045
9.648106883326765, -17.075222663783045
6.648106883326765, -17.075222663783045
10.648106883326765, -17.075222663783045
7.648106883326765, -18.075222663783045
7.648106883326765, -17.075222663783045
10.648106883326765, -16.075222663783045
7.648106883326765, -18.075222663783045
7.648106883326765, -18.075222663783045
7.648106883326765, -18.075222663783045
8.648106883326765, -16.075222663783045
7.648106883326765, -17.075222663783045
6.648106883326765, -18.075222663783045
7.648106883326765, -19.075222663783045
7.648106883326765, -16.075222663783045
7.648106883326765, -16.075222663783045
6.648106883326765, -15.075222663783045
31.648106883326765, -18.075222663783045
-23.35189311667323, -10.075222663783045
10.648106883326765, -15.075222663783045
6.648106883326765, -16.075222663783045
9.648106883326765, -18.075222663783045
1.6481068833267651, -16.075222663783045
13.648106883326765, -32.075222663783045
4.648106883326765, -14.075222663783045
6.648106883326765, -16.075222663783045
6.648106883326765, -15.075222663783045
6.648106883326765, -16.075222663783045
6.648106883326765, -18.075222663783045
7.648106883326765, -19.075222663783045
6.648106883326765, -17.075222663783045
6.648106883326765, -16.075222663783045
5.648106883326765, -17.075222663783045
6.648106883326765, -17.075222663783045
7.648106883326765, -17.075222663783045
7.648106883326765, -16.075222663783045
6.648106883326765, -15.075222663783045
6.648106883326765, -17.075222663783045
7.648106883326765, -17.075222663783045
8.648106883326765, -18.075222663783045
9.648106883326765, -18.075222663783045
13.648106883326765, -19.075222663783045
83.64810688332676, 22.924777336216955
89.64810688332676, 6.924777336216955
82.64810688332676, 76.92477733621695
132.64810688332676, 89.92477733621695
120.64810688332676, 169.92477733621695
103.64810688332676, 283.92477733621695
74.64810688332676, 308.92477733621695
46.64810688332676, 294.92477733621695
-17.351893116673235, 305.92477733621695
-35.35189311667324, 313.92477733621695
-72.35189311667324, 316.92477733621695
-94.35189311667324, 290.92477733621695
-89.35189311667324, 233.92477733621695
-99.35189311667324, 207.92477733621695
-97.35189311667324, 133.92477733621695
-71.35189311667324, 96.92477733621695
-80.35189311667324, 84.92477733621695
-84.35189311667324, 52.92477733621696
-151.35189311667324, 49.92477733621696
-122.35189311667324, 49.92477733621696
-151.35189311667324, 24.924777336216955
-167.35189311667324, -46.07522266378304
-140.35189311667324, -110.07522266378305
-171.35189311667324, -127.07522266378305
-132.35189311667324, -178.07522266378305
-164.35189311667324, -276.07522266378305
-134.35189311667324, -310.07522266378305
-158.35189311667324, -328.07522266378305
-147.35189311667324, -395.07522266378305
-95.35189311667324, -441.07522266378305
-52.35189311667324, -489.07522266378305
-35.35189311667324, -514.075222663783
-36.35189311667324, -489.07522266378305
10.648106883326765, -468.07522266378305
27.64810688332677, -473.07522266378305
42.64810688332676, -469.07522266378305
49.64810688332676, -447.07522266378305
94.64810688332676, -441.07522266378305
131.64810688332676, -414.07522266378305
178.64810688332676, -399.07522266378305
218.64810688332676, -351.07522266378305
237.64810688332676, -288.07522266378305
271.6481068833268, -153.07522266378305
276.6481068833268, -122.07522266378305
290.6481068833268, -75.07522266378305
286.6481068833268, 15.924777336216955
288.6481068833268, 77.92477733621695
286.6481068833268, 142.92477733621695
243.64810688332676, 207.92477733621695
198.64810688332676, 224.92477733621695
182.64810688332676, 277.92477733621695
195.64810688332676, 287.92477733621695
109.64810688332676, 239.92477733621695
151.64810688332676, 194.92477733621695
124.64810688332676, 211.92477733621695
157.64810688332676, 223.92477733621695
120.64810688332676, 256.92477733621695
124.64810688332676, 323.92477733621695
72.64810688332676, 359.92477733621695
67.64810688332676, 325.92477733621695
16.64810688332677, 252.92477733621695
-13.351893116673235, 222.92477733621695
-43.35189311667324, 189.92477733621695
-58.35189311667324, 195.92477733621695
-70.35189311667324, 200.92477733621695
-110.35189311667324, 143.92477733621695
-5.351893116673235, 226.92477733621695
-69.35189311667324, 331.92477733621695
-32.35189311667323, 238.92477733621695
-64.35189311667324, 157.92477733621695
-96.35189311667324, 107.92477733621695
-102.35189311667324, 96.92477733621695
-112.35189311667324, 110.92477733621695
-126.35189311667324, 53.92477733621696
-164.35189311667324, -27.075222663783045
-128.35189311667324, 14.924777336216955
-160.35189311667324, 44.92477733621696
-140.35189311667324, 26.924777336216955
-148.35189311667324, -18.075222663783045
-111.35189311667324, -38.07522266378304
-124.35189311667324, -67.07522266378305
-78.35189311667324, -60.07522266378304
-98.35189311667324, -48.07522266378304
-76.35189311667324, -38.07522266378304
-68.35189311667324, -46.07522266378304
-89.35189311667324, -79.07522266378305
-93.35189311667324, -109.07522266378305
-110.35189311667324, -129.07522266378305
-138.35189311667324, -82.07522266378305
-105.35189311667324, -22.075222663783045
-159.35189311667324, -44.07522266378304
-151.35189311667324, -96.07522266378305
-172.35189311667324, -109.07522266378305
-139.35189311667324, -163.07522266378305
-154.35189311667324, -159.07522266378305
-205.35189311667324, -160.07522266378305
-181.35189311667324, -109.07522266378305
-208.35189311667324, -148.07522266378305
-197.35189311667324, -177.07522266378305
-215.35189311667324, -172.07522266378305
-193.35189311667324, -116.07522266378305
-187.35189311667324, -134.07522266378305
-146.35189311667324, -119.07522266378305
-61.35189311667324, -178.07522266378305
1.6481068833267651, -194.07522266378305
-6.351893116673235, -208.07522266378305
28.64810688332677, -232.07522266378305
64.64810688332676, -270.07522266378305
28.64810688332677, -308.07522266378305
132.64810688332676, -367.07522266378305
149.64810688332676, -392.07522266378305
168.64810688332676, -391.07522266378305
215.64810688332676, -353.07522266378305
210.64810688332676, -285.07522266378305
251.64810688332676, -111.07522266378305
273.6481068833268, -83.07522266378305
289.6481068833268, -56.07522266378304
311.6481068833268, 6.924777336216955
355.6481068833268, 41.92477733621696
350.6481068833268, 79.92477733621695
331.6481068833268, 178.92477733621695
273.6481068833268, 240.92477733621695
261.6481068833268, 291.92477733621695
214.64810688332676, 271.92477733621695
131.64810688332676, 208.92477733621695
89.64810688332676, 197.92477733621695
54.64810688332676, 217.92477733621695
17.64810688332677, 195.92477733621695
-4.351893116673235, 180.92477733621695
-15.351893116673235, 182.92477733621695
-17.351893116673235, 164.92477733621695
14.648106883326767, 174.92477733621695
-43.35189311667324, 158.92477733621695
-19.35189311667323, 216.92477733621695
-111.35189311667324, 137.92477733621695
-103.35189311667324, 73.92477733621695
-123.35189311667324, 18.924777336216955
-124.35189311667324, -21.075222663783045
-145.35189311667324, -22.075222663783045
-156.35189311667324, 9.924777336216955
-138.35189311667324, 68.92477733621695
-157.35189311667324, 70.92477733621695
-150.35189311667324, 60.92477733621696
-120.35189311667324, -8.075222663783045
-62.35189311667324, -110.07522266378305
-116.35189311667324, -92.07522266378305
-40.35189311667324, -105.07522266378305
-86.35189311667324, -82.07522266378305
-77.35189311667324, -95.07522266378305
-61.35189311667324, -147.07522266378305
-63.35189311667324, -208.07522266378305
-25.35189311667323, -235.07522266378305
5.648106883326765, -238.07522266378305
6.648106883326765, -208.07522266378305
5.648106883326765, -156.07522266378305
18.64810688332677, -147.07522266378305
-7.351893116673235, -159.07522266378305
-9.351893116673235, -54.07522266378304
8.648106883326765, -16.075222663783045
-12.351893116673235, -31.075222663783045
1.6481068833267651, -18.075222663783045
5.648106883326765, -16.075222663783045
6.648106883326765, -18.075222663783045
5.648106883326765, -18.075222663783045
5.648106883326765, -17.075222663783045
6.648106883326765, -16.075222663783045
5.648106883326765, -16.075222663783045
4.648106883326765, -19.075222663783045
6.648106883326765, -16.075222663783045
5.648106883326765, -18.075222663783045
5.648106883326765, -17.075222663783045
5.648106883326765, -17.075222663783045
5.648106883326765, -16.075222663783045
6.648106883326765, -15.075222663783045
6.648106883326765, -17.075222663783045
6.648106883326765, -16.075222663783045
3.648106883326765, -15.075222663783045
6.648106883326765, -19.075222663783045
13.648106883326765, -13.075222663783045
-3.3518931166732346, -21.075222663783045
2.648106883326765, -17.075222663783045
3.648106883326765, -17.075222663783045
6.648106883326765, -16.075222663783045
7.648106883326765, -14.075222663783045
6.648106883326765, -15.075222663783045
13.648106883326765, -14.075222663783045
2.648106883326765, -21.075222663783045
4.648106883326765, -18.075222663783045
4.648106883326765, -16.075222663783045
4.648106883326765, -15.075222663783045
35.64810688332676, -24.075222663783045
-10.351893116673235, 13.924777336216955
23.64810688332677, -11.075222663783045
18.64810688332677, -3.075222663783044
6.648106883326765, -24.075222663783045
-12.351893116673235, -35.07522266378304
-24.35189311667323, -42.07522266378304
3.648106883326765, -18.075222663783045
4.648106883326765, -17.075222663783045
5.648106883326765, -15.075222663783045
4.648106883326765, -14.075222663783045
5.648106883326765, -15.075222663783045
4.648106883326765, -17.075222663783045
4.648106883326765, -19.075222663783045
4.648106883326765, -19.075222663783045
4.648106883326765, -18.075222663783045
5.648106883326765, -16.075222663783045
5.648106883326765, -16.075222663783045
6.648106883326765, -17.075222663783045
6.648106883326765, -18.075222663783045
5.648106883326765, -18.075222663783045
5.648106883326765, -17.075222663783045
5.648106883326765, -16.075222663783045
data
-10.0, 14.0
4.0, 15.0
-22.0, 13.0
-10.0, 15.0
-10.0, 14.0
-12.0, 15.0
-16.0, 9.0
-4.0, 20.0
-86.0, 4.0
32.0, 13.0
32.0, 24.0
-1.0, 14.0
-3.0, 12.0
-7.0, 13.0
-10.0, 26.0
13.0, 58.0
88.0, 90.0
294.0, 25.0
-142.0, -5.0
193.0, 56.0
245.0, 4.0
178.0, -21.0
287.0, -59.0
237.0, -109.0
221.0, -128.0
176.0, -101.0
118.0, 18.0
62.0, 53.0
105.0, 54.0
91.0, 38.0
114.0, 13.0
101.0, 8.0
104.0, 53.0
68.0, 61.0
61.0, 82.0
11.0, 76.0
23.0, 80.0
6.0, 53.0
-6.0, 0.0
-2.0, -44.0
-12.0, -2.0
-14.0, 30.0
-53.0, 25.0
-74.0, -10.0
-75.0, -12.0
-77.0, -2.0
-88.0, -53.0
-102.0, -52.0
-140.0, 3.0
-140.0, 38.0
-156.0, 42.0
-185.0, 10.0
-187.0, -5.0
-219.0, 14.0
-226.0, 24.0
-269.0, 36.0
-183.0, 26.0
-208.0, 43.0
-176.0, 46.0
-195.0, 52.0
-145.0, 55.0
-136.0, 47.0
-39.0, 21.0
-12.0, 15.0
-11.0, 13.0
-11.0, 14.0
-12.0, 15.0
-8.0, 20.0
-14.0, 8.0
-11.0, 14.0
-11.0, 13.0
-10.0, 14.0
-6.0, 15.0
-7.0, 14.0
-9.0, 14.0
-12.0, 14.0
data
-10.0, -17.075222663783045
4.0, -18.075222663783045
-22.0, -16.075222663783045
-10.0, -18.075222663783045
-10.0, -17.075222663783045
-12.0, -18.075222663783045
-16.0, -12.075222663783045
-4.0, -23.075222663783045
-86.0, -7.075222663783045
32.0, -16.075222663783045
32.0, -27.075222663783045
-1.0, -17.075222663783045
-3.0, -15.075222663783045
-7.0, -16.075222663783045
-10.0, -29.075222663783045
13.0, -61.07522266378304
88.0, -93.07522266378305
294.0, -28.075222663783045
-142.0, 1.9247773362169556
193.0, -59.07522266378304
245.0, -7.075222663783045
178.0, 17.924777336216955
287.0, 55.92477733621696
237.0, 105.92477733621695
221.0, 124.92477733621695
176.0, 97.92477733621695
118.0, -21.075222663783045
62.0, -56.07522266378304
105.0, -57.07522266378304
91.0, -41.07522266378304
114.0, -16.075222663783045
101.0, -11.075222663783045
104.0, -56.07522266378304
68.0, -64.07522266378304
61.0, -85.07522266378305
11.0, -79.07522266378305
23.0, -83.07522266378305
6.0, -56.07522266378304
-6.0, -3.075222663783044
-2.0, 40.92477733621696
-12.0, -1.0752226637830442
-14.0, -33.075222663783045
-53.0, -28.075222663783045
-74.0, 6.924777336216955
-75.0, 8.924777336216955
-77.0, -1.0752226637830442
-88.0, 49.92477733621696
-102.0, 48.92477733621696
-140.0, -6.075222663783045
-140.0, -41.07522266378304
-156.0, -45.07522266378304
-185.0, -13.075222663783045
-187.0, 1.9247773362169556
-219.0, -17.075222663783045
-226.0, -27.075222663783045
-269.0, -39.07522266378304
-183.0, -29.075222663783045
-208.0, -46.07522266378304
-176.0, -49.07522266378304
-195.0, -55.07522266378304
-145.0, -58.07522266378304
-136.0, -50.07522266378304
-39.0, -24.075222663783045
-12.0, -18.075222663783045
-11.0, -16.075222663783045
-11.0, -17.075222663783045
-12.0, -18.075222663783045
-8.0, -23.075222663783045
-14.0, -11.075222663783045
-11.0, -17.075222663783045
-11.0, -16.075222663783045
-10.0, -17.075222663783045
-6.0, -18.075222663783045
-7.0, -17.075222663783045
-9.0, -17.075222663783045
-12.0, -17.075222663783045
data
6.648106883326765, 14.0
-7.351893116673235, 15.0
18.64810688332677, 13.0
6.648106883326765, 15.0
6.648106883326765, 14.0
8.648106883326765, 15.0
12.648106883326765, 9.0
0.6481068833267651, 20.0
82.64810688332676, 4.0
-35.35189311667324, 13.0
-35.35189311667324, 24.0
-2.3518931166732346, 14.0
-0.35189311667323464, 12.0
3.648106883326765, 13.0
6.648106883326765, 26.0
-16.351893116673235, 58.0
-91.35189311667324, 90.0
-297.3518931166732, 25.0
138.64810688332676, -5.0
-196.35189311667324, 56.0
-248.35189311667324, 4.0
-181.35189311667324, -21.0
-290.3518931166732, -59.0
-240.35189311667324, -109.0
-224.35189311667324, -128.0
-179.35189311667324, -101.0
-121.35189311667324, 18.0
-65.35189311667324, 53.0
-108.35189311667324, 54.0
-94.35189311667324, 38.0
-117.35189311667324, 13.0
-104.35189311667324, 8.0
-107.35189311667324, 53.0
-71.35189311667324, 61.0
-64.35189311667324, 82.0
-14.351893116673235, 76.0
-26.35189311667323, 80.0
-9.351893116673235, 53.0
2.648106883326765, 0.0
-1.3518931166732346, -44.0
8.648106883326765, -2.0
10.648106883326765, 30.0
49.64810688332676, 25.0
70.64810688332676, -10.0
71.64810688332676, -12.0
73.64810688332676, -2.0
84.64810688332676, -53.0
98.64810688332676, -52.0
136.64810688332676, 3.0
136.64810688332676, 38.0
152.64810688332676, 42.0
181.64810688332676, 10.0
183.64810688332676, -5.0
215.64810688332676, 14.0
222.64810688332676, 24.0
265.6481068833268, 36.0
179.64810688332676, 26.0
204.64810688332676, 43.0
172.64810688332676, 46.0
191.64810688332676, 52.0
141.64810688332676, 55.0
132.64810688332676, 47.0
35.64810688332676, 21.0
8.648106883326765, 15.0
7.648106883326765, 13.0
7.648106883326765, 14.0
8.648106883326765, 15.0
4.648106883326765, 20.0
10.648106883326765, 8.0
7.648106883326765, 14.0
7.648106883326765, 13.0
6.648106883326765, 14.0
2.648106883326765, 15.0
3.648106883326765, 14.0
5.648106883326765, 14.0
8.648106883326765, 14.0
data
6.648106883326765, -17.075222663783045
-7.351893116673235, -18.075222663783045
18.64810688332677, -16.075222663783045
6.648106883326765, -18.075222663783045
6.648106883326765, -17.075222663783045
8.648106883326765, -18.075222663783045
12.648106883326765, -12.075222663783045
0.6481068833267651, -23.075222663783045
82.64810688332676, -7.075222663783045
-35.35189311667324, -16.075222663783045
-35.35189311667324, -27.075222663783045
-2.3518931166732346, -17.075222663783045
-0.35189311667323464, -15.075222663783045
3.648106883326765, -16.075222663783045
6.648106883326765, -29.075222663783045
-16.351893116673235, -61.07522266378304
-91.35189311667324, -93.07522266378305
-297.3518931166732, -28.075222663783045
138.64810688332676, 1.9247773362169556
-196.35189311667324, -59.07522266378304
-248.35189311667324, -7.075222663783045
-181.35189311667324, 17.924777336216955
-290.3518931166732, 55.92477733621696
-240.35189311667324, 105.92477733621695
-224.35189311667324, 124.92477733621695
-179.35189311667324, 97.92477733621695
-121.35189311667324, -21.075222663783045
-65.35189311667324, -56.07522266378304
-108.35189311667324, -57.07522266378304
-94.35189311667324, -41.07522266378304
-117.35189311667324, -16.075222663783045
-104.35189311667324, -11.075222663783045
-107.35189311667324, -56.07522266378304
-71.35189311667324, -64.07522266378304
-64.35189311667324, -85.07522266378305
-14.351893116673235, -79.07522266378305
-26.35189311667323, -83.07522266378305
-9.351893116673235, -56.07522266378304
2.648106883326765, -3.075222663783044
-1.3518931166732346, 40.92477733621696
8.648106883326765, -1.0752226637830442
10.648106883326765, -33.075222663783045
49.64810688332676, -28.075222663783045
70.64810688332676, 6.924777336216955
71.64810688332676, 8.924777336216955
73.64810688332676, -1.0752226637830442
84.64810688332676, 49.92477733621696
98.64810688332676, 48.92477733621696
136.64810688332676, -6.075222663783045
136.64810688332676, -41.07522266378304
152.64810688332676, -45.07522266378304
181.64810688332676, -13.075222663783045
183.64810688332676, 1.9247773362169556
215.64810688332676, -17.075222663783045
222.64810688332676, -27.075222663783045
265.6481068833268, -39.07522266378304
179.64810688332676, -29.075222663783045
204.64810688332676, -46.07522266378304
172.64810688332676, -49.07522266378304
191.64810688332676, -55.07522266378304
141.64810688332676, -58.07522266378304
132.64810688332676, -50.07522266378304
35.64810688332676, -24.075222663783045
8.648106883326765, -18.075222663783045
7.648106883326765, -16.075222663783045
7.648106883326765, -17.075222663783045
8.648106883326765, -18.075222663783045
4.648106883326765, -23.075222663783045
10.648106883326765, -11.075222663783045
7.648106883326765, -17.075222663783045
7.648106883326765, -16.075222663783045
6.648106883326765, -17.075222663783045
2.648106883326765, -18.075222663783045
3.648106883326765, -17.075222663783045
5.648106883326765, -17.075222663783045
8.648106883326765, -17.075222663783045
data
-9.0, 11.0
-19.0, 11.0
-1.0, 17.0
-9.0, 16.0
-10.0, 16.0
-6.0, 15.0
-12.0, 11.0
-12.0, 10.0
-12.0, 13.0
-12.0, 16.0
-13.0, 18.0
-8.0, 16.0
-8.0, 14.0
-7.0, 15.0
-4.0, 19.0
56.0, 85.0
15.999999999999998, 62.0
6.0, 161.0
40.0, 239.0
-10.0, 340.0
-22.0, 406.0
15.999999999999998, 432.0
-36.0, 456.0
-11.0, 504.0
-51.0, 577.0
-103.0, 639.0
-86.0, 641.0
-87.0, 617.0
-94.0, 605.0
-90.0, 500.0
-45.0, 416.0
15.999999999999998, 298.0
25.0, 228.0
39.0, 110.0
53.0, 15.0
71.0, -102.0
58.0, -182.0
67.0, -254.0
89.0, -412.0
121.0, -614.0
102.0, -614.0
81.0, -603.0
23.0, -570.0
-19.0, -431.0
-69.0, -374.0
-24.0, -354.0
-29.0, -339.0
46.0, -404.0
52.0, -395.0
66.0, -321.0
52.0, -284.0
25.0, -186.0
-5.0, -71.0
-17.0, -1.0
-35.0, -28.0
0.0, 7.0
24.0, 1.0000000000000002
1.0000000000000002, 25.0
-6.0, 2.0
-13.0, 12.0
-11.0, 10.0
-12.0, 15.0
-11.0, 14.0
-11.0, 14.0
data
-9.0, -14.075222663783045
-19.0, -14.075222663783045
-1.0, -20.075222663783045
-9.0, -19.075222663783045
-10.0, -19.075222663783045
-6.0, -18.075222663783045
-12.0, -14.075222663783045
-12.0, -13.075222663783045
-12.0, -16.075222663783045
-12.0, -19.075222663783045
-13.0, -21.075222663783045
-8.0, -19.075222663783045
-8.0, -17.075222663783045
-7.0, -18.075222663783045
-4.0, -22.075222663783045
56.0, -88.07522266378305
15.999999999999998, -65.07522266378304
6.0, -164.07522266378305
40.0, -242.07522266378305
-10.0, -343.07522266378305
-22.0, -409.07522266378305
15.999999999999998, -435.07522266378305
-36.0, -459.07522266378305
-11.0, -507.07522266378305
-51.0, -580.075222663783
-103.0, -642.075222663783
-86.0, -644.075222663783
-87.0, -620.075222663783
-94.0, -608.075222663783
-90.0, -503.07522266378305
-45.0, -419.07522266378305
15.999999999999998, -301.07522266378305
25.0, -231.07522266378305
39.0, -113.07522266378305
53.0, -18.075222663783045
71.0, 98.92477733621695
58.0, 178.92477733621695
67.0, 250.92477733621695
89.0, 408.92477733621695
121.0, 610.924777336217
102.0, 610.924777336217
81.0, 599.924777336217
23.0, 566.924777336217
-19.0, 427.92477733621695
-69.0, 370.92477733621695
-24.0, 350.92477733621695
-29.0, 335.92477733621695
46.0, 400.92477733621695
52.0, 391.92477733621695
66.0, 317.92477733621695
52.0, 280.92477733621695
25.0, 182.92477733621695
-5.0, 67.92477733621695
-17.0, -2.075222663783044
-35.0, 24.924777336216955
0.0, -10.075222663783045
24.0, -4.075222663783045
1.0000000000000002, -28.075222663783045
-6.0, -5.075222663783045
-13.0, -15.075222663783045
-11.0, -13.075222663783045
-12.0, -18.075222663783045
-11.0, -17.075222663783045
-11.0, -17.075222663783045
data
5.648106883326765, 11.0
15.648106883326767, 11.0
-2.3518931166732346, 17.0
5.648106883326765, 16.0
6.648106883326765, 16.0
2.648106883326765, 15.0
8.648106883326765, 11.0
8.648106883326765, 10.0
8.648106883326765, 13.0
8.648106883326765, 16.0
9.648106883326765, 18.0
4.648106883326765, 16.0
4.648106883326765, 14.0
3.648106883326765, 15.0
0.6481068833267651, 19.0
-59.35189311667324, 85.0
-19.35189311667323, 62.0
-9.351893116673235, 161.0
-43.35189311667324, 239.0
6.648106883326765, 340.0
18.64810688332677, 406.0
-19.35189311667323, 432.0
32.64810688332676, 456.0
7.648106883326765, 504.0
47.64810688332676, 577.0
99.64810688332676, 639.0
82.64810688332676, 641.0
83.64810688332676, 617.0
90.64810688332676, 605.0
86.64810688332676, 500.0
41.64810688332676, 416.0
-19.35189311667323, 298.0
-28.35189311667323, 228.0
-42.35189311667324, 110.0
-56.35189311667324, 15.0
-74.35189311667324, -102.0
-61.35189311667324, -182.0
-70.35189311667324, -254.0
-92.35189311667324, -412.0
-124.35189311667324, -614.0
-105.35189311667324, -614.0
-84.35189311667324, -603.0
-26.35189311667323, -570.0
15.648106883326767, -431.0
65.64810688332676, -374.0
20.64810688332677, -354.0
25.64810688332677, -339.0
-49.35189311667324, -404.0
-55.35189311667324, -395.0
-69.35189311667324, -321.0
-55.35189311667324, -284.0
-28.35189311667323, -186.0
1.6481068833267651, -71.0
13.648106883326765, -1.0
31.648106883326765, -28.0
-3.3518931166732346, 7.0
-27.35189311667323, 1.0000000000000002
-4.351893116673235, 25.0
2.648106883326765, 2.0
9.648106883326765, 12.0
7.648106883326765, 10.0
8.648106883326765, 15.0
7.648106883326765, 14.0
7.648106883326765, 14.0
data
5.648106883326765, -14.075222663783045
15.648106883326767, -14.075222663783045
-2.3518931166732346, -20.075222663783045
5.648106883326765, -19.075222663783045
6.648106883326765, -19.075222663783045
2.648106883326765, -18.075222663783045
8.648106883326765, -14.075222663783045
8.648106883326765, -13.075222663783045
8.648106883326765, -16.075222663783045
8.648106883326765, -19.075222663783045
9.648106883326765, -21.075222663783045
4.648106883326765, -19.075222663783045
4.648106883326765, -17.075222663783045
3.648106883326765, -18.075222663783045
0.6481068833267651, -22.075222663783045
-59.35189311667324, -88.07522266378305
-19.35189311667323, -65.07522266378304
-9.351893116673235, -164.07522266378305
-43.35189311667324, -242.07522266378305
6.648106883326765, -343.07522266378305
18.64810688332677, -409.07522266378305
-19.35189311667323, -435.07522266378305
32.64810688332676, -459.07522266378305
7.648106883326765, -507.07522266378305
47.64810688332676, -580.075222663783
99.64810688332676, -642.075222663783
82.64810688332676, -644.075222663783
83.64810688332676, -620.075222663783
90.64810688332676, -608.075222663783
86.64810688332676, -503.07522266378305
41.64810688332676, -419.07522266378305
-19.35189311667323, -301.07522266378305
-28.35189311667323, -231.07522266378305
-42.35189311667324, -113.07522266378305
-56.35189311667324, -18.075222663783045
-74.35189311667324, 98.92477733621695
-61.35189311667324, 178.92477733621695
-70.35189311667324, 250.92477733621695
-92.35189311667324, 408.92477733621695
-124.35189311667324, 610.924777336217
-105.35189311667324, 610.924777336217
-84.35189311667324, 599.924777336217
-26.35189311667323, 566.924777336217
15.648106883326767, 427.92477733621695
65.64810688332676, 370.92477733621695
20.64810688332677, 350.92477733621695
25.64810688332677, 335.92477733621695
-49.35189311667324, 400.92477733621695
-55.35189311667324, 391.92477733621695
-69.35189311667324, 317.92477733621695
-55.35189311667324, 280.92477733621695
-28.35189311667323, 182.92477733621695
1.6481068833267651, 67.92477733621695
13.648106883326765, -2.075222663783044
31.648106883326765, 24.924777336216955
-3.3518931166732346, -10.075222663783045
-27.35189311667323, -4.075222663783045
-4.351893116673235, -28.075222663783045
2.648106883326765, -5.075222663783045
9.648106883326765, -15.075222663783045
7.648106883326765, -13.075222663783045
8.648106883326765, -18.075222663783045
7.648106883326765, -17.075222663783045
7.648106883326765, -17.075222663783045
data
-10.0, 16.0
-8.0, 14.0
-10.0, 17.0
-9.0, 18.0
-7.0, 17.0
-10.0, 16.0
-10.0, 15.0
-11.0, 15.0
-11.0, 14.0
-10.0, 15.0
-11.0, 15.0
-8.0, 15.0
-9.0, 16.0
-10.0, 15.0
-10.0, 15.0
-9.0, 16.0
-10.0, 16.0
-12.0, 16.0
-4.0, 12.0
-12.0, 19.0
-8.0, 14.0
-11.0, 15.0
-11.0, 14.0
-10.0, 16.0
-11.0, 12.0
-11.0, 16.0
-11.0, 16.0
-9.0, 17.0
-11.0, 14.0
-10.0, 15.0
-10.0, 14.0
-10.0, 14.0
17.0, 9.0
-36.0, 24.0
-13.0, 17.0
-11.0, 16.0
-12.0, 16.0
-12.0, 14.0
-11.0, 15.0
-10.0, 14.0
-10.0, 14.0
-10.0, 16.0
-10.0, 15.0
-9.0, 15.0
-10.0, 15.0
-10.0, 15.0
-11.0, 15.0
-11.0, 16.0
-12.0, 15.0
-10.0, 16.0
-9.0, 15.0
-9.0, 16.0
-10.0, 15.0
-11.0, 14.0
-13.0, 13.0
-10.0, 15.0
-8.0, 16.0
-8.0, 17.0
-7.0, 21.0
21.0, -105.0
-39.0, 114.0
-2.0, 8.0
-20.0, 7.0
-35.0, 24.0
-7.0, 13.0
-7.0, 11.0
-12.0, 30.999999999999996
-1.0, 6.0
11.0, -14.0
0.0, 13.0
2.0, 0.0
-3.0, -1.0
4.0, -4.0
-12.0, 36.0
-20.0, 40.0
-39.0, 49.0
-63.0, 48.0
-31.0, 24.0
-23.0, 15.0
-15.0, 13.0
-14.0, 16.0
-14.0, 22.0
-14.0, 22.0
-13.0, 12.0
-13.0, 10.0
-12.0, 14.0
-14.0, 18.0
-14.0, 23.0
-13.0, 21.0
-13.0, 17.0
-11.0, 14.0
-11.0, 13.0
-12.0, 16.0
-14.0, 18.0
-14.0, 18.0
-14.0, 14.0
-14.0, 15.0
-14.0, 14.0
-14.0, 17.0
-14.0, 18.0
-14.0, 18.0
-12.0, 17.0
-11.0, 15.0
-12.0, 16.0
-13.0, 16.0
-13.0, 17.0
-15.0, 17.0
-15.0, 16.0
-12.0, 16.0
-13.0, 18.0
-10.0, 18.0
-12.0, 17.0
-12.0, 18.0
-10.0, 19.0
25.0, 124.0
-2.0, 35.0
23.0, 71.0
17.0, 271.0
-12.0, 291.0
31.000000000000004, 161.0
68.0, 45.0
108.0, 113.0
150.0, 185.0
131.0, 116.0
21.0, 268.0
-24.0, 398.0
-80.0, 508.99999999999994
-120.0, 571.0
-138.0, 536.0
-88.0, 482.0
-157.0, 425.0
-129.0, 373.0
-145.0, 309.0
-187.0, 211.0
-209.0, 131.0
-270.0, 111.0
-205.0, 11.0
-199.0, -40.0
-180.0, -247.0
-242.0, -388.0
-132.0, -579.0
-163.0, -508.0
-62.0, -618.0
-14.0, -616.0
21.0, -511.0
18.0, -477.0
14.999999999999998, -369.0
-8.0, -337.0
-22.0, -347.0
-14.0, -332.0
-45.0, -322.0
47.0, -256.0
131.0, -251.0
220.0, -230.0
238.0, -219.0
210.0, -156.0
146.0, -92.0
118.0, -118.0
94.0, -176.0
161.0, -160.0
161.0, -193.0
197.0, -210.0
263.0, -185.0
300.0, -192.0
353.0, -79.0
345.0, -43.0
306.0, -96.0
302.0, -140.0
277.0, -169.0
269.0, -170.0
293.0, -150.0
273.0, -78.0
230.0, 56.0
178.0, 222.0
94.0, 331.0
78.0, 446.0
142.0, 493.0
111.0, 497.0
111.0, 486.0
9.0, 518.0
-15.0, 567.0
-131.0, 631.0
-137.0, 670.0
-198.0, 655.0
-211.0, 662.0
-260.0, 632.0
-259.0, 596.0
-250.0, 535.0
-230.0, 457.0
-195.0, 349.0
-195.0, 253.0
-189.0, 231.0
-217.0, 203.0
-207.0, 142.0
-191.0, 79.0
-175.0, -12.0
-136.0, -155.0
-147.0, -170.0
-114.0, -211.0
-103.0, -258.0
-42.0, -309.0
-53.0, -294.0
-86.0, -316.0
-81.0, -344.0
-50.0, -345.0
-62.0, -347.0
-12.0, -289.0
-14.0, -237.0
3.0, -252.0
-31.0, -236.0
0.0, -228.0
-41.0, -246.0
-66.0, -238.0
-12.0, -213.0
-40.0, -212.0
-21.0, -187.0
36.0, -187.0
33.0, -204.0
93.0, -174.0
-12.0, -169.0
73.0, -159.0
43.0, -189.0
42.0, -191.0
65.0, -151.0
64.0, -95.0
88.0, -46.0
140.0, -95.0
206.0, -67.0
175.0, -49.0
239.0, -3.0
169.0, -44.0
179.0, -33.0
186.0, -29.0
151.0, 0.0
174.0, 64.0
190.0, 70.0
211.0, 83.0
188.0, 106.0
85.0, 169.0
4.0, 228.0
-68.0, 324.0
-151.0, 404.0
-179.0, 441.0
-146.0, 385.0
-96.0, 279.0
-61.0, 186.0
-95.0, 110.0
-130.0, 68.0
-137.0, 55.0
-137.0, 27.0
-117.0, 12.0
-103.0, -61.0
-96.0, -58.0
-80.0, -44.0
-66.0, -10.0
-2.0, -16.0
3.0, -54.0
0.0, -74.0
29.0, -86.0
-2.0, -49.0
-64.0, 0.0
-33.0, 13.0
-38.0, 21.0
-30.0, 33.0
14.999999999999998, 34.0
-38.0, 28.0
-26.0, 25.0
3.0, -10.0
15.999999999999998, -18.0
25.0, -26.0
28.0, -24.0
31.000000000000004, -28.0
90.0, -7.0
23.0, 1.0000000000000002
64.0, 33.0
-8.0, 15.0
-11.0, 13.0
-12.0, 13.0
-10.0, 13.0
-10.0, 11.0
-11.0, 12.0
-10.0, 9.0
-11.0, 17.0
-12.0, 15.0
-12.0, 17.0
-7.0, 15.0
6.0, 31.999999999999996
-2.0, 19.0
20.0, 35.0
-25.0, 4.0
-22.0, 1.0000000000000002
-36.0, -9.0
-27.0, 0.0
-18.0, 7.0
-13.0, 12.0
-11.0, 16.0
-8.0, 18.0
26.0, 35.0
-6.0, 19.0
-5.0, 18.0
-27.0, -4.0
-12.0, 14.0
-27.0, 0.0
-10.0, 12.0
-11.0, 12.0
-10.0, 15.0
-9.0, 14.0
-13.0, 16.0
-12.0, 10.0
-9.0, 11.0
-11.0, 13.0
-10.0, 14.0
-11.0, 16.0
-11.0, 16.0
-12.0, 14.0
-13.0, 12.0
-10.0, 10.0
-10.0, 12.0
-10.0, 17.0
-10.0, 18.0
-12.0, 16.0
data
-10.0, -19.075222663783045
-8.0, -17.075222663783045
-10.0, -20.075222663783045
-9.0, -21.075222663783045
-7.0, -20.075222663783045
-10.0, -19.075222663783045
-10.0, -18.075222663783045
-11.0, -18.075222663783045
-11.0, -17.075222663783045
-10.0, -18.075222663783045
-11.0, -18.075222663783045
-8.0, -18.075222663783045
-9.0, -19.075222663783045
-10.0, -18.075222663783045
-10.0, -18.075222663783045
-9.0, -19.075222663783045
-10.0, -19.075222663783045
-12.0, -19.075222663783045
-4.0, -15.075222663783045
-12.0, -22.075222663783045
-8.0, -17.075222663783045
-11.0, -18.075222663783045
-11.0, -17.075222663783045
-10.0, -19.075222663783045
-11.0, -15.075222663783045
-11.0, -19.075222663783045
-11.0, -19.075222663783045
-9.0, -20.075222663783045
-11.0, -17.075222663783045
-10.0, -18.075222663783045
-10.0, -17.075222663783045
-10.0, -17.075222663783045
17.0, -12.075222663783045
-36.0, -27.075222663783045
-13.0, -20.075222663783045
-11.0, -19.075222663783045
-12.0, -19.075222663783045
-12.0, -17.075222663783045
-11.0, -18.075222663783045
-10.0, -17.075222663783045
-10.0, -17.075222663783045
-10.0, -19.075222663783045
-10.0, -18.075222663783045
-9.0, -18.075222663783045
-10.0, -18.075222663783045
-10.0, -18.075222663783045
-11.0, -18.075222663783045
-11.0, -19.075222663783045
-12.0, -18.075222663783045
-10.0, -19.075222663783045
-9.0, -18.075222663783045
-9.0, -19.075222663783045
-10.0, -18.075222663783045
-11.0, -17.075222663783045
-13.0, -16.075222663783045
-10.0, -18.075222663783045
-8.0, -19.075222663783045
-8.0, -20.075222663783045
-7.0, -24.075222663783045
21.0, 101.92477733621695
-39.0, -117.07522266378305
-2.0, -11.075222663783045
-20.0, -10.075222663783045
-35.0, -27.075222663783045
-7.0, -16.075222663783045
-7.0, -14.075222663783045
-12.0, -34.07522266378304
-1.0, -9.075222663783045
11.0, 10.924777336216955
0.0, -16.075222663783045
2.0, -3.075222663783044
-3.0, -2.075222663783044
4.0, 0.9247773362169556
-12.0, -39.07522266378304
-20.0, -43.07522266378304
-39.0, -52.07522266378304
-63.0, -51.07522266378304
-31.0, -27.075222663783045
-23.0, -18.075222663783045
-15.0, -16.075222663783045
-14.0, -19.075222663783045
-14.0, -25.075222663783045
-14.0, -25.075222663783045
-13.0, -15.075222663783045
-13.0, -13.075222663783045
-12.0, -17.075222663783045
-14.0, -21.075222663783045
-14.0, -26.075222663783045
-13.0, -24.075222663783045
-13.0, -20.075222663783045
-11.0, -17.075222663783045
-11.0, -16.075222663783045
-12.0, -19.075222663783045
-14.0, -21.075222663783045
-14.0, -21.075222663783045
-14.0, -17.075222663783045
-14.0, -18.075222663783045
-14.0, -17.075222663783045
-14.0, -20.075222663783045
-14.0, -21.075222663783045
-14.0, -21.075222663783045
-12.0, -20.075222663783045
-11.0, -18.075222663783045
-12.0, -19.075222663783045
-13.0, -19.075222663783045
-13.0, -20.075222663783045
-15.0, -20.075222663783045
-15.0, -19.075222663783045
-12.0, -19.075222663783045
-13.0, -21.075222663783045
-10.0, -21.075222663783045
-12.0, -20.075222663783045
-12.0, -21.075222663783045
-10.0, -22.075222663783045
25.0, -127.07522266378305
-2.0, -38.07522266378304
23.0, -74.07522266378305
17.0, -274.07522266378305
-12.0, -294.07522266378305
31.000000000000004, -164.07522266378305
68.0, -48.07522266378304
108.0, -116.07522266378305
150.0, -188.07522266378305
131.0, -119.07522266378305
21.0, -271.07522266378305
-24.0, -401.07522266378305
-80.0, -512.0752226637829
-120.0, -574.075222663783
-138.0, -539.075222663783
-88.0, -485.07522266378305
-157.0, -428.07522266378305
-129.0, -376.07522266378305
-145.0, -312.07522266378305
-187.0, -214.07522266378305
-209.0, -134.07522266378305
-270.0, -114.07522266378305
-205.0, -14.075222663783045
-199.0, 36.92477733621696
-180.0, 243.92477733621695
-242.0, 384.92477733621695
-132.0, 575.924777336217
-163.0, 504.92477733621695
-62.0, 614.924777336217
-14.0, 612.924777336217
21.0, 507.92477733621695
18.0, 473.92477733621695
14.999999999999998, 365.92477733621695
-8.0, 333.92477733621695
-22.0, 343.92477733621695
-14.0, 328.92477733621695
-45.0, 318.92477733621695
47.0, 252.92477733621695
131.0, 247.92477733621695
220.0, 226.92477733621695
238.0, 215.92477733621695
210.0, 152.92477733621695
146.0, 88.92477733621695
118.0, 114.92477733621695
94.0, 172.92477733621695
161.0, 156.92477733621695
161.0, 189.92477733621695
197.0, 206.92477733621695
263.0, 181.92477733621695
300.0, 188.92477733621695
353.0, 75.92477733621695
345.0, 39.92477733621696
306.0, 92.92477733621695
302.0, 136.92477733621695
277.0, 165.92477733621695
269.0, 166.92477733621695
293.0, 146.92477733621695
273.0, 74.92477733621695
230.0, -59.07522266378304
178.0, -225.07522266378305
94.0, -334.07522266378305
78.0, -449.07522266378305
142.0, -496.07522266378305
111.0, -500.07522266378305
111.0, -489.07522266378305
9.0, -521.075222663783
-15.0, -570.075222663783
-131.0, -634.075222663783
-137.0, -673.075222663783
-198.0, -658.075222663783
-211.0, -665.075222663783
-260.0, -635.075222663783
-259.0, -599.075222663783
-250.0, -538.075222663783
-230.0, -460.07522266378305
-195.0, -352.07522266378305
-195.0, -256.07522266378305
-189.0, -234.07522266378305
-217.0, -206.07522266378305
-207.0, -145.07522266378305
-191.0, -82.07522266378305
-175.0, 8.924777336216955
-136.0, 151.92477733621695
-147.0, 166.92477733621695
-114.0, 207.92477733621695
-103.0, 254.92477733621695
-42.0, 305.92477733621695
-53.0, 290.92477733621695
-86.0, 312.92477733621695
-81.0, 340.92477733621695
-50.0, 341.92477733621695
-62.0, 343.92477733621695
-12.0, 285.92477733621695
-14.0, 233.92477733621695
3.0, 248.92477733621695
-31.0, 232.92477733621695
0.0, 224.92477733621695
-41.0, 242.92477733621695
-66.0, 234.92477733621695
-12.0, 209.92477733621695
-40.0, 208.92477733621695
-21.0, 183.92477733621695
36.0, 183.92477733621695
33.0, 200.92477733621695
93.0, 170.92477733621695
-12.0, 165.92477733621695
73.0, 155.92477733621695
43.0, 185.92477733621695
42.0, 187.92477733621695
65.0, 147.92477733621695
64.0, 91.92477733621695
88.0, 42.92477733621696
140.0, 91.92477733621695
206.0, 63.924777336216955
175.0, 45.92477733621696
239.0, -0.07522266378304421
169.0, 40.92477733621696
179.0, 29.924777336216955
186.0, 25.924777336216955
151.0, -3.075222663783044
174.0, -67.07522266378305
190.0, -73.07522266378305
211.0, -86.07522266378305
188.0, -109.07522266378305
85.0, -172.07522266378305
4.0, -231.07522266378305
-68.0, -327.07522266378305
-151.0, -407.07522266378305
-179.0, -444.07522266378305
-146.0, -388.07522266378305
-96.0, -282.07522266378305
-61.0, -189.07522266378305
-95.0, -113.07522266378305
-130.0, -71.07522266378305
-137.0, -58.07522266378304
-137.0, -30.075222663783045
-117.0, -15.075222663783045
-103.0, 57.92477733621696
-96.0, 54.92477733621696
-80.0, 40.92477733621696
-66.0, 6.924777336216955
-2.0, 12.924777336216955
3.0, 50.92477733621696
0.0, 70.92477733621695
29.0, 82.92477733621695
-2.0, 45.92477733621696
-64.0, -3.075222663783044
-33.0, -16.075222663783045
-38.0, -24.075222663783045
-30.0, -36.07522266378304
14.999999999999998, -37.07522266378304
-38.0, -31.075222663783045
-26.0, -28.075222663783045
3.0, 6.924777336216955
15.999999999999998, 14.924777336216955
25.0, 22.924777336216955
28.0, 20.924777336216955
31.000000000000004, 24.924777336216955
90.0, 3.9247773362169553
23.0, -4.075222663783045
64.0, -36.07522266378304
-8.0, -18.075222663783045
-11.0, -16.075222663783045
-12.0, -16.075222663783045
-10.0, -16.075222663783045
-10.0, -14.075222663783045
-11.0, -15.075222663783045
-10.0, -12.075222663783045
-11.0, -20.075222663783045
-12.0, -18.075222663783045
-12.0, -20.075222663783045
-7.0, -18.075222663783045
6.0, -35.07522266378304
-2.0, -22.075222663783045
20.0, -38.07522266378304
-25.0, -7.075222663783045
-22.0, -4.075222663783045
-36.0, 5.924777336216955
-27.0, -3.075222663783044
-18.0, -10.075222663783045
-13.0, -15.075222663783045
-11.0, -19.075222663783045
-8.0, -21.075222663783045
26.0, -38.07522266378304
-6.0, -22.075222663783045
-5.0, -21.075222663783045
-27.0, 0.9247773362169556
-12.0, -17.075222663783045
-27.0, -3.075222663783044
-10.0, -15.075222663783045
-11.0, -15.075222663783045
-10.0, -18.075222663783045
-9.0, -17.075222663783045
-13.0, -19.075222663783045
-12.0, -13.075222663783045
-9.0, -14.075222663783045
-11.0, -16.075222663783045
-10.0, -17.075222663783045
-11.0, -19.075222663783045
-11.0, -19.075222663783045
-12.0, -17.075222663783045
-13.0, -15.075222663783045
-10.0, -13.075222663783045
-10.0, -15.075222663783045
-10.0, -20.075222663783045
-10.0, -21.075222663783045
-12.0, -19.075222663783045
data
6.648106883326765, 16.0
4.648106883326765, 14.0
6.648106883326765, 17.0
5.648106883326765, 18.0
3.648106883326765, 17.0
6.648106883326765, 16.0
6.648106883326765, 15.0
7.648106883326765, 15.0
7.648106883326765, 14.0
6.648106883326765, 15.0
7.648106883326765, 15.0
4.648106883326765, 15.0
5.648106883326765, 16.0
6.648106883326765, 15.0
6.648106883326765, 15.0
5.648106883326765, 16.0
6.648106883326765, 16.0
8.648106883326765, 16.0
0.6481068833267651, 12.0
8.648106883326765, 19.0
4.648106883326765, 14.0
7.648106883326765, 15.0
7.648106883326765, 14.0
6.648106883326765, 16.0
7.648106883326765, 12.0
7.648106883326765, 16.0
7.648106883326765, 16.0
5.648106883326765, 17.0
7.648106883326765, 14.0
6.648106883326765, 15.0
6.648106883326765, 14.0
6.648106883326765, 14.0
-20.35189311667323, 9.0
32.64810688332676, 24.0
9.648106883326765, 17.0
7.648106883326765, 16.0
8.648106883326765, 16.0
8.648106883326765, 14.0
7.648106883326765, 15.0
6.648106883326765, 14.0
6.648106883326765, 14.0
6.648106883326765, 16.0
6.648106883326765, 15.0
5.648106883326765, 15.0
6.648106883326765, 15.0
6.648106883326765, 15.0
7.648106883326765, 15.0
7.648106883326765, 16.0
8.648106883326765, 15.0
6.648106883326765, 16.0
5.648106883326765, 15.0
5.648106883326765, 16.0
6.648106883326765, 15.0
7.648106883326765, 14.0
9.648106883326765, 13.0
6.648106883326765, 15.0
4.648106883326765, 16.0
4.648106883326765, 17.0
3.648106883326765, 21.0
-24.35189311667323, -105.0
35.64810688332676, 114.0
-1.3518931166732346, 8.0
16.64810688332677, 7.0
31.648106883326765, 24.0
3.648106883326765, 13.0
3.648106883326765, 11.0
8.648106883326765, 30.999999999999996
-2.3518931166732346, 6.0
-14.351893116673235, -14.0
-3.3518931166732346, 13.0
-5.351893116673235, 0.0
-0.35189311667323464, -1.0
-7.351893116673235, -4.0
8.648106883326765, 36.0
16.64810688332677, 40.0
35.64810688332676, 49.0
59.64810688332676, 48.0
27.64810688332677, 24.0
19.64810688332677, 15.0
11.648106883326765, 13.0
10.648106883326765, 16.0
10.648106883326765, 22.0
10.648106883326765, 22.0
9.648106883326765, 12.0
9.648106883326765, 10.0
8.648106883326765, 14.0
10.648106883326765, 18.0
10.648106883326765, 23.0
9.648106883326765, 21.0
9.648106883326765, 17.0
7.648106883326765, 14.0
7.648106883326765, 13.0
8.648106883326765, 16.0
10.648106883326765, 18.0
10.648106883326765, 18.0
10.648106883326765, 14.0
10.648106883326765, 15.0
10.648106883326765, 14.0
10.648106883326765, 17.0
10.648106883326765, 18.0
10.648106883326765, 18.0
8.648106883326765, 17.0
7.648106883326765, 15.0
8.648106883326765, 16.0
9.648106883326765, 16.0
9.648106883326765, 17.0
11.648106883326765, 17.0
11.648106883326765, 16.0
8.648106883326765, 16.0
9.648106883326765, 18.0
6.648106883326765, 18.0
8.648106883326765, 17.0
8.648106883326765, 18.0
6.648106883326765, 19.0
-28.35189311667323, 124.0
-1.3518931166732346, 35.0
-26.35189311667323, 71.0
-20.35189311667323, 271.0
8.648106883326765, 291.0
-34.35189311667324, 161.0
-71.35189311667324, 45.0
-111.35189311667324, 113.0
-153.35189311667324, 185.0
-134.35189311667324, 116.0
-24.35189311667323, 268.0
20.64810688332677, 398.0
76.64810688332676, 508.99999999999994
116.64810688332676, 571.0
134.64810688332676, 536.0
84.64810688332676, 482.0
153.64810688332676, 425.0
125.64810688332676, 373.0
141.64810688332676, 309.0
183.64810688332676, 211.0
205.64810688332676, 131.0
266.6481068833268, 111.0
201.64810688332676, 11.0
195.64810688332676, -40.0
176.64810688332676, -247.0
238.64810688332676, -388.0
128.64810688332676, -579.0
159.64810688332676, -508.0
58.64810688332676, -618.0
10.648106883326765, -616.0
-24.35189311667323, -511.0
-21.35189311667323, -477.0
-18.35189311667323, -369.0
4.648106883326765, -337.0
18.64810688332677, -347.0
10.648106883326765, -332.0
41.64810688332676, -322.0
-50.35189311667324, -256.0
-134.35189311667324, -251.0
-223.35189311667324, -230.0
-241.35189311667324, -219.0
-213.35189311667324, -156.0
-149.35189311667324, -92.0
-121.35189311667324, -118.0
-97.35189311667324, -176.0
-164.35189311667324, -160.0
-164.35189311667324, -193.0
-200.35189311667324, -210.0
-266.3518931166732, -185.0
-303.3518931166732, -192.0
-356.3518931166732, -79.0
-348.3518931166732, -43.0
-309.3518931166732, -96.0
-305.3518931166732, -140.0
-280.3518931166732, -169.0
-272.3518931166732, -170.0
-296.3518931166732, -150.0
-276.3518931166732, -78.0
-233.35189311667324, 56.0
-181.35189311667324, 222.0
-97.35189311667324, 331.0
-81.35189311667324, 446.0
-145.35189311667324, 493.0
-114.35189311667324, 497.0
-114.35189311667324, 486.0
-12.351893116673235, 518.0
11.648106883326765, 567.0
127.64810688332676, 631.0
133.64810688332676, 670.0
194.64810688332676, 655.0
207.64810688332676, 662.0
256.6481068833268, 632.0
255.6481068833268, 596.0
246.64810688332676, 535.0
226.64810688332676, 457.0
191.64810688332676, 349.0
191.64810688332676, 253.0
185.64810688332676, 231.0
213.64810688332676, 203.0
203.64810688332676, 142.0
187.64810688332676, 79.0
171.64810688332676, -12.0
132.64810688332676, -155.0
143.64810688332676, -170.0
110.64810688332676, -211.0
99.64810688332676, -258.0
38.64810688332676, -309.0
49.64810688332676, -294.0
82.64810688332676, -316.0
77.64810688332676, -344.0
46.64810688332676, -345.0
58.64810688332676, -347.0
8.648106883326765, -289.0
10.648106883326765, -237.0
-6.351893116673235, -252.0
27.64810688332677, -236.0
-3.3518931166732346, -228.0
37.64810688332676, -246.0
62.64810688332676, -238.0
8.648106883326765, -213.0
36.64810688332676, -212.0
17.64810688332677, -187.0
-39.35189311667324, -187.0
-36.35189311667324, -204.0
-96.35189311667324, -174.0
8.648106883326765, -169.0
-76.35189311667324, -159.0
-46.35189311667324, -189.0
-45.35189311667324, -191.0
-68.35189311667324, -151.0
-67.35189311667324, -95.0
-91.35189311667324, -46.0
-143.35189311667324, -95.0
-209.35189311667324, -67.0
-178.35189311667324, -49.0
-242.35189311667324, -3.0
-172.35189311667324, -44.0
-182.35189311667324, -33.0
-189.35189311667324, -29.0
-154.35189311667324, 0.0
-177.35189311667324, 64.0
-193.35189311667324, 70.0
-214.35189311667324, 83.0
-191.35189311667324, 106.0
-88.35189311667324, 169.0
-7.351893116673235, 228.0
64.64810688332676, 324.0
147.64810688332676, 404.0
175.64810688332676, 441.0
142.64810688332676, 385.0
92.64810688332676, 279.0
57.64810688332676, 186.0
91.64810688332676, 110.0
126.64810688332676, 68.0
133.64810688332676, 55.0
133.64810688332676, 27.0
113.64810688332676, 12.0
99.64810688332676, -61.0
92.64810688332676, -58.0
76.64810688332676, -44.0
62.64810688332676, -10.0
-1.3518931166732346, -16.0
-6.351893116673235, -54.0
-3.3518931166732346, -74.0
-32.35189311667323, -86.0
-1.3518931166732346, -49.0
60.64810688332676, 0.0
29.64810688332677, 13.0
34.64810688332676, 21.0
26.64810688332677, 33.0
-18.35189311667323, 34.0
34.64810688332676, 28.0
22.64810688332677, 25.0
-6.351893116673235, -10.0
-19.35189311667323, -18.0
-28.35189311667323, -26.0
-31.35189311667323, -24.0
-34.35189311667324, -28.0
-93.35189311667324, -7.0
-26.35189311667323, 1.0000000000000002
-67.35189311667324, 33.0
4.648106883326765, 15.0
7.648106883326765, 13.0
8.648106883326765, 13.0
6.648106883326765, 13.0
6.648106883326765, 11.0
7.648106883326765, 12.0
6.648106883326765, 9.0
7.648106883326765, 17.0
8.648106883326765, 15.0
8.648106883326765, 17.0
3.648106883326765, 15.0
-9.351893116673235, 31.999999999999996
-1.3518931166732346, 19.0
-23.35189311667323, 35.0
21.64810688332677, 4.0
18.64810688332677, 1.0000000000000002
32.64810688332676, -9.0
23.64810688332677, 0.0
14.648106883326767, 7.0
9.648106883326765, 12.0
7.648106883326765, 16.0
4.648106883326765, 18.0
-29.35189311667323, 35.0
2.648106883326765, 19.0
1.6481068833267651, 18.0
23.64810688332677, -4.0
8.648106883326765, 14.0
23.64810688332677, 0.0
6.648106883326765, 12.0
7.648106883326765, 12.0
6.648106883326765, 15.0
5.648106883326765, 14.0
9.648106883326765, 16.0
8.648106883326765, 10.0
5.648106883326765, 11.0
7.648106883326765, 13.0
6.648106883326765, 14.0
7.648106883326765, 16.0
7.648106883326765, 16.0
8.648106883326765, 14.0
9.648106883326765, 12.0
6.648106883326765, 10.0
6.648106883326765, 12.0
6.648106883326765, 17.0
6.648106883326765, 18.0
8.648106883326765, 16.0
data
6.648106883326765, -19.075222663783045
4.648106883326765, -17.075222663783045
6.648106883326765, -20.075222663783045
5.648106883326765, -21.075222663783045
3.648106883326765, -20.075222663783045
6.648106883326765, -19.075222663783045
6.648106883326765, -18.075222663783045
7.648106883326765, -18.075222663783045
7.648106883326765, -17.075222663783045
6.648106883326765, -18.075222663783045
7.648106883326765, -18.075222663783045
4.648106883326765, -18.075222663783045
5.648106883326765, -19.075222663783045
6.648106883326765, -18.075222663783045
6.648106883326765, -18.075222663783045
5.648106883326765, -19.075222663783045
6.648106883326765, -19.075222663783045
8.648106883326765, -19.075222663783045
0.6481068833267651, -15.075222663783045
8.648106883326765, -22.075222663783045
4.648106883326765, -17.075222663783045
7.648106883326765, -18.075222663783045
7.648106883326765, -17.075222663783045
6.648106883326765, -19.075222663783045
7.648106883326765, -15.075222663783045
7.648106883326765, -19.075222663783045
7.648106883326765, -19.075222663783045
5.648106883326765, -20.075222663783045
7.648106883326765, -17.075222663783045
6.648106883326765, -18.075222663783045
6.648106883326765, -17.075222663783045
6.648106883326765, -17.075222663783045
-20.35189311667323, -12.075222663783045
32.64810688332676, -27.075222663783045
9.648106883326765, -20.075222663783045
7.648106883326765, -19.075222663783045
8.648106883326765, -19.075222663783045
8.648106883326765, -17.075222663783045
7.648106883326765, -18.075222663783045
6.648106883326765, -17.075222663783045
6.648106883326765, -17.075222663783045
6.648106883326765, -19.075222663783045
6.648106883326765, -18.075222663783045
5.648106883326765, -18.075222663783045
6.648106883326765, -18.075222663783045
6.648106883326765, -18.075222663783045
7.648106883326765, -18.075222663783045
7.648106883326765, -19.075222663783045
8.648106883326765, -18.075222663783045
6.648106883326765, -19.075222663783045
5.648106883326765, -18.075222663783045
5.648106883326765, -19.075222663783045
6.648106883326765, -18.075222663783045
7.648106883326765, -17.075222663783045
9.648106883326765, -16.075222663783045
6.648106883326765, -18.075222663783045
4.648106883326765, -19.075222663783045
4.648106883326765, -20.075222663783045
3.648106883326765, -24.075222663783045
-24.35189311667323, 101.92477733621695
35.64810688332676, -117.07522266378305
-1.3518931166732346, -11.075222663783045
16.64810688332677, -10.075222663783045
31.648106883326765, -27.075222663783045
3.648106883326765, -16.075222663783045
3.648106883326765, -14.075222663783045
8.648106883326765, -34.07522266378304
-2.3518931166732346, -9.075222663783045
-14.351893116673235, 10.924777336216955
-3.3518931166732346, -16.075222663783045
-5.351893116673235, -3.075222663783044
-0.35189311667323464, -2.075222663783044
-7.351893116673235, 0.9247773362169556
8.648106883326765, -39.07522266378304
16.64810688332677, -43.07522266378304
35.64810688332676, -52.07522266378304
59.64810688332676, -51.07522266378304
27.64810688332677, -27.075222663783045
19.64810688332677, -18.075222663783045
11.648106883326765, -16.075222663783045
10.648106883326765, -19.075222663783045
10.648106883326765, -25.075222663783045
10.648106883326765, -25.075222663783045
9.648106883326765, -15.075222663783045
9.648106883326765, -13.075222663783045
8.648106883326765, -17.075222663783045
10.648106883326765, -21.075222663783045
10.648106883326765, -26.075222663783045
9.648106883326765, -24.075222663783045
9.648106883326765, -20.075222663783045
7.648106883326765, -17.075222663783045
7.648106883326765, -16.075222663783045
8.648106883326765, -19.075222663783045
10.648106883326765, -21.075222663783045
10.648106883326765, -21.075222663783045
10.648106883326765, -17.075222663783045
10.648106883326765, -18.075222663783045
10.648106883326765, -17.075222663783045
10.648106883326765, -20.075222663783045
10.648106883326765, -21.075222663783045
10.648106883326765, -21.075222663783045
8.648106883326765, -20.075222663783045
7.648106883326765, -18.075222663783045
8.648106883326765, -19.075222663783045
9.648106883326765, -19.075222663783045
9.648106883326765, -20.075222663783045
11.648106883326765, -20.075222663783045
11.648106883326765, -19.075222663783045
8.648106883326765, -19.075222663783045
9.648106883326765, -21.075222663783045
6.648106883326765, -21.075222663783045
8.648106883326765, -20.075222663783045
8.648106883326765, -21.075222663783045
6.648106883326765, -22.075222663783045
-28.35189311667323, -127.07522266378305
-1.3518931166732346, -38.07522266378304
-26.35189311667323, -74.07522266378305
-20.35189311667323, -274.07522266378305
8.648106883326765, -294.07522266378305
-34.35189311667324, -164.07522266378305
-71.35189311667324, -48.07522266378304
-111.35189311667324, -116.07522266378305
-153.35189311667324, -188.07522266378305
-134.35189311667324, -119.07522266378305
-24.35189311667323, -271.07522266378305
20.64810688332677, -401.07522266378305
76.64810688332676, -512.0752226637829
116.64810688332676, -574.075222663783
134.64810688332676, -539.075222663783
84.64810688332676, -485.07522266378305
153.64810688332676, -428.07522266378305
125.64810688332676, -376.07522266378305
141.64810688332676, -312.07522266378305
183.64810688332676, -214.07522266378305
205.64810688332676, -134.07522266378305
266.6481068833268, -114.07522266378305
201.64810688332676, -14.075222663783045
195.64810688332676, 36.92477733621696
176.64810688332676, 243.92477733621695
238.64810688332676, 384.92477733621695
128.64810688332676, 575.924777336217
159.64810688332676, 504.92477733621695
58.64810688332676, 614.924777336217
10.648106883326765, 612.924777336217
-24.35189311667323, 507.92477733621695
-21.35189311667323, 473.92477733621695
-18.35189311667323, 365.92477733621695
4.648106883326765, 333.92477733621695
18.64810688332677, 343.92477733621695
10.648106883326765, 328.92477733621695
41.64810688332676, 318.92477733621695
-50.35189311667324, 252.92477733621695
-134.35189311667324, 247.92477733621695
-223.35189311667324, 226.92477733621695
-241.35189311667324, 215.92477733621695
-213.35189311667324, 152.92477733621695
-149.35189311667324, 88.92477733621695
-121.35189311667324, 114.92477733621695
-97.35189311667324, 172.92477733621695
-164.35189311667324, 156.92477733621695
-164.35189311667324, 189.92477733621695
-200.35189311667324, 206.92477733621695
-266.3518931166732, 181.92477733621695
-303.3518931166732, 188.92477733621695
-356.3518931166732, 75.92477733621695
-348.3518931166732, 39.92477733621696
-309.3518931166732, 92.92477733621695
-305.3518931166732, 136.92477733621695
-280.3518931166732, 165.92477733621695
-272.3518931166732, 166.92477733621695
-296.3518931166732, 146.92477733621695
-276.3518931166732, 74.92477733621695
-233.35189311667324, -59.07522266378304
-181.35189311667324, -225.07522266378305
-97.35189311667324, -334.07522266378305
-81.35189311667324, -449.07522266378305
-145.35189311667324, -496.07522266378305
-114.35189311667324, -500.07522266378305
-114.35189311667324, -489.07522266378305
-12.351893116673235, -521.075222663783
11.648106883326765, -570.075222663783
127.64810688332676, -634.075222663783
133.64810688332676, -673.075222663783
194.64810688332676, -658.075222663783
207.64810688332676, -665.075222663783
256.6481068833268, -635.075222663783
255.6481068833268, -599.075222663783
246.64810688332676, -538.075222663783
226.64810688332676, -460.07522266378305
191.64810688332676, -352.07522266378305
191.64810688332676, -256.07522266378305
185.64810688332676, -234.07522266378305
213.64810688332676, -206.07522266378305
203.64810688332676, -145.07522266378305
187.64810688332676, -82.07522266378305
171.64810688332676, 8.924777336216955
132.64810688332676, 151.92477733621695
143.64810688332676, 166.92477733621695
110.64810688332676, 207.92477733621695
99.64810688332676, 254.92477733621695
38.64810688332676, 305.92477733621695
49.64810688332676, 290.92477733621695
82.64810688332676, 312.92477733621695
77.64810688332676, 340.92477733621695
46.64810688332676, 341.92477733621695
58.64810688332676, 343.92477733621695
8.648106883326765, 285.92477733621695
10.648106883326765, 233.92477733621695
-6.351893116673235, 248.92477733621695
27.64810688332677, 232.92477733621695
-3.3518931166732346, 224.92477733621695
37.64810688332676, 242.92477733621695
62.64810688332676, 234.92477733621695
8.648106883326765, 209.92477733621695
36.64810688332676, 208.92477733621695
17.64810688332677, 183.92477733621695
-39.35189311667324, 183.92477733621695
-36.35189311667324, 200.92477733621695
-96.35189311667324, 170.92477733621695
8.648106883326765, 165.92477733621695
-76.35189311667324, 155.92477733621695
-46.35189311667324, 185.92477733621695
-45.35189311667324, 187.92477733621695
-68.35189311667324, 147.92477733621695
-67.35189311667324, 91.92477733621695
-91.35189311667324, 42.92477733621696
-143.35189311667324, 91.92477733621695
-209.35189311667324, 63.924777336216955
-178.35189311667324, 45.92477733621696
-242.35189311667324, -0.07522266378304421
-172.35189311667324, 40.92477733621696
-182.35189311667324, 29.924777336216955
-189.35189311667324, 25.924777336216955
-154.35189311667324, -3.075222663783044
-177.35189311667324, -67.07522266378305
-193.35189311667324, -73.07522266378305
-214.35189311667324, -86.07522266378305
-191.35189311667324, -109.07522266378305
-88.35189311667324, -172.07522266378305
-7.351893116673235, -231.07522266378305
64.64810688332676, -327.07522266378305
147.64810688332676, -407.07522266378305
175.64810688332676, -444.07522266378305
142.64810688332676, -388.07522266378305
92.64810688332676, -282.07522266378305
57.64810688332676, -189.07522266378305
91.64810688332676, -113.07522266378305
126.64810688332676, -71.07522266378305
133.64810688332676, -58.07522266378304
133.64810688332676, -30.075222663783045
113.64810688332676, -15.075222663783045
99.64810688332676, 57.92477733621696
92.64810688332676, 54.92477733621696
76.64810688332676, 40.92477733621696
62.64810688332676, 6.924777336216955
-1.3518931166732346, 12.924777336216955
-6.351893116673235, 50.92477733621696
-3.3518931166732346, 70.92477733621695
-32.35189311667323, 82.92477733621695
-1.3518931166732346, 45.92477733621696
60.64810688332676, -3.075222663783044
29.64810688332677, -16.075222663783045
34.64810688332676, -24.075222663783045
26.64810688332677, -36.07522266378304
-18.35189311667323, -37.07522266378304
34.64810688332676, -31.075222663783045
22.64810688332677, -28.075222663783045
-6.351893116673235, 6.924777336216955
-19.35189311667323, 14.924777336216955
-28.35189311667323, 22.924777336216955
-31.35189311667323, 20.924777336216955
-34.35189311667324, 24.924777336216955
-93.35189311667324, 3.9247773362169553
-26.35189311667323, -4.075222663783045
-67.35189311667324, -36.07522266378304
4.648106883326765, -18.075222663783045
7.648106883326765, -16.075222663783045
8.648106883326765, -16.075222663783045
6.648106883326765, -16.075222663783045
6.648106883326765, -14.075222663783045
7.648106883326765, -15.075222663783045
6.648106883326765, -12.075222663783045
7.648106883326765, -20.075222663783045
8.648106883326765, -18.075222663783045
8.648106883326765, -20.075222663783045
3.648106883326765, -18.075222663783045
-9.351893116673235, -35.07522266378304
-1.3518931166732346, -22.075222663783045
-23.35189311667323, -38.07522266378304
21.64810688332677, -7.075222663783045
18.64810688332677, -4.075222663783045
32.64810688332676, 5.924777336216955
23.64810688332677, -3.075222663783044
14.648106883326767, -10.075222663783045
9.648106883326765, -15.075222663783045
7.648106883326765, -19.075222663783045
4.648106883326765, -21.075222663783045
-29.35189311667323, -38.07522266378304
2.648106883326765, -22.075222663783045
1.6481068833267651, -21.075222663783045
23.64810688332677, 0.9247773362169556
8.648106883326765, -17.075222663783045
23.64810688332677, -3.075222663783044
6.648106883326765, -15.075222663783045
7.648106883326765, -15.075222663783045
6.648106883326765, -18.075222663783045
5.648106883326765, -17.075222663783045
9.648106883326765, -19.075222663783045
8.648106883326765, -13.075222663783045
5.648106883326765, -14.075222663783045
7.648106883326765, -16.075222663783045
6.648106883326765, -17.075222663783045
7.648106883326765, -19.075222663783045
7.648106883326765, -19.075222663783045
8.648106883326765, -17.075222663783045
9.648106883326765, -15.075222663783045
6.648106883326765, -13.075222663783045
6.648106883326765, -15.075222663783045
6.648106883326765, -20.075222663783045
6.648106883326765, -21.075222663783045
8.648106883326765, -19.075222663783045
data
-3.0, 14.0
-15.0, 19.0
0.0, 12.0
-13.0, 17.0
-13.0, 15.0
-12.0, 15.0
-12.0, 15.0
-11.0, 15.0
-11.0, 15.0
-10.0, 14.0
-13.0, 15.0
-10.0, 14.0
-7.0, 13.0
-7.0, 14.0
-9.0, 15.0
-8.0, 16.0
-9.0, 16.0
-22.0, 16.0
323.0, 21.0
13.0, 83.0
-114.0, -20.0
97.0, -60.0
32.0, -34.0
53.0, -41.0
60.0, -35.0
133.0, -47.0
165.0, -90.0
144.0, -98.0
156.0, -76.0
172.0, -48.0
156.0, -20.0
137.0, 56.0
124.0, 169.0
44.0, 301.0
14.0, 476.0
-39.0, 530.0
-75.0, 576.0
-137.0, 637.0
-153.0, 641.0
-191.0, 642.0
-244.0, 598.0
-267.0, 557.0
-287.0, 478.0
-320.0, 408.0
-306.0, 222.0
-305.0, 153.0
-302.0, 65.0
-259.0, -38.0
-225.0, -109.0
-228.0, -182.0
-177.0, -256.0
-174.0, -281.0
-169.0, -390.0
-148.0, -505.0
-82.0, -593.0
-33.0, -575.0
18.0, -512.9999999999999
-7.0, -459.0
59.0, -464.0
21.0, -491.0
76.0, -496.0
59.0, -469.0
68.0, -417.0
66.0, -368.0
164.0, -372.0
216.0, -319.0
254.0, -289.0
279.0, -268.0
303.0, -223.0
312.0, -202.0
347.0, -128.0
319.0, -108.0
334.0, -99.0
304.0, -96.0
344.0, 42.0
361.0, 83.0
357.0, 100.0
333.0, 95.0
303.0, 126.00000000000001
294.0, 177.0
276.0, 270.0
228.0, 325.0
196.0, 335.0
175.0, 296.0
136.0, 286.0
84.0, 318.0
3.0, 435.0
-13.0, 534.0
-71.0, 593.0
-75.0, 588.0
-121.0, 536.0
-121.0, 510.00000000000006
-178.0, 519.0
-248.0, 549.0
-267.0, 543.0
-321.0, 368.0
-322.0, 247.0
-334.0, 165.0
-341.0, 128.0
-327.0, 67.0
-335.0, 20.0
-332.0, 34.0
-286.0, 6.0
-256.0, -23.0
-225.0, -79.0
-196.0, -208.0
-132.0, -245.0
-113.0, -263.0
-37.0, -251.0
-41.0, -234.0
-18.0, -158.0
-46.0, -105.0
-42.0, -116.0
-25.0, -162.0
17.0, -150.0
42.0, -165.0
91.0, -163.0
63.0, -143.0
101.0, -140.0
89.0, -114.0
101.0, -133.0
116.0, -96.0
128.0, -102.0
138.0, -87.0
143.0, -42.0
140.0, -48.0
97.0, -50.0
75.0, -28.0
113.0, -22.0
63.0, -5.0
77.0, 7.0
97.0, 23.0
76.0, 4.0
39.0, 12.0
24.0, 6.0
-7.0, 12.0
-10.0, 13.0
-7.0, 15.0
27.0, 34.0
-38.0, -1.0
-11.0, 16.0
-24.0, 2.0
-14.0, 7.0
-12.0, 11.0
-10.0, 14.0
-11.0, 17.0
-13.0, 20.0
-6.0, 10.0
-9.0, 19.0
-7.0, 1.0000000000000002
-8.0, 12.0
-11.0, 13.0
-10.0, 18.0
-4.0, 14.0
-1.0, 14.0
-5.0, 13.0
-5.0, 16.0
-20.0, 10.0
-30.0, -3.0
-19.0, 4.0
-15.0, 4.0
-13.0, 14.0
-9.0, 13.0
-7.0, 13.0
-7.0, 11.0
-8.0, 12.0
-8.0, 13.0
-10.0, 14.0
-10.0, 13.0
-11.0, 15.0
-9.0, 11.0
data
-3.0, -17.075222663783045
-15.0, -22.075222663783045
0.0, -15.075222663783045
-13.0, -20.075222663783045
-13.0, -18.075222663783045
-12.0, -18.075222663783045
-12.0, -18.075222663783045
-11.0, -18.075222663783045
-11.0, -18.075222663783045
-10.0, -17.075222663783045
-13.0, -18.075222663783045
-10.0, -17.075222663783045
-7.0, -16.075222663783045
-7.0, -17.075222663783045
-9.0, -18.075222663783045
-8.0, -19.075222663783045
-9.0, -19.075222663783045
-22.0, -19.075222663783045
323.0, -24.075222663783045
13.0, -86.07522266378305
-114.0, 16.924777336216955
97.0, 56.92477733621696
32.0, 30.92477733621696
53.0, 37.92477733621696
60.0, 31.92477733621696
133.0, 43.92477733621696
165.0, 86.92477733621695
144.0, 94.92477733621695
156.0, 72.92477733621695
172.0, 44.92477733621696
156.0, 16.924777336216955
137.0, -59.07522266378304
124.0, -172.07522266378305
44.0, -304.07522266378305
14.0, -479.07522266378305
-39.0, -533.075222663783
-75.0, -579.075222663783
-137.0, -640.075222663783
-153.0, -644.075222663783
-191.0, -645.075222663783
-244.0, -601.075222663783
-267.0, -560.075222663783
-287.0, -481.07522266378305
-320.0, -411.07522266378305
-306.0, -225.07522266378305
-305.0, -156.07522266378305
-302.0, -68.07522266378305
-259.0, 34.92477733621696
-225.0, 105.92477733621695
-228.0, 178.92477733621695
-177.0, 252.92477733621695
-174.0, 277.92477733621695
-169.0, 386.92477733621695
-148.0, 501.92477733621695
-82.0, 589.924777336217
-33.0, 571.924777336217
18.0, 509.9247773362169
-7.0, 455.92477733621695
59.0, 460.92477733621695
21.0, 487.92477733621695
76.0, 492.92477733621695
59.0, 465.92477733621695
68.0, 413.92477733621695
66.0, 364.92477733621695
164.0, 368.92477733621695
216.0, 315.92477733621695
254.0, 285.92477733621695
279.0, 264.92477733621695
303.0, 219.92477733621695
312.0, 198.92477733621695
347.0, 124.92477733621695
319.0, 104.92477733621695
334.0, 95.92477733621695
304.0, 92.92477733621695
344.0, -45.07522266378304
361.0, -86.07522266378305
357.0, -103.07522266378305
333.0, -98.07522266378305
303.0, -129.07522266378305
294.0, -180.07522266378305
276.0, -273.07522266378305
228.0, -328.07522266378305
196.0, -338.07522266378305
175.0, -299.07522266378305
136.0, -289.07522266378305
84.0, -321.07522266378305
3.0, -438.07522266378305
-13.0, -537.075222663783
-71.0, -596.075222663783
-75.0, -591.075222663783
-121.0, -539.075222663783
-121.0, -513.075222663783
-178.0, -522.075222663783
-248.0, -552.075222663783
-267.0, -546.075222663783
-321.0, -371.07522266378305
-322.0, -250.07522266378305
-334.0, -168.07522266378305
-341.0, -131.07522266378305
-327.0, -70.07522266378305
-335.0, -23.075222663783045
-332.0, -37.07522266378304
-286.0, -9.075222663783045
-256.0, 19.924777336216955
-225.0, 75.92477733621695
-196.0, 204.92477733621695
-132.0, 241.92477733621695
-113.0, 259.92477733621695
-37.0, 247.92477733621695
-41.0, 230.92477733621695
-18.0, 154.92477733621695
-46.0, 101.92477733621695
-42.0, 112.92477733621695
-25.0, 158.92477733621695
17.0, 146.92477733621695
42.0, 161.92477733621695
91.0, 159.92477733621695
63.0, 139.92477733621695
101.0, 136.92477733621695
89.0, 110.92477733621695
101.0, 129.92477733621695
116.0, 92.92477733621695
128.0, 98.92477733621695
138.0, 83.92477733621695
143.0, 38.92477733621696
140.0, 44.92477733621696
97.0, 46.92477733621696
75.0, 24.924777336216955
113.0, 18.924777336216955
63.0, 1.9247773362169556
77.0, -10.075222663783045
97.0, -26.075222663783045
76.0, -7.075222663783045
39.0, -15.075222663783045
24.0, -9.075222663783045
-7.0, -15.075222663783045
-10.0, -16.075222663783045
-7.0, -18.075222663783045
27.0, -37.07522266378304
-38.0, -2.075222663783044
-11.0, -19.075222663783045
-24.0, -5.075222663783045
-14.0, -10.075222663783045
-12.0, -14.075222663783045
-10.0, -17.075222663783045
-11.0, -20.075222663783045
-13.0, -23.075222663783045
-6.0, -13.075222663783045
-9.0, -22.075222663783045
-7.0, -4.075222663783045
-8.0, -15.075222663783045
-11.0, -16.075222663783045
-10.0, -21.075222663783045
-4.0, -17.075222663783045
-1.0, -17.075222663783045
-5.0, -16.075222663783045
-5.0, -19.075222663783045
-20.0, -13.075222663783045
-30.0, -0.07522266378304421
-19.0, -7.075222663783045
-15.0, -7.075222663783045
-13.0, -17.075222663783045
-9.0, -16.075222663783045
-7.0, -16.075222663783045
-7.0, -14.075222663783045
-8.0, -15.075222663783045
-8.0, -16.075222663783045
-10.0, -17.075222663783045
-10.0, -16.075222663783045
-11.0, -18.075222663783045
-9.0, -14.075222663783045
data
-0.35189311667323464, 14.0
11.648106883326765, 19.0
-3.3518931166732346, 12.0
9.648106883326765, 17.0
9.648106883326765, 15.0
8.648106883326765, 15.0
8.648106883326765, 15.0
7.648106883326765, 15.0
7.648106883326765, 15.0
6.648106883326765, 14.0
9.648106883326765, 15.0
6.648106883326765, 14.0
3.648106883326765, 13.0
3.648106883326765, 14.0
5.648106883326765, 15.0
4.648106883326765, 16.0
5.648106883326765, 16.0
18.64810688332677, 16.0
-326.3518931166732, 21.0
-16.351893116673235, 83.0
110.64810688332676, -20.0
-100.35189311667324, -60.0
-35.35189311667324, -34.0
-56.35189311667324, -41.0
-63.35189311667324, -35.0
-136.35189311667324, -47.0
-168.35189311667324, -90.0
-147.35189311667324, -98.0
-159.35189311667324, -76.0
-175.35189311667324, -48.0
-159.35189311667324, -20.0
-140.35189311667324, 56.0
-127.35189311667324, 169.0
-47.35189311667324, 301.0
-17.351893116673235, 476.0
35.64810688332676, 530.0
71.64810688332676, 576.0
133.64810688332676, 637.0
149.64810688332676, 641.0
187.64810688332676, 642.0
240.64810688332676, 598.0
263.6481068833268, 557.0
283.6481068833268, 478.0
316.6481068833268, 408.0
302.6481068833268, 222.0
301.6481068833268, 153.0
298.6481068833268, 65.0
255.6481068833268, -38.0
221.64810688332676, -109.0
224.64810688332676, -182.0
173.64810688332676, -256.0
170.64810688332676, -281.0
165.64810688332676, -390.0
144.64810688332676, -505.0
78.64810688332676, -593.0
29.64810688332677, -575.0
-21.35189311667323, -512.9999999999999
3.648106883326765, -459.0
-62.35189311667324, -464.0
-24.35189311667323, -491.0
-79.35189311667324, -496.0
-62.35189311667324, -469.0
-71.35189311667324, -417.0
-69.35189311667324, -368.0
-167.35189311667324, -372.0
-219.35189311667324, -319.0
-257.35189311667324, -289.0
-282.3518931166732, -268.0
-306.3518931166732, -223.0
-315.3518931166732, -202.0
-350.3518931166732, -128.0
-322.3518931166732, -108.0
-337.3518931166732, -99.0
-307.3518931166732, -96.0
-347.3518931166732, 42.0
-364.3518931166732, 83.0
-360.3518931166732, 100.0
-336.3518931166732, 95.0
-306.3518931166732, 126.00000000000001
-297.3518931166732, 177.0
-279.3518931166732, 270.0
-231.35189311667324, 325.0
-199.35189311667324, 335.0
-178.35189311667324, 296.0
-139.35189311667324, 286.0
-87.35189311667324, 318.0
-6.351893116673235, 435.0
9.648106883326765, 534.0
67.64810688332676, 593.0
71.64810688332676, 588.0
117.64810688332676, 536.0
117.64810688332676, 510.00000000000006
174.64810688332676, 519.0
244.64810688332676, 549.0
263.6481068833268, 543.0
317.6481068833268, 368.0
318.6481068833268, 247.0
330.6481068833268, 165.0
337.6481068833268, 128.0
323.6481068833268, 67.0
331.6481068833268, 20.0
328.6481068833268, 34.0
282.6481068833268, 6.0
252.64810688332676, -23.0
221.64810688332676, -79.0
192.64810688332676, -208.0
128.64810688332676, -245.0
109.64810688332676, -263.0
33.64810688332676, -251.0
37.64810688332676, -234.0
14.648106883326767, -158.0
42.64810688332676, -105.0
38.64810688332676, -116.0
21.64810688332677, -162.0
-20.35189311667323, -150.0
-45.35189311667324, -165.0
-94.35189311667324, -163.0
-66.35189311667324, -143.0
-104.35189311667324, -140.0
-92.35189311667324, -114.0
-104.35189311667324, -133.0
-119.35189311667324, -96.0
-131.35189311667324, -102.0
-141.35189311667324, -87.0
-146.35189311667324, -42.0
-143.35189311667324, -48.0
-100.35189311667324, -50.0
-78.35189311667324, -28.0
-116.35189311667324, -22.0
-66.35189311667324, -5.0
-80.35189311667324, 7.0
-100.35189311667324, 23.0
-79.35189311667324, 4.0
-42.35189311667324, 12.0
-27.35189311667323, 6.0
3.648106883326765, 12.0
6.648106883326765, 13.0
3.648106883326765, 15.0
-30.35189311667323, 34.0
34.64810688332676, -1.0
7.648106883326765, 16.0
20.64810688332677, 2.0
10.648106883326765, 7.0
8.648106883326765, 11.0
6.648106883326765, 14.0
7.648106883326765, 17.0
9.648106883326765, 20.0
2.648106883326765, 10.0
5.648106883326765, 19.0
3.648106883326765, 1.0000000000000002
4.648106883326765, 12.0
7.648106883326765, 13.0
6.648106883326765, 18.0
0.6481068833267651, 14.0
-2.3518931166732346, 14.0
1.6481068833267651, 13.0
1.6481068833267651, 16.0
16.64810688332677, 10.0
26.64810688332677, -3.0
15.648106883326767, 4.0
11.648106883326765, 4.0
9.648106883326765, 14.0
5.648106883326765, 13.0
3.648106883326765, 13.0
3.648106883326765, 11.0
4.648106883326765, 12.0
4.648106883326765, 13.0
6.648106883326765, 14.0
6.648106883326765, 13.0
7.648106883326765, 15.0
5.648106883326765, 11.0
data
-0.35189311667323464, -17.075222663783045
11.648106883326765, -22.075222663783045
-3.3518931166732346, -15.075222663783045
9.648106883326765, -20.075222663783045
9.648106883326765, -18.075222663783045
8.648106883326765, -18.075222663783045
8.648106883326765, -18.075222663783045
7.648106883326765, -18.075222663783045
7.648106883326765, -18.075222663783045
6.648106883326765, -17.075222663783045
9.648106883326765, -18.075222663783045
6.648106883326765, -17.075222663783045
3.648106883326765, -16.075222663783045
3.648106883326765, -17.075222663783045
5.648106883326765, -18.075222663783045
4.648106883326765, -19.075222663783045
5.648106883326765, -19.075222663783045
18.64810688332677, -19.075222663783045
-326.3518931166732, -24.075222663783045
-16.351893116673235, -86.07522266378305
110.64810688332676, 16.924777336216955
-100.35189311667324, 56.92477733621696
-35.35189311667324, 30.92477733621696
-56.35189311667324, 37.92477733621696
-63.35189311667324, 31.92477733621696
-136.35189311667324, 43.92477733621696
-168.35189311667324, 86.92477733621695
-147.35189311667324, 94.92477733621695
-159.35189311667324, 72.92477733621695
-175.35189311667324, 44.92477733621696
-159.35189311667324, 16.924777336216955
-140.35189311667324, -59.07522266378304
-127.35189311667324, -172.07522266378305
-47.35189311667324, -304.07522266378305
-17.351893116673235, -479.07522266378305
35.64810688332676, -533.075222663783
71.64810688332676, -579.075222663783
133.64810688332676, -640.075222663783
149.64810688332676, -644.075222663783
187.64810688332676, -645.075222663783
240.64810688332676, -601.075222663783
263.6481068833268, -560.075222663783
283.6481068833268, -481.07522266378305
316.6481068833268, -411.07522266378305
302.6481068833268, -225.07522266378305
301.6481068833268, -156.07522266378305
298.6481068833268, -68.07522266378305
255.6481068833268, 34.92477733621696
221.64810688332676, 105.92477733621695
224.64810688332676, 178.92477733621695
173.64810688332676, 252.92477733621695
170.64810688332676, 277.92477733621695
165.64810688332676, 386.92477733621695
144.64810688332676, 501.92477733621695
78.64810688332676, 589.924777336217
29.64810688332677, 571.924777336217
-21.35189311667323, 509.9247773362169
3.648106883326765, 455.92477733621695
-62.35189311667324, 460.92477733621695
-24.35189311667323, 487.92477733621695
-79.35189311667324, 492.92477733621695
-62.35189311667324, 465.92477733621695
-71.35189311667324, 413.92477733621695
-69.35189311667324, 364.92477733621695
-167.35189311667324, 368.92477733621695
-219.35189311667324, 315.92477733621695
-257.35189311667324, 285.92477733621695
-282.3518931166732, 264.92477733621695
-306.3518931166732, 219.92477733621695
-315.3518931166732, 198.92477733621695
-350.3518931166732, 124.92477733621695
-322.3518931166732, 104.92477733621695
-337.3518931166732, 95.92477733621695
-307.3518931166732, 92.92477733621695
-347.3518931166732, -45.07522266378304
-364.3518931166732, -86.07522266378305
-360.3518931166732, -103.07522266378305
-336.3518931166732, -98.07522266378305
-306.3518931166732, -129.07522266378305
-297.3518931166732, -180.07522266378305
-279.3518931166732, -273.07522266378305
-231.35189311667324, -328.07522266378305
-199.35189311667324, -338.07522266378305
-178.35189311667324, -299.07522266378305
-139.35189311667324, -289.07522266378305
-87.35189311667324, -321.07522266378305
-6.351893116673235, -438.07522266378305
9.648106883326765, -537.075222663783
67.64810688332676, -596.075222663783
71.64810688332676, -591.075222663783
117.64810688332676, -539.075222663783
117.64810688332676, -513.075222663783
174.64810688332676, -522.075222663783
244.64810688332676, -552.075222663783
263.6481068833268, -546.075222663783
317.6481068833268, -371.07522266378305
318.6481068833268, -250.07522266378305
330.6481068833268, -168.07522266378305
337.6481068833268, -131.07522266378305
323.6481068833268, -70.07522266378305
331.6481068833268, -23.075222663783045
328.6481068833268, -37.07522266378304
282.6481068833268, -9.075222663783045
252.64810688332676, 19.924777336216955
221.64810688332676, 75.92477733621695
192.64810688332676, 204.92477733621695
128.64810688332676, 241.92477733621695
109.64810688332676, 259.92477733621695
33.64810688332676, 247.92477733621695
37.64810688332676, 230.92477733621695
14.648106883326767, 154.92477733621695
42.64810688332676, 101.92477733621695
38.64810688332676, 112.92477733621695
21.64810688332677, 158.92477733621695
-20.35189311667323, 146.92477733621695
-45.35189311667324, 161.92477733621695
-94.35189311667324, 159.92477733621695
-66.35189311667324, 139.92477733621695
-104.35189311667324, 136.92477733621695
-92.35189311667324, 110.92477733621695
-104.35189311667324, 129.92477733621695
-119.35189311667324, 92.92477733621695
-131.35189311667324, 98.92477733621695
-141.35189311667324, 83.92477733621695
-146.35189311667324, 38.92477733621696
-143.35189311667324, 44.92477733621696
-100.35189311667324, 46.92477733621696
-78.35189311667324, 24.924777336216955
-116.35189311667324, 18.924777336216955
-66.35189311667324, 1.9247773362169556
-80.35189311667324, -10.075222663783045
-100.35189311667324, -26.075222663783045
-79.35189311667324, -7.075222663783045
-42.35189311667324, -15.075222663783045
-27.35189311667323, -9.075222663783045
3.648106883326765, -15.075222663783045
6.648106883326765, -16.075222663783045
3.648106883326765, -18.075222663783045
-30.35189311667323, -37.07522266378304
34.64810688332676, -2.075222663783044
7.648106883326765, -19.075222663783045
20.64810688332677, -5.075222663783045
10.648106883326765, -10.075222663783045
8.648106883326765, -14.075222663783045
6.648106883326765, -17.075222663783045
7.648106883326765, -20.075222663783045
9.648106883326765, -23.075222663783045
2.648106883326765, -13.075222663783045
5.648106883326765, -22.075222663783045
3.648106883326765, -4.075222663783045
4.648106883326765, -15.075222663783045
7.648106883326765, -16.075222663783045
6.648106883326765, -21.075222663783045
0.6481068833267651, -17.075222663783045
-2.3518931166732346, -17.075222663783045
1.6481068833267651, -16.075222663783045
1.6481068833267651, -19.075222663783045
16.64810688332677, -13.075222663783045
26.64810688332677, -0.07522266378304421
15.648106883326767, -7.075222663783045
11.648106883326765, -7.075222663783045
9.648106883326765, -17.075222663783045
5.648106883326765, -16.075222663783045
3.648106883326765, -16.075222663783045
3.648106883326765, -14.075222663783045
4.648106883326765, -15.075222663783045
4.648106883326765, -16.075222663783045
6.648106883326765, -17.075222663783045
6.648106883326765, -16.075222663783045
7.648106883326765, -18.075222663783045
5.648106883326765, -14.075222663783045
data
-14.0, 3.0
-12.0, 29.0
23.0, 18.0
-11.0, 14.0
-10.0, 10.0
-10.0, 12.0
-11.0, 11.0
-16.0, 6.0
-88.0, -50.0
-17.0, 10.0
-21.0, -4.0
-52.0, -6.0
-63.0, -31.0
-127.0, -16.0
-133.0, -87.0
-92.0, -176.0
-68.0, -374.0
-13.0, -523.0
-99.0, -580.0
-64.0, -852.0
28.0, -1096.0
59.0, -1100.0
48.0, -1083.0
48.0, -960.0
5.0, -524.0
17.0, -399.0
47.0, -270.0
51.0, -157.0
96.0, 67.0
104.0, 295.0
93.0, 416.0
63.0, 580.0
26.0, 679.0
40.0, 550.0
7.0, 436.0
30.0, 474.0
18.0, 541.0
61.0, 574.0
-17.0, 684.0
74.0, 549.0
-17.0, 516.0
39.0, 443.0
51.0, 380.0
55.0, 386.0
69.0, 298.0
64.0, 169.0
55.0, 148.0
30.0, 153.0
22.0, 230.0
22.0, 170.0
11.0, 37.0
10.0, 25.0
-2.0, 18.0
-7.0, 15.0
-9.0, 16.0
-9.0, 17.0
-9.0, 16.0
-9.0, 14.0
-10.0, 11.0
-8.0, 12.0
-10.0, 12.0
-12.0, 5.0
-9.0, 16.0
-9.0, 20.0
-10.0, 16.0
data
-14.0, -6.075222663783045
-12.0, -32.075222663783045
23.0, -21.075222663783045
-11.0, -17.075222663783045
-10.0, -13.075222663783045
-10.0, -15.075222663783045
-11.0, -14.075222663783045
-16.0, -9.075222663783045
-88.0, 46.92477733621696
-17.0, -13.075222663783045
-21.0, 0.9247773362169556
-52.0, 2.9247773362169553
-63.0, 27.924777336216955
-127.0, 12.924777336216955
-133.0, 83.92477733621695
-92.0, 172.92477733621695
-68.0, 370.92477733621695
-13.0, 519.924777336217
-99.0, 576.924777336217
-64.0, 848.924777336217
28.0, 1092.9247773362172
59.0, 1096.9247773362172
48.0, 1079.9247773362172
48.0, 956.924777336217
5.0, 520.924777336217
17.0, 395.92477733621695
47.0, 266.92477733621695
51.0, 153.92477733621695
96.0, -70.07522266378305
104.0, -298.07522266378305
93.0, -419.07522266378305
63.0, -583.075222663783
26.0, -682.075222663783
40.0, -553.075222663783
7.0, -439.07522266378305
30.0, -477.07522266378305
18.0, -544.075222663783
61.0, -577.075222663783
-17.0, -687.075222663783
74.0, -552.075222663783
-17.0, -519.075222663783
39.0, -446.07522266378305
51.0, -383.07522266378305
55.0, -389.07522266378305
69.0, -301.07522266378305
64.0, -172.07522266378305
55.0, -151.07522266378305
30.0, -156.07522266378305
22.0, -233.07522266378305
22.0, -173.07522266378305
11.0, -40.07522266378304
10.0, -28.075222663783045
-2.0, -21.075222663783045
-7.0, -18.075222663783045
-9.0, -19.075222663783045
-9.0, -20.075222663783045
-9.0, -19.075222663783045
-9.0, -17.075222663783045
-10.0, -14.075222663783045
-8.0, -15.075222663783045
-10.0, -15.075222663783045
-12.0, -8.075222663783045
-9.0, -19.075222663783045
-9.0, -23.075222663783045
-10.0, -19.075222663783045
data
10.648106883326765, 3.0
8.648106883326765, 29.0
-26.35189311667323, 18.0
7.648106883326765, 14.0
6.648106883326765, 10.0
6.648106883326765, 12.0
7.648106883326765, 11.0
12.648106883326765, 6.0
84.64810688332676, -50.0
13.648106883326765, 10.0
17.64810688332677, -4.0
48.64810688332676, -6.0
59.64810688332676, -31.0
123.64810688332676, -16.0
129.64810688332676, -87.0
88.64810688332676, -176.0
64.64810688332676, -374.0
9.648106883326765, -523.0
95.64810688332676, -580.0
60.64810688332676, -852.0
-31.35189311667323, -1096.0
-62.35189311667324, -1100.0
-51.35189311667324, -1083.0
-51.35189311667324, -960.0
-8.351893116673235, -524.0
-20.35189311667323, -399.0
-50.35189311667324, -270.0
-54.35189311667324, -157.0
-99.35189311667324, 67.0
-107.35189311667324, 295.0
-96.35189311667324, 416.0
-66.35189311667324, 580.0
-29.35189311667323, 679.0
-43.35189311667324, 550.0
-10.351893116673235, 436.0
-33.35189311667323, 474.0
-21.35189311667323, 541.0
-64.35189311667324, 574.0
13.648106883326765, 684.0
-77.35189311667324, 549.0
13.648106883326765, 516.0
-42.35189311667324, 443.0
-54.35189311667324, 380.0
-58.35189311667324, 386.0
-72.35189311667324, 298.0
-67.35189311667324, 169.0
-58.35189311667324, 148.0
-33.35189311667323, 153.0
-25.35189311667323, 230.0
-25.35189311667323, 170.0
-14.351893116673235, 37.0
-13.351893116673235, 25.0
-1.3518931166732346, 18.0
3.648106883326765, 15.0
5.648106883326765, 16.0
5.648106883326765, 17.0
5.648106883326765, 16.0
5.648106883326765, 14.0
6.648106883326765, 11.0
4.648106883326765, 12.0
6.648106883326765, 12.0
8.648106883326765, 5.0
5.648106883326765, 16.0
5.648106883326765, 20.0
6.648106883326765, 16.0
data
10.648106883326765, -6.075222663783045
8.648106883326765, -32.075222663783045
-26.35189311667323, -21.075222663783045
7.648106883326765, -17.075222663783045
6.648106883326765, -13.075222663783045
6.648106883326765, -15.075222663783045
7.648106883326765, -14.075222663783045
12.648106883326765, -9.075222663783045
84.64810688332676, 46.92477733621696
13.648106883326765, -13.075222663783045
17.64810688332677, 0.9247773362169556
48.64810688332676, 2.9247773362169553
59.64810688332676, 27.924777336216955
123.64810688332676, 12.924777336216955
129.64810688332676, 83.92477733621695
88.64810688332676, 172.92477733621695
64.64810688332676, 370.92477733621695
9.648106883326765, 519.924777336217
95.64810688332676, 576.924777336217
60.64810688332676, 848.924777336217
-31.35189311667323, 1092.9247773362172
-62.35189311667324, 1096.9247773362172
-51.35189311667324, 1079.9247773362172
-51.35189311667324, 956.924777336217
-8.351893116673235, 520.924777336217
-20.35189311667323, 395.92477733621695
-50.35189311667324, 266.92477733621695
-54.35189311667324, 153.92477733621695
-99.35189311667324, -70.07522266378305
-107.35189311667324, -298.07522266378305
-96.35189311667324, -419.07522266378305
-66.35189311667324, -583.075222663783
-29.35189311667323, -682.075222663783
-43.35189311667324, -553.075222663783
-10.351893116673235, -439.07522266378305
-33.35189311667323, -477.07522266378305
-21.35189311667323, -544.075222663783
-64.35189311667324, -577.075222663783
13.648106883326765, -687.075222663783
-77.35189311667324, -552.075222663783
13.648106883326765, -519.075222663783
-42.35189311667324, -446.07522266378305
-54.35189311667324, -383.07522266378305
-58.35189311667324, -389.07522266378305
-72.35189311667324, -301.07522266378305
-67.35189311667324, -172.07522266378305
-58.35189311667324, -151.07522266378305
-33.35189311667323, -156.07522266378305
-25.35189311667323, -233.07522266378305
-25.35189311667323, -173.07522266378305
-14.351893116673235, -40.07522266378304
-13.351893116673235, -28.075222663783045
-1.3518931166732346, -21.075222663783045
3.648106883326765, -18.075222663783045
5.648106883326765, -19.075222663783045
5.648106883326765, -20.075222663783045
5.648106883326765, -19.075222663783045
5.648106883326765, -17.075222663783045
6.648106883326765, -14.075222663783045
4.648106883326765, -15.075222663783045
6.648106883326765, -15.075222663783045
8.648106883326765, -8.075222663783045
5.648106883326765, -19.075222663783045
5.648106883326765, -23.075222663783045
6.648106883326765, -19.075222663783045
data
-10.0, 15.0
-10.0, 15.0
-2.0, 12.0
-15.0, 17.0
-13.0, 15.0
-10.0, 17.0
-7.0, 16.0
-8.0, 17.0
-4.0, 14.0
0.0, 19.0
9.0, 29.0
343.0, 270.0
326.0, 496.0
259.0, 547.0
189.0, 232.0
376.0, 401.0
342.0, 542.0
299.0, 551.0
241.0, 647.0
261.0, 554.0
246.0, 481.0
238.0, 409.0
231.0, 383.0
174.0, 370.0
147.0, 345.0
62.0, 239.0
76.0, 208.0
-23.0, 34.0
-43.0, -96.0
-81.0, -178.0
-75.0, -199.0
-118.0, -286.0
-155.0, -381.0
-138.0, -409.0
-200.0, -416.0
-226.0, -373.0
-233.0, -412.0
-227.0, -481.0
-273.0, -583.0
-290.0, -308.0
-245.0, -244.0
-208.0, -270.0
-196.0, -266.0
-203.0, -221.0
-164.0, -251.0
-161.0, -290.0
-152.0, -266.0
-158.0, -251.0
-119.0, -139.0
-34.0, 0.0
-18.0, 7.0
-10.0, 13.0
-10.0, 13.0
-10.0, 13.0
-10.0, 12.0
-9.0, 15.0
-9.0, 16.0
-9.0, 17.0
-9.0, 16.0
-10.0, 14.0
-10.0, 14.0
-11.0, 14.0
-10.0, 14.0
-11.0, 14.0
-10.0, 15.0
-10.0, 15.0
-12.0, 15.0
-10.0, 14.0
-10.0, 14.0
-10.0, 13.0
-10.0, 15.0
-9.0, 14.0
-9.0, 14.0
-8.0, 13.0
-10.0, 12.0
-10.0, 13.0
-11.0, 13.0
-10.0, 14.0
-10.0, 16.0
-11.0, 16.0
-10.0, 13.0
-10.0, 14.0
-11.0, 13.0
-11.0, 13.0
-11.0, 14.0
-9.0, 14.0
-10.0, 14.0
-9.0, 14.0
-10.0, 15.0
-10.0, 16.0
-10.0, 15.0
-11.0, 15.0
-11.0, 14.0
-10.0, 14.0
-11.0, 15.0
-9.0, 14.0
-9.0, 13.0
-9.0, 16.0
-10.0, 14.0
-11.0, 14.0
-11.0, 13.0
-11.0, 13.0
-10.0, 14.0
-10.0, 14.0
-10.0, 15.0
-10.0, 13.0
data
-10.0, -18.075222663783045
-10.0, -18.075222663783045
-2.0, -15.075222663783045
-15.0, -20.075222663783045
-13.0, -18.075222663783045
-10.0, -20.075222663783045
-7.0, -19.075222663783045
-8.0, -20.075222663783045
-4.0, -17.075222663783045
0.0, -22.075222663783045
9.0, -32.075222663783045
343.0, -273.07522266378305
326.0, -499.07522266378305
259.0, -550.075222663783
189.0, -235.07522266378305
376.0, -404.07522266378305
342.0, -545.075222663783
299.0, -554.075222663783
241.0, -650.075222663783
261.0, -557.075222663783
246.0, -484.07522266378305
238.0, -412.07522266378305
231.0, -386.07522266378305
174.0, -373.07522266378305
147.0, -348.07522266378305
62.0, -242.07522266378305
76.0, -211.07522266378305
-23.0, -37.07522266378304
-43.0, 92.92477733621695
-81.0, 174.92477733621695
-75.0, 195.92477733621695
-118.0, 282.92477733621695
-155.0, 377.92477733621695
-138.0, 405.92477733621695
-200.0, 412.92477733621695
-226.0, 369.92477733621695
-233.0, 408.92477733621695
-227.0, 477.92477733621695
-273.0, 579.924777336217
-290.0, 304.92477733621695
-245.0, 240.92477733621695
-208.0, 266.92477733621695
-196.0, 262.92477733621695
-203.0, 217.92477733621695
-164.0, 247.92477733621695
-161.0, 286.92477733621695
-152.0, 262.92477733621695
-158.0, 247.92477733621695
-119.0, 135.92477733621695
-34.0, -3.075222663783044
-18.0, -10.075222663783045
-10.0, -16.075222663783045
-10.0, -16.075222663783045
-10.0, -16.075222663783045
-10.0, -15.075222663783045
-9.0, -18.075222663783045
-9.0, -19.075222663783045
-9.0, -20.075222663783045
-9.0, -19.075222663783045
-10.0, -17.075222663783045
-10.0, -17.075222663783045
-11.0, -17.075222663783045
-10.0, -17.075222663783045
-11.0, -17.075222663783045
-10.0, -18.075222663783045
-10.0, -18.075222663783045
-12.0, -18.075222663783045
-10.0, -17.075222663783045
-10.0, -17.075222663783045
-10.0, -16.075222663783045
-10.0, -18.075222663783045
-9.0, -17.075222663783045
-9.0, -17.075222663783045
-8.0, -16.075222663783045
-10.0, -15.075222663783045
-10.0, -16.075222663783045
-11.0, -16.075222663783045
-10.0, -17.075222663783045
-10.0, -19.075222663783045
-11.0, -19.075222663783045
-10.0, -16.075222663783045
-10.0, -17.075222663783045
-11.0, -16.075222663783045
-11.0, -16.075222663783045
-11.0, -17.075222663783045
-9.0, -17.075222663783045
-10.0, -17.075222663783045
-9.0, -17.075222663783045
-10.0, -18.075222663783045
-10.0, -19.075222663783045
-10.0, -18.075222663783045
-11.0, -18.075222663783045
-11.0, -17.075222663783045
-10.0, -17.075222663783045
-11.0, -18.075222663783045
-9.0, -17.075222663783045
-9.0, -16.075222663783045
-9.0, -19.075222663783045
-10.0, -17.075222663783045
-11.0, -17.075222663783045
-11.0, -16.075222663783045
-11.0, -16.075222663783045
-10.0, -17.075222663783045
-10.0, -17.075222663783045
-10.0, -18.075222663783045
-10.0, -16.075222663783045
data
6.648106883326765, 15.0
6.648106883326765, 15.0
-1.3518931166732346, 12.0
11.648106883326765, 17.0
9.648106883326765, 15.0
6.648106883326765, 17.0
3.648106883326765, 16.0
4.648106883326765, 17.0
0.6481068833267651, 14.0
-3.3518931166732346, 19.0
-12.351893116673235, 29.0
-346.3518931166732, 270.0
-329.3518931166732, 496.0
-262.3518931166732, 547.0
-192.35189311667324, 232.0
-379.3518931166732, 401.0
-345.3518931166732, 542.0
-302.3518931166732, 551.0
-244.35189311667324, 647.0
-264.3518931166732, 554.0
-249.35189311667324, 481.0
-241.35189311667324, 409.0
-234.35189311667324, 383.0
-177.35189311667324, 370.0
-150.35189311667324, 345.0
-65.35189311667324, 239.0
-79.35189311667324, 208.0
19.64810688332677, 34.0
39.64810688332676, -96.0
77.64810688332676, -178.0
71.64810688332676, -199.0
114.64810688332676, -286.0
151.64810688332676, -381.0
134.64810688332676, -409.0
196.64810688332676, -416.0
222.64810688332676, -373.0
229.64810688332676, -412.0
223.64810688332676, -481.0
269.6481068833268, -583.0
286.6481068833268, -308.0
241.64810688332676, -244.0
204.64810688332676, -270.0
192.64810688332676, -266.0
199.64810688332676, -221.0
160.64810688332676, -251.0
157.64810688332676, -290.0
148.64810688332676, -266.0
154.64810688332676, -251.0
115.64810688332676, -139.0
30.648106883326765, 0.0
14.648106883326767, 7.0
6.648106883326765, 13.0
6.648106883326765, 13.0
6.648106883326765, 13.0
6.648106883326765, 12.0
5.648106883326765, 15.0
5.648106883326765, 16.0
5.648106883326765, 17.0
5.648106883326765, 16.0
6.648106883326765, 14.0
6.648106883326765, 14.0
7.648106883326765, 14.0
6.648106883326765, 14.0
7.648106883326765, 14.0
6.648106883326765, 15.0
6.648106883326765, 15.0
8.648106883326765, 15.0
6.648106883326765, 14.0
6.648106883326765, 14.0
6.648106883326765, 13.0
6.648106883326765, 15.0
5.648106883326765, 14.0
5.648106883326765, 14.0
4.648106883326765, 13.0
6.648106883326765, 12.0
6.648106883326765, 13.0
7.648106883326765, 13.0
6.648106883326765, 14.0
6.648106883326765, 16.0
7.648106883326765, 16.0
6.648106883326765, 13.0
6.648106883326765, 14.0
7.648106883326765, 13.0
7.648106883326765, 13.0
7.648106883326765, 14.0
5.648106883326765, 14.0
6.648106883326765, 14.0
5.648106883326765, 14.0
6.648106883326765, 15.0
6.648106883326765, 16.0
6.648106883326765, 15.0
7.648106883326765, 15.0
7.648106883326765, 14.0
6.648106883326765, 14.0
7.648106883326765, 15.0
5.648106883326765, 14.0
5.648106883326765, 13.0
5.648106883326765, 16.0
6.648106883326765, 14.0
7.648106883326765, 14.0
7.648106883326765, 13.0
7.648106883326765, 13.0
6.648106883326765, 14.0
6.648106883326765, 14.0
6.648106883326765, 15.0
6.648106883326765, 13.0
data
6.648106883326765, -18.075222663783045
6.648106883326765, -18.075222663783045
-1.3518931166732346, -15.075222663783045
11.648106883326765, -20.075222663783045
9.648106883326765, -18.075222663783045
6.648106883326765, -20.075222663783045
3.648106883326765, -19.075222663783045
4.648106883326765, -20.075222663783045
0.6481068833267651, -17.075222663783045
-3.3518931166732346, -22.075222663783045
-12.351893116673235, -32.075222663783045
-346.3518931166732, -273.07522266378305
-329.3518931166732, -499.07522266378305
-262.3518931166732, -550.075222663783
-192.35189311667324, -235.07522266378305
-379.3518931166732, -404.07522266378305
-345.3518931166732, -545.075222663783
-302.3518931166732, -554.075222663783
-244.35189311667324, -650.075222663783
-264.3518931166732, -557.075222663783
-249.35189311667324, -484.07522266378305
-241.35189311667324, -412.07522266378305
-234.35189311667324, -386.07522266378305
-177.35189311667324, -373.07522266378305
-150.35189311667324, -348.07522266378305
-65.35189311667324, -242.07522266378305
-79.35189311667324, -211.07522266378305
19.64810688332677, -37.07522266378304
39.64810688332676, 92.92477733621695
77.64810688332676, 174.92477733621695
71.64810688332676, 195.92477733621695
114.64810688332676, 282.92477733621695
151.64810688332676, 377.92477733621695
134.64810688332676, 405.92477733621695
196.64810688332676, 412.92477733621695
222.64810688332676, 369.92477733621695
229.64810688332676, 408.92477733621695
223.64810688332676, 477.92477733621695
269.6481068833268, 579.924777336217
286.6481068833268, 304.92477733621695
241.64810688332676, 240.92477733621695
204.64810688332676, 266.92477733621695
192.64810688332676, 262.92477733621695
199.64810688332676, 217.92477733621695
160.64810688332676, 247.92477733621695
157.64810688332676, 286.92477733621695
148.64810688332676, 262.92477733621695
154.64810688332676, 247.92477733621695
115.64810688332676, 135.92477733621695
30.648106883326765, -3.075222663783044
14.648106883326767, -10.075222663783045
6.648106883326765, -16.075222663783045
6.648106883326765, -16.075222663783045
6.648106883326765, -16.075222663783045
6.648106883326765, -15.075222663783045
5.648106883326765, -18.075222663783045
5.648106883326765, -19.075222663783045
5.648106883326765, -20.075222663783045
5.648106883326765, -19.075222663783045
6.648106883326765, -17.075222663783045
6.648106883326765, -17.075222663783045
7.648106883326765, -17.075222663783045
6.648106883326765, -17.075222663783045
7.648106883326765, -17.075222663783045
6.648106883326765, -18.075222663783045
6.648106883326765, -18.075222663783045
8.648106883326765, -18.075222663783045
6.648106883326765, -17.075222663783045
6.648106883326765, -17.075222663783045
6.648106883326765, -16.075222663783045
6.648106883326765, -18.075222663783045
5.648106883326765, -17.075222663783045
5.648106883326765, -17.075222663783045
4.648106883326765, -16.075222663783045
6.648106883326765, -15.075222663783045
6.648106883326765, -16.075222663783045
7.648106883326765, -16.075222663783045
6.648106883326765, -17.075222663783045
6.648106883326765, -19.075222663783045
7.648106883326765, -19.075222663783045
6.648106883326765, -16.075222663783045
6.648106883326765, -17.075222663783045
7.648106883326765, -16.075222663783045
7.648106883326765, -16.075222663783045
7.648106883326765, -17.075222663783045
5.648106883326765, -17.075222663783045
6.648106883326765, -17.075222663783045
5.648106883326765, -17.075222663783045
6.648106883326765, -18.075222663783045
6.648106883326765, -19.075222663783045
6.648106883326765, -18.075222663783045
7.648106883326765, -18.075222663783045
7.648106883326765, -17.075222663783045
6.648106883326765, -17.075222663783045
7.648106883326765, -18.075222663783045
5.648106883326765, -17.075222663783045
5.648106883326765, -16.075222663783045
5.648106883326765, -19.075222663783045
6.648106883326765, -17.075222663783045
7.648106883326765, -17.075222663783045
7.648106883326765, -16.075222663783045
7.648106883326765, -16.075222663783045
6.648106883326765, -17.075222663783045
6.648106883326765, -17.075222663783045
6.648106883326765, -18.075222663783045
6.648106883326765, -16.075222663783045
data
-10.0, 14.0
-7.0, 16.0
-14.0, 9.0
-9.0, 12.0
-10.0, 12.0
-10.0, 14.0
-9.0, 14.0
-9.0, 13.0
-12.0, 14.0
-11.0, 14.0
-7.0, 13.0
-12.0, 11.0
-28.0, 18.0
6.0, 12.0
-10.0, 11.0
-10.0, 13.0
-5.0, 5.0
-16.0, 21.0
-12.0, 17.0
-11.0, 15.0
-12.0, 14.0
-12.0, 12.0
-10.0, 11.0
-10.0, 10.0
-179.0, -173.0
-86.0, -177.0
-49.0, -211.0
-92.0, -221.0
-88.0, -292.0
-119.0, -338.0
-101.0, -386.0
-82.0, -464.0
-17.0, -527.0
4.0, -640.0
68.0, -700.0
97.0, -697.0
68.0, -648.0
78.0, -618.0
76.0, -592.0
91.0, -510.0
129.0, -331.0
122.0, -234.0
140.0, -86.0
45.0, 76.0
102.0, 298.0
-19.0, 453.0
6.0, 508.0
-15.0, 582.0
7.0, 637.0
4.0, 660.0
15.999999999999998, 616.0
12.0, 495.0
7.0, 418.0
-27.0, 390.0
-34.0, 536.0
-25.0, 547.0
23.0, 580.0
22.0, 420.0
15.999999999999998, 358.0
37.0, 254.00000000000003
10.0, 144.0
-2.0, 83.0
-21.0, 109.0
-18.0, 89.0
-10.0, 19.0
-10.0, 16.0
-11.0, 12.0
-9.0, 11.0
-10.0, 11.0
-9.0, 13.0
-10.0, 15.0
-10.0, 16.0
-11.0, 16.0
-12.0, 16.0
-12.0, 14.0
-11.0, 13.0
-9.0, 13.0
-10.0, 14.0
-9.0, 15.0
-9.0, 14.0
data
-10.0, -17.075222663783045
-7.0, -19.075222663783045
-14.0, -12.075222663783045
-9.0, -15.075222663783045
-10.0, -15.075222663783045
-10.0, -17.075222663783045
-9.0, -17.075222663783045
-9.0, -16.075222663783045
-12.0, -17.075222663783045
-11.0, -17.075222663783045
-7.0, -16.075222663783045
-12.0, -14.075222663783045
-28.0, -21.075222663783045
6.0, -15.075222663783045
-10.0, -14.075222663783045
-10.0, -16.075222663783045
-5.0, -8.075222663783045
-16.0, -24.075222663783045
-12.0, -20.075222663783045
-11.0, -18.075222663783045
-12.0, -17.075222663783045
-12.0, -15.075222663783045
-10.0, -14.075222663783045
-10.0, -13.075222663783045
-179.0, 169.92477733621695
-86.0, 173.92477733621695
-49.0, 207.92477733621695
-92.0, 217.92477733621695
-88.0, 288.92477733621695
-119.0, 334.92477733621695
-101.0, 382.92477733621695
-82.0, 460.92477733621695
-17.0, 523.924777336217
4.0, 636.924777336217
68.0, 696.924777336217
97.0, 693.924777336217
68.0, 644.924777336217
78.0, 614.924777336217
76.0, 588.924777336217
91.0, 506.92477733621695
129.0, 327.92477733621695
122.0, 230.92477733621695
140.0, 82.92477733621695
45.0, -79.07522266378305
102.0, -301.07522266378305
-19.0, -456.07522266378305
6.0, -511.07522266378305
-15.0, -585.075222663783
7.0, -640.075222663783
4.0, -663.075222663783
15.999999999999998, -619.075222663783
12.0, -498.07522266378305
7.0, -421.07522266378305
-27.0, -393.07522266378305
-34.0, -539.075222663783
-25.0, -550.075222663783
23.0, -583.075222663783
22.0, -423.07522266378305
15.999999999999998, -361.07522266378305
37.0, -257.07522266378305
10.0, -147.07522266378305
-2.0, -86.07522266378305
-21.0, -112.07522266378305
-18.0, -92.07522266378305
-10.0, -22.075222663783045
-10.0, -19.075222663783045
-11.0, -15.075222663783045
-9.0, -14.075222663783045
-10.0, -14.075222663783045
-9.0, -16.075222663783045
-10.0, -18.075222663783045
-10.0, -19.075222663783045
-11.0, -19.075222663783045
-12.0, -19.075222663783045
-12.0, -17.075222663783045
-11.0, -16.075222663783045
-9.0, -16.075222663783045
-10.0, -17.075222663783045
-9.0, -18.075222663783045
-9.0, -17.075222663783045
data
6.648106883326765, 14.0
3.648106883326765, 16.0
10.648106883326765, 9.0
5.648106883326765, 12.0
6.648106883326765, 12.0
6.648106883326765, 14.0
5.648106883326765, 14.0
5.648106883326765, 13.0
8.648106883326765, 14.0
7.648106883326765, 14.0
3.648106883326765, 13.0
8.648106883326765, 11.0
24.64810688332677, 18.0
-9.351893116673235, 12.0
6.648106883326765, 11.0
6.648106883326765, 13.0
1.6481068833267651, 5.0
12.648106883326765, 21.0
8.648106883326765, 17.0
7.648106883326765, 15.0
8.648106883326765, 14.0
8.648106883326765, 12.0
6.648106883326765, 11.0
6.648106883326765, 10.0
175.64810688332676, -173.0
82.64810688332676, -177.0
45.64810688332676, -211.0
88.64810688332676, -221.0
84.64810688332676, -292.0
115.64810688332676, -338.0
97.64810688332676, -386.0
78.64810688332676, -464.0
13.648106883326765, -527.0
-7.351893116673235, -640.0
-71.35189311667324, -700.0
-100.35189311667324, -697.0
-71.35189311667324, -648.0
-81.35189311667324, -618.0
-79.35189311667324, -592.0
-94.35189311667324, -510.0
-132.35189311667324, -331.0
-125.35189311667324, -234.0
-143.35189311667324, -86.0
-48.35189311667324, 76.0
-105.35189311667324, 298.0
15.648106883326767, 453.0
-9.351893116673235, 508.0
11.648106883326765, 582.0
-10.351893116673235, 637.0
-7.351893116673235, 660.0
-19.35189311667323, 616.0
-15.351893116673235, 495.0
-10.351893116673235, 418.0
23.64810688332677, 390.0
30.648106883326765, 536.0
21.64810688332677, 547.0
-26.35189311667323, 580.0
-25.35189311667323, 420.0
-19.35189311667323, 358.0
-40.35189311667324, 254.00000000000003
-13.351893116673235, 144.0
-1.3518931166732346, 83.0
17.64810688332677, 109.0
14.648106883326767, 89.0
6.648106883326765, 19.0
6.648106883326765, 16.0
7.648106883326765, 12.0
5.648106883326765, 11.0
6.648106883326765, 11.0
5.648106883326765, 13.0
6.648106883326765, 15.0
6.648106883326765, 16.0
7.648106883326765, 16.0
8.648106883326765, 16.0
8.648106883326765, 14.0
7.648106883326765, 13.0
5.648106883326765, 13.0
6.648106883326765, 14.0
5.648106883326765, 15.0
5.648106883326765, 14.0
data
6.648106883326765, -17.075222663783045
3.648106883326765, -19.075222663783045
10.648106883326765, -12.075222663783045
5.648106883326765, -15.075222663783045
6.648106883326765, -15.075222663783045
6.648106883326765, -17.075222663783045
5.648106883326765, -17.075222663783045
5.648106883326765, -16.075222663783045
8.648106883326765, -17.075222663783045
7.648106883326765, -17.075222663783045
3.648106883326765, -16.075222663783045
8.648106883326765, -14.075222663783045
24.64810688332677, -21.075222663783045
-9.351893116673235, -15.075222663783045
6.648106883326765, -14.075222663783045
6.648106883326765, -16.075222663783045
1.6481068833267651, -8.075222663783045
12.648106883326765, -24.075222663783045
8.648106883326765, -20.075222663783045
7.648106883326765, -18.075222663783045
8.648106883326765, -17.075222663783045
8.648106883326765, -15.075222663783045
6.648106883326765, -14.075222663783045
6.648106883326765, -13.075222663783045
175.64810688332676, 169.92477733621695
82.64810688332676, 173.92477733621695
45.64810688332676, 207.92477733621695
88.64810688332676, 217.92477733621695
84.64810688332676, 288.92477733621695
115.64810688332676, 334.92477733621695
97.64810688332676, 382.92477733621695
78.64810688332676, 460.92477733621695
13.648106883326765, 523.924777336217
-7.351893116673235, 636.924777336217
-71.35189311667324, 696.924777336217
-100.35189311667324, 693.924777336217
-71.35189311667324, 644.924777336217
-81.35189311667324, 614.924777336217
-79.35189311667324, 588.924777336217
-94.35189311667324, 506.92477733621695
-132.35189311667324, 327.92477733621695
-125.35189311667324, 230.92477733621695
-143.35189311667324, 82.92477733621695
-48.35189311667324, -79.07522266378305
-105.35189311667324, -301.07522266378305
15.648106883326767, -456.07522266378305
-9.351893116673235, -511.07522266378305
11.648106883326765, -585.075222663783
-10.351893116673235, -640.075222663783
-7.351893116673235, -663.075222663783
-19.35189311667323, -619.075222663783
-15.351893116673235, -498.07522266378305
-10.351893116673235, -421.07522266378305
23.64810688332677, -393.07522266378305
30.648106883326765, -539.075222663783
21.64810688332677, -550.075222663783
-26.35189311667323, -583.075222663783
-25.35189311667323, -423.07522266378305
-19.35189311667323, -361.07522266378305
-40.35189311667324, -257.07522266378305
-13.351893116673235, -147.07522266378305
-1.3518931166732346, -86.07522266378305
17.64810688332677, -112.07522266378305
14.648106883326767, -92.07522266378305
6.648106883326765, -22.075222663783045
6.648106883326765, -19.075222663783045
7.648106883326765, -15.075222663783045
5.648106883326765, -14.075222663783045
6.648106883326765, -14.075222663783045
5.648106883326765, -16.075222663783045
6.648106883326765, -18.075222663783045
6.648106883326765, -19.075222663783045
7.648106883326765, -19.075222663783045
8.648106883326765, -19.075222663783045
8.648106883326765, -17.075222663783045
7.648106883326765, -16.075222663783045
5.648106883326765, -16.075222663783045
6.648106883326765, -17.075222663783045
5.648106883326765, -18.075222663783045
5.648106883326765, -17.075222663783045
data
-11.0, 14.0
-34.0, 21.0
12.0, 5.0
-10.0, 14.0
-9.0, 13.0
-9.0, 13.0
-11.0, 13.0
-11.0, 14.0
-12.0, 13.0
-11.0, 14.0
-12.0, 13.0
-11.0, 14.0
-11.0, 13.0
-8.0, 15.0
-12.0, 16.0
-12.0, 15.0
-8.0, 13.0
-11.0, 10.0
-13.0, 12.0
-16.0, 10.0
-8.0, 19.0
-12.0, 18.0
-7.0, 25.0
-7.0, 18.0
-13.0, 3.0
-12.0, 11.0
-12.0, 13.0
-12.0, 13.0
-11.0, 14.0
-13.0, 13.0
-12.0, 15.0
-25.0, 13.0
-18.0, 9.0
-134.0, -9.0
-137.0, 0.0
-114.0, 4.0
-190.0, -2.0
-181.0, 0.0
-213.0, -21.0
-206.0, -46.0
-243.0, -36.0
-228.0, 0.0
-261.0, 56.0
-367.0, 54.0
-357.0, 81.0
-341.0, 81.0
-324.0, 51.0
-263.0, 56.0
-191.0, 92.0
-69.0, 53.0
-28.0, -18.0
55.0, -41.0
69.0, -70.0
108.0, -47.0
55.0, -26.0
45.0, 38.0
61.0, 45.0
173.0, 64.0
255.99999999999997, -9.0
288.0, -19.0
358.0, 27.0
286.0, 21.0
250.0, 30.999999999999996
226.0, 19.0
156.0, -24.0
159.0, 0.0
161.0, 1.0000000000000002
165.0, -2.0
124.0, 16.0
138.0, 12.0
104.0, 6.0
126.0, 36.0
65.0, 56.0
35.0, 43.0
0.0, 20.0
-9.0, 14.0
-9.0, 13.0
-11.0, 12.0
-11.0, 13.0
-10.0, 12.0
-10.0, 13.0
-11.0, 13.0
-11.0, 13.0
-11.0, 14.0
-12.0, 13.0
-10.0, 14.0
-11.0, 14.0
-10.0, 12.0
-8.0, 12.0
-9.0, 13.0
-9.0, 13.0
-9.0, 14.0
-10.0, 16.0
-11.0, 15.0
data
-11.0, -17.075222663783045
-34.0, -24.075222663783045
12.0, -8.075222663783045
-10.0, -17.075222663783045
-9.0, -16.075222663783045
-9.0, -16.075222663783045
-11.0, -16.075222663783045
-11.0, -17.075222663783045
-12.0, -16.075222663783045
-11.0, -17.075222663783045
-12.0, -16.075222663783045
-11.0, -17.075222663783045
-11.0, -16.075222663783045
-8.0, -18.075222663783045
-12.0, -19.075222663783045
-12.0, -18.075222663783045
-8.0, -16.075222663783045
-11.0, -13.075222663783045
-13.0, -15.075222663783045
-16.0, -13.075222663783045
-8.0, -22.075222663783045
-12.0, -21.075222663783045
-7.0, -28.075222663783045
-7.0, -21.075222663783045
-13.0, -6.075222663783045
-12.0, -14.075222663783045
-12.0, -16.075222663783045
-12.0, -16.075222663783045
-11.0, -17.075222663783045
-13.0, -16.075222663783045
-12.0, -18.075222663783045
-25.0, -16.075222663783045
-18.0, -12.075222663783045
-134.0, 5.924777336216955
-137.0, -3.075222663783044
-114.0, -7.075222663783045
-190.0, -1.0752226637830442
-181.0, -3.075222663783044
-213.0, 17.924777336216955
-206.0, 42.92477733621696
-243.0, 32.92477733621696
-228.0, -3.075222663783044
-261.0, -59.07522266378304
-367.0, -57.07522266378304
-357.0, -84.07522266378305
-341.0, -84.07522266378305
-324.0, -54.07522266378304
-263.0, -59.07522266378304
-191.0, -95.07522266378305
-69.0, -56.07522266378304
-28.0, 14.924777336216955
55.0, 37.92477733621696
69.0, 66.92477733621695
108.0, 43.92477733621696
55.0, 22.924777336216955
45.0, -41.07522266378304
61.0, -48.07522266378304
173.0, -67.07522266378305
255.99999999999997, 5.924777336216955
288.0, 15.924777336216955
358.0, -30.075222663783045
286.0, -24.075222663783045
250.0, -34.07522266378304
226.0, -22.075222663783045
156.0, 20.924777336216955
159.0, -3.075222663783044
161.0, -4.075222663783045
165.0, -1.0752226637830442
124.0, -19.075222663783045
138.0, -15.075222663783045
104.0, -9.075222663783045
126.0, -39.07522266378304
65.0, -59.07522266378304
35.0, -46.07522266378304
0.0, -23.075222663783045
-9.0, -17.075222663783045
-9.0, -16.075222663783045
-11.0, -15.075222663783045
-11.0, -16.075222663783045
-10.0, -15.075222663783045
-10.0, -16.075222663783045
-11.0, -16.075222663783045
-11.0, -16.075222663783045
-11.0, -17.075222663783045
-12.0, -16.075222663783045
-10.0, -17.075222663783045
-11.0, -17.075222663783045
-10.0, -15.075222663783045
-8.0, -15.075222663783045
-9.0, -16.075222663783045
-9.0, -16.075222663783045
-9.0, -17.075222663783045
-10.0, -19.075222663783045
-11.0, -18.075222663783045
data
7.648106883326765, 14.0
30.648106883326765, 21.0
-15.351893116673235, 5.0
6.648106883326765, 14.0
5.648106883326765, 13.0
5.648106883326765, 13.0
7.648106883326765, 13.0
7.648106883326765, 14.0
8.648106883326765, 13.0
7.648106883326765, 14.0
8.648106883326765, 13.0
7.648106883326765, 14.0
7.648106883326765, 13.0
4.648106883326765, 15.0
8.648106883326765, 16.0
8.648106883326765, 15.0
4.648106883326765, 13.0
7.648106883326765, 10.0
9.648106883326765, 12.0
12.648106883326765, 10.0
4.648106883326765, 19.0
8.648106883326765, 18.0
3.648106883326765, 25.0
3.648106883326765, 18.0
9.648106883326765, 3.0
8.648106883326765, 11.0
8.648106883326765, 13.0
8.648106883326765, 13.0
7.648106883326765, 14.0
9.648106883326765, 13.0
8.648106883326765, 15.0
21.64810688332677, 13.0
14.648106883326767, 9.0
130.64810688332676, -9.0
133.64810688332676, 0.0
110.64810688332676, 4.0
186.64810688332676, -2.0
177.64810688332676, 0.0
209.64810688332676, -21.0
202.64810688332676, -46.0
239.64810688332676, -36.0
224.64810688332676, 0.0
257.6481068833268, 56.0
363.6481068833268, 54.0
353.6481068833268, 81.0
337.6481068833268, 81.0
320.6481068833268, 51.0
259.6481068833268, 56.0
187.64810688332676, 92.0
65.64810688332676, 53.0
24.64810688332677, -18.0
-58.35189311667324, -41.0
-72.35189311667324, -70.0
-111.35189311667324, -47.0
-58.35189311667324, -26.0
-48.35189311667324, 38.0
-64.35189311667324, 45.0
-176.35189311667324, 64.0
-259.3518931166732, -9.0
-291.3518931166732, -19.0
-361.3518931166732, 27.0
-289.3518931166732, 21.0
-253.35189311667324, 30.999999999999996
-229.35189311667324, 19.0
-159.35189311667324, -24.0
-162.35189311667324, 0.0
-164.35189311667324, 1.0000000000000002
-168.35189311667324, -2.0
-127.35189311667324, 16.0
-141.35189311667324, 12.0
-107.35189311667324, 6.0
-129.35189311667324, 36.0
-68.35189311667324, 56.0
-38.35189311667324, 43.0
-3.3518931166732346, 20.0
5.648106883326765, 14.0
5.648106883326765, 13.0
7.648106883326765, 12.0
7.648106883326765, 13.0
6.648106883326765, 12.0
6.648106883326765, 13.0
7.648106883326765, 13.0
7.648106883326765, 13.0
7.648106883326765, 14.0
8.648106883326765, 13.0
6.648106883326765, 14.0
7.648106883326765, 14.0
6.648106883326765, 12.0
4.648106883326765, 12.0
5.648106883326765, 13.0
5.648106883326765, 13.0
5.648106883326765, 14.0
6.648106883326765, 16.0
7.648106883326765, 15.0
data
7.648106883326765, -17.075222663783045
30.648106883326765, -24.075222663783045
-15.351893116673235, -8.075222663783045
6.648106883326765, -17.075222663783045
5.648106883326765, -16.075222663783045
5.648106883326765, -16.075222663783045
7.648106883326765, -16.075222663783045
7.648106883326765, -17.075222663783045
8.648106883326765, -16.075222663783045
7.648106883326765, -17.075222663783045
8.648106883326765, -16.075222663783045
7.648106883326765, -17.075222663783045
7.648106883326765, -16.075222663783045
4.648106883326765, -18.075222663783045
8.648106883326765, -19.075222663783045
8.648106883326765, -18.075222663783045
4.648106883326765, -16.075222663783045
7.648106883326765, -13.075222663783045
9.648106883326765, -15.075222663783045
12.648106883326765, -13.075222663783045
4.648106883326765, -22.075222663783045
8.648106883326765, -21.075222663783045
3.648106883326765, -28.075222663783045
3.648106883326765, -21.075222663783045
9.648106883326765, -6.075222663783045
8.648106883326765, -14.075222663783045
8.648106883326765, -16.075222663783045
8.648106883326765, -16.075222663783045
7.648106883326765, -17.075222663783045
9.648106883326765, -16.075222663783045
8.648106883326765, -18.075222663783045
21.64810688332677, -16.075222663783045
14.648106883326767, -12.075222663783045
130.64810688332676, 5.924777336216955
133.64810688332676, -3.075222663783044
110.64810688332676, -7.075222663783045
186.64810688332676, -1.0752226637830442
177.64810688332676, -3.075222663783044
209.64810688332676, 17.924777336216955
202.64810688332676, 42.92477733621696
239.64810688332676, 32.92477733621696
224.64810688332676, -3.075222663783044
257.6481068833268, -59.07522266378304
363.6481068833268, -57.07522266378304
353.6481068833268, -84.07522266378305
337.6481068833268, -84.07522266378305
320.6481068833268, -54.07522266378304
259.6481068833268, -59.07522266378304
187.64810688332676, -95.07522266378305
65.64810688332676, -56.07522266378304
24.64810688332677, 14.924777336216955
-58.35189311667324, 37.92477733621696
-72.35189311667324, 66.92477733621695
-111.35189311667324, 43.92477733621696
-58.35189311667324, 22.924777336216955
-48.35189311667324, -41.07522266378304
-64.35189311667324, -48.07522266378304
-176.35189311667324, -67.07522266378305
-259.3518931166732, 5.924777336216955
-291.3518931166732, 15.924777336216955
-361.3518931166732, -30.075222663783045
-289.3518931166732, -24.075222663783045
-253.35189311667324, -34.07522266378304
-229.35189311667324, -22.075222663783045
-159.35189311667324, 20.924777336216955
-162.35189311667324, -3.075222663783044
-164.35189311667324, -4.075222663783045
-168.35189311667324, -1.0752226637830442
-127.35189311667324, -19.075222663783045
-141.35189311667324, -15.075222663783045
-107.35189311667324, -9.075222663783045
-129.35189311667324, -39.07522266378304
-68.35189311667324, -59.07522266378304
-38.35189311667324, -46.07522266378304
-3.3518931166732346, -23.075222663783045
5.648106883326765, -17.075222663783045
5.648106883326765, -16.075222663783045
7.648106883326765, -15.075222663783045
7.648106883326765, -16.075222663783045
6.648106883326765, -15.075222663783045
6.648106883326765, -16.075222663783045
7.648106883326765, -16.075222663783045
7.648106883326765, -16.075222663783045
7.648106883326765, -17.075222663783045
8.648106883326765, -16.075222663783045
6.648106883326765, -17.075222663783045
7.648106883326765, -17.075222663783045
6.648106883326765, -15.075222663783045
4.648106883326765, -15.075222663783045
5.648106883326765, -16.075222663783045
5.648106883326765, -16.075222663783045
5.648106883326765, -17.075222663783045
6.648106883326765, -19.075222663783045
7.648106883326765, -18.075222663783045
data
-10.0, 13.0
-9.0, 10.0
-12.0, 16.0
-11.0, 15.0
-9.0, 14.0
-10.0, 14.0
-9.0, 13.0
-10.0, 13.0
-8.0, 12.0
-3.0, 13.0
-11.0, 17.0
-5.0, 14.0
-6.0, 17.0
14.999999999999998, 33.0
71.0, 109.0
143.0, 78.0
71.0, 62.0
-26.0, 165.0
159.0, 368.0
61.0, 384.0
48.0, 374.0
50.0, 382.0
40.0, 402.0
3.0, 459.0
-7.0, 471.0
14.0, 513.0
-19.0, 525.0
-18.0, 532.0
-37.0, 481.0
-19.0, 415.0
-38.0, 366.0
18.0, 363.0
-19.0, 323.0
-39.0, 206.0
-27.0, 130.0
-26.0, 95.0
-13.0, 99.0
21.0, 136.0
14.999999999999998, 54.0
7.0, -104.0
21.0, -152.0
7.0, -195.0
25.0, -232.0
0.0, -255.0
0.0, -252.0
-13.0, -346.0
19.0, -467.0
-1.0, -624.0
25.0, -744.0
25.0, -791.0
53.0, -831.0
55.0, -786.0
110.0, -727.0
148.0, -479.0
-116.0, -303.0
25.0, -673.0
100.0, -766.0
96.0, -701.0
66.0, -551.0
60.0, -382.0
46.0, -265.0
48.0, -291.0
43.0, -303.0
26.0, -248.0
27.0, -232.0
42.0, -184.0
25.0, -153.0
107.0, -181.0
80.0, -167.0
109.0, -141.0
89.0, -117.0
96.0, -53.0
93.0, 6.0
99.0, 55.0
58.0, 175.0
14.0, 172.0
20.0, 135.0
40.0, 110.0
25.0, 146.0
45.0, 186.0
2.0, 327.0
-2.0, 352.0
-30.0, 406.0
-22.0, 413.0
-26.0, 461.0
-58.0, 534.0
-58.0, 589.0
-53.0, 588.0
-58.0, 575.0
-45.0, 566.0
-76.0, 542.0
32.0, 358.0
-48.0, 507.0
-88.0, 604.0
-100.0, 641.0
-43.0, 574.0
-38.0, 457.0
-9.0, 389.0
-15.0, 349.0
-31.0, 366.0
-31.0, 343.0
-37.0, 385.0
-44.0, 310.0
-13.0, 225.0
-25.0, 144.0
6.0, 107.0
-9.0, 135.0
-44.0, 149.0
-14.0, 119.0
-32.0, 57.0
-19.0, 2.0
7.0, -132.0
13.0, -192.0
37.0, -249.0
66.0, -277.0
94.0, -277.0
79.0, -315.0
55.0, -346.0
41.0, -378.0
60.0, -391.0
33.0, -433.0
50.0, -412.0
47.0, -380.0
55.0, -353.0
67.0, -337.0
66.0, -323.0
61.0, -342.0
71.0, -317.0
-7.0, -182.0
-7.0, -232.0
44.0, -357.0
98.0, -393.0
77.0, -335.0
50.0, -268.0
47.0, -252.0
76.0, -272.0
57.0, -271.0
50.0, -254.0
75.0, -243.0
44.0, -204.0
28.0, -129.0
56.0, -79.0
26.0, -108.0
45.0, -108.0
33.0, -92.0
32.0, -40.0
33.0, 30.0
21.0, 90.0
-7.0, 121.0
-3.0, 153.0
-32.0, 180.0
-47.0, 208.0
-39.0, 265.0
-34.0, 273.0
-35.0, 266.0
-17.0, 276.0
-10.0, 265.0
-45.0, 229.0
-10.0, 166.0
-19.0, 147.0
-46.0, 159.0
-58.0, 231.0
-34.0, 205.0
-27.0, 159.0
-14.0, 163.0
-16.0, 186.0
-17.0, 161.0
-32.0, 134.0
-25.0, 148.0
-40.0, 143.0
-31.0, 81.0
-12.0, 15.0
-11.0, 15.0
-10.0, 14.0
-10.0, 14.0
-12.0, 14.0
-11.0, 14.0
-10.0, 15.0
-15.0, 12.0
-15.0, 14.0
-12.0, 13.0
-10.0, 14.0
-11.0, 14.0
-11.0, 15.0
-11.0, 15.0
-11.0, 15.0
-11.0, 16.0
-11.0, 13.0
data
-10.0, -16.075222663783045
-9.0, -13.075222663783045
-12.0, -19.075222663783045
-11.0, -18.075222663783045
-9.0, -17.075222663783045
-10.0, -17.075222663783045
-9.0, -16.075222663783045
-10.0, -16.075222663783045
-8.0, -15.075222663783045
-3.0, -16.075222663783045
-11.0, -20.075222663783045
-5.0, -17.075222663783045
-6.0, -20.075222663783045
14.999999999999998, -36.07522266378304
71.0, -112.07522266378305
143.0, -81.07522266378305
71.0, -65.07522266378304
-26.0, -168.07522266378305
159.0, -371.07522266378305
61.0, -387.07522266378305
48.0, -377.07522266378305
50.0, -385.07522266378305
40.0, -405.07522266378305
3.0, -462.07522266378305
-7.0, -474.07522266378305
14.0, -516.075222663783
-19.0, -528.075222663783
-18.0, -535.075222663783
-37.0, -484.07522266378305
-19.0, -418.07522266378305
-38.0, -369.07522266378305
18.0, -366.07522266378305
-19.0, -326.07522266378305
-39.0, -209.07522266378305
-27.0, -133.07522266378305
-26.0, -98.07522266378305
-13.0, -102.07522266378305
21.0, -139.07522266378305
14.999999999999998, -57.07522266378304
7.0, 100.92477733621695
21.0, 148.92477733621695
7.0, 191.92477733621695
25.0, 228.92477733621695
0.0, 251.92477733621695
0.0, 248.92477733621695
-13.0, 342.92477733621695
19.0, 463.92477733621695
-1.0, 620.924777336217
25.0, 740.924777336217
25.0, 787.924777336217
53.0, 827.924777336217
55.0, 782.924777336217
110.0, 723.924777336217
148.0, 475.92477733621695
-116.0, 299.92477733621695
25.0, 669.924777336217
100.0, 762.924777336217
96.0, 697.924777336217
66.0, 547.924777336217
60.0, 378.92477733621695
46.0, 261.92477733621695
48.0, 287.92477733621695
43.0, 299.92477733621695
26.0, 244.92477733621695
27.0, 228.92477733621695
42.0, 180.92477733621695
25.0, 149.92477733621695
107.0, 177.92477733621695
80.0, 163.92477733621695
109.0, 137.92477733621695
89.0, 113.92477733621695
96.0, 49.92477733621696
93.0, -9.075222663783045
99.0, -58.07522266378304
58.0, -178.07522266378305
14.0, -175.07522266378305
20.0, -138.07522266378305
40.0, -113.07522266378305
25.0, -149.07522266378305
45.0, -189.07522266378305
2.0, -330.07522266378305
-2.0, -355.07522266378305
-30.0, -409.07522266378305
-22.0, -416.07522266378305
-26.0, -464.07522266378305
-58.0, -537.075222663783
-58.0, -592.075222663783
-53.0, -591.075222663783
-58.0, -578.075222663783
-45.0, -569.075222663783
-76.0, -545.075222663783
32.0, -361.07522266378305
-48.0, -510.07522266378305
-88.0, -607.075222663783
-100.0, -644.075222663783
-43.0, -577.075222663783
-38.0, -460.07522266378305
-9.0, -392.07522266378305
-15.0, -352.07522266378305
-31.0, -369.07522266378305
-31.0, -346.07522266378305
-37.0, -388.07522266378305
-44.0, -313.07522266378305
-13.0, -228.07522266378305
-25.0, -147.07522266378305
6.0, -110.07522266378305
-9.0, -138.07522266378305
-44.0, -152.07522266378305
-14.0, -122.07522266378305
-32.0, -60.07522266378304
-19.0, -5.075222663783045
7.0, 128.92477733621695
13.0, 188.92477733621695
37.0, 245.92477733621695
66.0, 273.92477733621695
94.0, 273.92477733621695
79.0, 311.92477733621695
55.0, 342.92477733621695
41.0, 374.92477733621695
60.0, 387.92477733621695
33.0, 429.92477733621695
50.0, 408.92477733621695
47.0, 376.92477733621695
55.0, 349.92477733621695
67.0, 333.92477733621695
66.0, 319.92477733621695
61.0, 338.92477733621695
71.0, 313.92477733621695
-7.0, 178.92477733621695
-7.0, 228.92477733621695
44.0, 353.92477733621695
98.0, 389.92477733621695
77.0, 331.92477733621695
50.0, 264.92477733621695
47.0, 248.92477733621695
76.0, 268.92477733621695
57.0, 267.92477733621695
50.0, 250.92477733621695
75.0, 239.92477733621695
44.0, 200.92477733621695
28.0, 125.92477733621696
56.0, 75.92477733621695
26.0, 104.92477733621695
45.0, 104.92477733621695
33.0, 88.92477733621695
32.0, 36.92477733621696
33.0, -33.075222663783045
21.0, -93.07522266378305
-7.0, -124.07522266378305
-3.0, -156.07522266378305
-32.0, -183.07522266378305
-47.0, -211.07522266378305
-39.0, -268.07522266378305
-34.0, -276.07522266378305
-35.0, -269.07522266378305
-17.0, -279.07522266378305
-10.0, -268.07522266378305
-45.0, -232.07522266378305
-10.0, -169.07522266378305
-19.0, -150.07522266378305
-46.0, -162.07522266378305
-58.0, -234.07522266378305
-34.0, -208.07522266378305
-27.0, -162.07522266378305
-14.0, -166.07522266378305
-16.0, -189.07522266378305
-17.0, -164.07522266378305
-32.0, -137.07522266378305
-25.0, -151.07522266378305
-40.0, -146.07522266378305
-31.0, -84.07522266378305
-12.0, -18.075222663783045
-11.0, -18.075222663783045
-10.0, -17.075222663783045
-10.0, -17.075222663783045
-12.0, -17.075222663783045
-11.0, -17.075222663783045
-10.0, -18.075222663783045
-15.0, -15.075222663783045
-15.0, -17.075222663783045
-12.0, -16.075222663783045
-10.0, -17.075222663783045
-11.0, -17.075222663783045
-11.0, -18.075222663783045
-11.0, -18.075222663783045
-11.0, -18.075222663783045
-11.0, -19.075222663783045
-11.0, -16.075222663783045
data
6.648106883326765, 13.0
5.648106883326765, 10.0
8.648106883326765, 16.0
7.648106883326765, 15.0
5.648106883326765, 14.0
6.648106883326765, 14.0
5.648106883326765, 13.0
6.648106883326765, 13.0
4.648106883326765, 12.0
-0.35189311667323464, 13.0
7.648106883326765, 17.0
1.6481068833267651, 14.0
2.648106883326765, 17.0
-18.35189311667323, 33.0
-74.35189311667324, 109.0
-146.35189311667324, 78.0
-74.35189311667324, 62.0
22.64810688332677, 165.0
-162.35189311667324, 368.0
-64.35189311667324, 384.0
-51.35189311667324, 374.0
-53.35189311667324, 382.0
-43.35189311667324, 402.0
-6.351893116673235, 459.0
3.648106883326765, 471.0
-17.351893116673235, 513.0
15.648106883326767, 525.0
14.648106883326767, 532.0
33.64810688332676, 481.0
15.648106883326767, 415.0
34.64810688332676, 366.0
-21.35189311667323, 363.0
15.648106883326767, 323.0
35.64810688332676, 206.0
23.64810688332677, 130.0
22.64810688332677, 95.0
9.648106883326765, 99.0
-24.35189311667323, 136.0
-18.35189311667323, 54.0
-10.351893116673235, -104.0
-24.35189311667323, -152.0
-10.351893116673235, -195.0
-28.35189311667323, -232.0
-3.3518931166732346, -255.0
-3.3518931166732346, -252.0
9.648106883326765, -346.0
-22.35189311667323, -467.0
-2.3518931166732346, -624.0
-28.35189311667323, -744.0
-28.35189311667323, -791.0
-56.35189311667324, -831.0
-58.35189311667324, -786.0
-113.35189311667324, -727.0
-151.35189311667324, -479.0
112.64810688332676, -303.0
-28.35189311667323, -673.0
-103.35189311667324, -766.0
-99.35189311667324, -701.0
-69.35189311667324, -551.0
-63.35189311667324, -382.0
-49.35189311667324, -265.0
-51.35189311667324, -291.0
-46.35189311667324, -303.0
-29.35189311667323, -248.0
-30.35189311667323, -232.0
-45.35189311667324, -184.0
-28.35189311667323, -153.0
-110.35189311667324, -181.0
-83.35189311667324, -167.0
-112.35189311667324, -141.0
-92.35189311667324, -117.0
-99.35189311667324, -53.0
-96.35189311667324, 6.0
-102.35189311667324, 55.0
-61.35189311667324, 175.0
-17.351893116673235, 172.0
-23.35189311667323, 135.0
-43.35189311667324, 110.0
-28.35189311667323, 146.0
-48.35189311667324, 186.0
-5.351893116673235, 327.0
-1.3518931166732346, 352.0
26.64810688332677, 406.0
18.64810688332677, 413.0
22.64810688332677, 461.0
54.64810688332676, 534.0
54.64810688332676, 589.0
49.64810688332676, 588.0
54.64810688332676, 575.0
41.64810688332676, 566.0
72.64810688332676, 542.0
-35.35189311667324, 358.0
44.64810688332676, 507.0
84.64810688332676, 604.0
96.64810688332676, 641.0
39.64810688332676, 574.0
34.64810688332676, 457.0
5.648106883326765, 389.0
11.648106883326765, 349.0
27.64810688332677, 366.0
27.64810688332677, 343.0
33.64810688332676, 385.0
40.64810688332676, 310.0
9.648106883326765, 225.0
21.64810688332677, 144.0
-9.351893116673235, 107.0
5.648106883326765, 135.0
40.64810688332676, 149.0
10.648106883326765, 119.0
28.64810688332677, 57.0
15.648106883326767, 2.0
-10.351893116673235, -132.0
-16.351893116673235, -192.0
-40.35189311667324, -249.0
-69.35189311667324, -277.0
-97.35189311667324, -277.0
-82.35189311667324, -315.0
-58.35189311667324, -346.0
-44.35189311667324, -378.0
-63.35189311667324, -391.0
-36.35189311667324, -433.0
-53.35189311667324, -412.0
-50.35189311667324, -380.0
-58.35189311667324, -353.0
-70.35189311667324, -337.0
-69.35189311667324, -323.0
-64.35189311667324, -342.0
-74.35189311667324, -317.0
3.648106883326765, -182.0
3.648106883326765, -232.0
-47.35189311667324, -357.0
-101.35189311667324, -393.0
-80.35189311667324, -335.0
-53.35189311667324, -268.0
-50.35189311667324, -252.0
-79.35189311667324, -272.0
-60.35189311667324, -271.0
-53.35189311667324, -254.0
-78.35189311667324, -243.0
-47.35189311667324, -204.0
-31.35189311667323, -129.0
-59.35189311667324, -79.0
-29.35189311667323, -108.0
-48.35189311667324, -108.0
-36.35189311667324, -92.0
-35.35189311667324, -40.0
-36.35189311667324, 30.0
-24.35189311667323, 90.0
3.648106883326765, 121.0
-0.35189311667323464, 153.0
28.64810688332677, 180.0
43.64810688332676, 208.0
35.64810688332676, 265.0
30.648106883326765, 273.0
31.648106883326765, 266.0
13.648106883326765, 276.0
6.648106883326765, 265.0
41.64810688332676, 229.0
6.648106883326765, 166.0
15.648106883326767, 147.0
42.64810688332676, 159.0
54.64810688332676, 231.0
30.648106883326765, 205.0
23.64810688332677, 159.0
10.648106883326765, 163.0
12.648106883326765, 186.0
13.648106883326765, 161.0
28.64810688332677, 134.0
21.64810688332677, 148.0
36.64810688332676, 143.0
27.64810688332677, 81.0
8.648106883326765, 15.0
7.648106883326765, 15.0
6.648106883326765, 14.0
6.648106883326765, 14.0
8.648106883326765, 14.0
7.648106883326765, 14.0
6.648106883326765, 15.0
11.648106883326765, 12.0
11.648106883326765, 14.0
8.648106883326765, 13.0
6.648106883326765, 14.0
7.648106883326765, 14.0
7.648106883326765, 15.0
7.648106883326765, 15.0
7.648106883326765, 15.0
7.648106883326765, 16.0
7.648106883326765, 13.0
data
6.648106883326765, -16.075222663783045
5.648106883326765, -13.075222663783045
8.648106883326765, -19.075222663783045
7.648106883326765, -18.075222663783045
5.648106883326765, -17.075222663783045
6.648106883326765, -17.075222663783045
5.648106883326765, -16.075222663783045
6.648106883326765, -16.075222663783045
4.648106883326765, -15.075222663783045
-0.35189311667323464, -16.075222663783045
7.648106883326765, -20.075222663783045
1.6481068833267651, -17.075222663783045
2.648106883326765, -20.075222663783045
-18.35189311667323, -36.07522266378304
-74.35189311667324, -112.07522266378305
-146.35189311667324, -81.07522266378305
-74.35189311667324, -65.07522266378304
22.64810688332677, -168.07522266378305
-162.35189311667324, -371.07522266378305
-64.35189311667324, -387.07522266378305
-51.35189311667324, -377.07522266378305
-53.35189311667324, -385.07522266378305
-43.35189311667324, -405.07522266378305
-6.351893116673235, -462.07522266378305
3.648106883326765, -474.07522266378305
-17.351893116673235, -516.075222663783
15.648106883326767, -528.075222663783
14.648106883326767, -535.075222663783
33.64810688332676, -484.07522266378305
15.648106883326767, -418.07522266378305
34.64810688332676, -369.07522266378305
-21.35189311667323, -366.07522266378305
15.648106883326767, -326.07522266378305
35.64810688332676, -209.07522266378305
23.64810688332677, -133.07522266378305
22.64810688332677, -98.07522266378305
9.648106883326765, -102.07522266378305
-24.35189311667323, -139.07522266378305
-18.35189311667323, -57.07522266378304
-10.351893116673235, 100.92477733621695
-24.35189311667323, 148.92477733621695
-10.351893116673235, 191.92477733621695
-28.35189311667323, 228.92477733621695
-3.3518931166732346, 251.92477733621695
-3.3518931166732346, 248.92477733621695
9.648106883326765, 342.92477733621695
-22.35189311667323, 463.92477733621695
-2.3518931166732346, 620.924777336217
-28.35189311667323, 740.924777336217
-28.35189311667323, 787.924777336217
-56.35189311667324, 827.924777336217
-58.35189311667324, 782.924777336217
-113.35189311667324, 723.924777336217
-151.35189311667324, 475.92477733621695
112.64810688332676, 299.92477733621695
-28.35189311667323, 669.924777336217
-103.35189311667324, 762.924777336217
-99.35189311667324, 697.924777336217
-69.35189311667324, 547.924777336217
-63.35189311667324, 378.92477733621695
-49.35189311667324, 261.92477733621695
-51.35189311667324, 287.92477733621695
-46.35189311667324, 299.92477733621695
-29.35189311667323, 244.92477733621695
-30.35189311667323, 228.92477733621695
-45.35189311667324, 180.92477733621695
-28.35189311667323, 149.92477733621695
-110.35189311667324, 177.92477733621695
-83.35189311667324, 163.92477733621695
-112.35189311667324, 137.92477733621695
-92.35189311667324, 113.92477733621695
-99.35189311667324, 49.92477733621696
-96.35189311667324, -9.075222663783045
-102.35189311667324, -58.07522266378304
-61.35189311667324, -178.07522266378305
-17.351893116673235, -175.07522266378305
-23.35189311667323, -138.07522266378305
-43.35189311667324, -113.07522266378305
-28.35189311667323, -149.07522266378305
-48.35189311667324, -189.07522266378305
-5.351893116673235, -330.07522266378305
-1.3518931166732346, -355.07522266378305
26.64810688332677, -409.07522266378305
18.64810688332677, -416.07522266378305
22.64810688332677, -464.07522266378305
54.64810688332676, -537.075222663783
54.64810688332676, -592.075222663783
49.64810688332676, -591.075222663783
54.64810688332676, -578.075222663783
41.64810688332676, -569.075222663783
72.64810688332676, -545.075222663783
-35.35189311667324, -361.07522266378305
44.64810688332676, -510.07522266378305
84.64810688332676, -607.075222663783
96.64810688332676, -644.075222663783
39.64810688332676, -577.075222663783
34.64810688332676, -460.07522266378305
5.648106883326765, -392.07522266378305
11.648106883326765, -352.07522266378305
27.64810688332677, -369.07522266378305
27.64810688332677, -346.07522266378305
33.64810688332676, -388.07522266378305
40.64810688332676, -313.07522266378305
9.648106883326765, -228.07522266378305
21.64810688332677, -147.07522266378305
-9.351893116673235, -110.07522266378305
5.648106883326765, -138.07522266378305
40.64810688332676, -152.07522266378305
10.648106883326765, -122.07522266378305
28.64810688332677, -60.07522266378304
15.648106883326767, -5.075222663783045
-10.351893116673235, 128.92477733621695
-16.351893116673235, 188.92477733621695
-40.35189311667324, 245.92477733621695
-69.35189311667324, 273.92477733621695
-97.35189311667324, 273.92477733621695
-82.35189311667324, 311.92477733621695
-58.35189311667324, 342.92477733621695
-44.35189311667324, 374.92477733621695
-63.35189311667324, 387.92477733621695
-36.35189311667324, 429.92477733621695
-53.35189311667324, 408.92477733621695
-50.35189311667324, 376.92477733621695
-58.35189311667324, 349.92477733621695
-70.35189311667324, 333.92477733621695
-69.35189311667324, 319.92477733621695
-64.35189311667324, 338.92477733621695
-74.35189311667324, 313.92477733621695
3.648106883326765, 178.92477733621695
3.648106883326765, 228.92477733621695
-47.35189311667324, 353.92477733621695
-101.35189311667324, 389.92477733621695
-80.35189311667324, 331.92477733621695
-53.35189311667324, 264.92477733621695
-50.35189311667324, 248.92477733621695
-79.35189311667324, 268.92477733621695
-60.35189311667324, 267.92477733621695
-53.35189311667324, 250.92477733621695
-78.35189311667324, 239.92477733621695
-47.35189311667324, 200.92477733621695
-31.35189311667323, 125.92477733621696
-59.35189311667324, 75.92477733621695
-29.35189311667323, 104.92477733621695
-48.35189311667324, 104.92477733621695
-36.35189311667324, 88.92477733621695
-35.35189311667324, 36.92477733621696
-36.35189311667324, -33.075222663783045
-24.35189311667323, -93.07522266378305
3.648106883326765, -124.07522266378305
-0.35189311667323464, -156.07522266378305
28.64810688332677, -183.07522266378305
43.64810688332676, -211.07522266378305
35.64810688332676, -268.07522266378305
30.648106883326765, -276.07522266378305
31.648106883326765, -269.07522266378305
13.648106883326765, -279.07522266378305
6.648106883326765, -268.07522266378305
41.64810688332676, -232.07522266378305
6.648106883326765, -169.07522266378305
15.648106883326767, -150.07522266378305
42.64810688332676, -162.07522266378305
54.64810688332676, -234.07522266378305
30.648106883326765, -208.07522266378305
23.64810688332677, -162.07522266378305
10.648106883326765, -166.07522266378305
12.648106883326765, -189.07522266378305
13.648106883326765, -164.07522266378305
28.64810688332677, -137.07522266378305
21.64810688332677, -151.07522266378305
36.64810688332676, -146.07522266378305
27.64810688332677, -84.07522266378305
8.648106883326765, -18.075222663783045
7.648106883326765, -18.075222663783045
6.648106883326765, -17.075222663783045
6.648106883326765, -17.075222663783045
8.648106883326765, -17.075222663783045
7.648106883326765, -17.075222663783045
6.648106883326765, -18.075222663783045
11.648106883326765, -15.075222663783045
11.648106883326765, -17.075222663783045
8.648106883326765, -16.075222663783045
6.648106883326765, -17.075222663783045
7.648106883326765, -17.075222663783045
7.648106883326765, -18.075222663783045
7.648106883326765, -18.075222663783045
7.648106883326765, -18.075222663783045
7.648106883326765, -19.075222663783045
7.648106883326765, -16.075222663783045
data
-11.0, 15.0
-4.0, 18.0
-21.0, 11.0
-9.0, 16.0
-10.0, 14.0
-8.0, 15.0
-9.0, 16.0
-10.0, 16.0
-13.0, 17.0
-12.0, 18.0
0.0, 10.0
-24.0, 17.0
-11.0, 15.0
-15.0, 15.0
-10.0, 15.0
-11.0, 16.0
-11.0, 12.0
-6.0, 14.0
-10.0, 14.0
-11.0, 16.0
-11.0, 17.0
-10.0, 16.0
-11.0, 15.0
-11.0, 16.0
-11.0, 16.0
-11.0, 15.0
-12.0, 15.0
-12.0, 14.0
-11.0, 14.0
-10.0, 14.0
-11.0, 15.0
-11.0, 16.0
-11.0, 15.0
-10.0, 15.0
-10.0, 15.0
-11.0, 15.0
-10.0, 15.0
-11.0, 17.0
-11.0, 16.0
-10.0, 15.0
-11.0, 15.0
-3.0, 12.0
111.0, 48.0
-30.0, 20.0
28.0, 55.0
6.0, 55.0
12.0, 73.0
13.0, 89.0
-10.0, 157.0
-10.0, 181.0
-31.0, 221.0
-50.0, 238.0
-48.0, 299.0
-55.0, 279.0
-2.0, 170.0
-29.0, 151.0
-38.0, 251.0
-56.0, 273.0
-64.0, 298.0
-10.0, 233.0
-37.0, 195.0
-22.0, 212.0
-1.0, 243.0
3.0, 288.0
8.0, 310.0
-23.0, 282.0
-44.0, 299.0
-30.0, 286.0
-53.0, 197.0
-5.0, 172.0
-26.0, 123.0
10.0, 166.0
-13.0, 220.0
-25.0, 122.0
2.0, 31.999999999999996
13.0, -161.0
47.0, -287.0
51.0, -402.0
78.0, -477.0
69.0, -547.0
75.0, -547.0
13.0, -459.0
42.0, -340.0
13.0, -357.0
71.0, -351.0
80.0, -419.0
86.0, -437.0
0.0, -301.0
-58.0, -77.0
-26.0, -1.0
-16.0, -33.0
-30.0, -4.0
-8.0, -7.0
-20.0, -7.0
-10.0, 50.0
-11.0, 0.0
-10.0, -8.0
-8.0, 16.0
-7.0, 33.0
-1.0, 83.0
-6.0, 26.0
-10.0, 11.0
-12.0, 13.0
-10.0, 11.0
-13.0, 15.0
-11.0, 14.0
-11.0, 13.0
-11.0, 12.0
-14.0, 14.0
-12.0, 12.0
-12.0, 14.0
-13.0, 13.0
-13.0, 13.0
-12.0, 13.0
-12.0, 12.0
-11.0, 12.0
-12.0, 13.0
-11.0, 14.0
-12.0, 12.0
-10.0, 8.0
-11.0, 17.0
-14.0, 15.0
-12.0, 13.0
-12.0, 11.0
-10.0, 12.0
-9.0, 11.0
-7.0, 8.0
-12.0, 18.0
-12.0, 15.0
-16.0, 14.0
-14.0, 12.0
-12.0, 13.0
-10.0, 12.0
-9.0, 12.0
-10.0, 11.0
-12.0, 12.0
-12.0, 12.0
-11.0, 11.0
-12.0, 13.0
-11.0, 14.0
-12.0, 13.0
-12.0, 14.0
-11.0, 12.0
-10.0, 12.0
-11.0, 12.0
-10.0, 11.0
-11.0, 14.0
-12.0, 14.0
data
-11.0, -18.075222663783045
-4.0, -21.075222663783045
-21.0, -14.075222663783045
-9.0, -19.075222663783045
-10.0, -17.075222663783045
-8.0, -18.075222663783045
-9.0, -19.075222663783045
-10.0, -19.075222663783045
-13.0, -20.075222663783045
-12.0, -21.075222663783045
0.0, -13.075222663783045
-24.0, -20.075222663783045
-11.0, -18.075222663783045
-15.0, -18.075222663783045
-10.0, -18.075222663783045
-11.0, -19.075222663783045
-11.0, -15.075222663783045
-6.0, -17.075222663783045
-10.0, -17.075222663783045
-11.0, -19.075222663783045
-11.0, -20.075222663783045
-10.0, -19.075222663783045
-11.0, -18.075222663783045
-11.0, -19.075222663783045
-11.0, -19.075222663783045
-11.0, -18.075222663783045
-12.0, -18.075222663783045
-12.0, -17.075222663783045
-11.0, -17.075222663783045
-10.0, -17.075222663783045
-11.0, -18.075222663783045
-11.0, -19.075222663783045
-11.0, -18.075222663783045
-10.0, -18.075222663783045
-10.0, -18.075222663783045
-11.0, -18.075222663783045
-10.0, -18.075222663783045
-11.0, -20.075222663783045
-11.0, -19.075222663783045
-10.0, -18.075222663783045
-11.0, -18.075222663783045
-3.0, -15.075222663783045
111.0, -51.07522266378304
-30.0, -23.075222663783045
28.0, -58.07522266378304
6.0, -58.07522266378304
12.0, -76.07522266378305
13.0, -92.07522266378305
-10.0, -160.07522266378305
-10.0, -184.07522266378305
-31.0, -224.07522266378305
-50.0, -241.07522266378305
-48.0, -302.07522266378305
-55.0, -282.07522266378305
-2.0, -173.07522266378305
-29.0, -154.07522266378305
-38.0, -254.07522266378305
-56.0, -276.07522266378305
-64.0, -301.07522266378305
-10.0, -236.07522266378305
-37.0, -198.07522266378305
-22.0, -215.07522266378305
-1.0, -246.07522266378305
3.0, -291.07522266378305
8.0, -313.07522266378305
-23.0, -285.07522266378305
-44.0, -302.07522266378305
-30.0, -289.07522266378305
-53.0, -200.07522266378305
-5.0, -175.07522266378305
-26.0, -126.07522266378305
10.0, -169.07522266378305
-13.0, -223.07522266378305
-25.0, -125.07522266378305
2.0, -35.07522266378304
13.0, 157.92477733621695
47.0, 283.92477733621695
51.0, 398.92477733621695
78.0, 473.92477733621695
69.0, 543.924777336217
75.0, 543.924777336217
13.0, 455.92477733621695
42.0, 336.92477733621695
13.0, 353.92477733621695
71.0, 347.92477733621695
80.0, 415.92477733621695
86.0, 433.92477733621695
0.0, 297.92477733621695
-58.0, 73.92477733621695
-26.0, -2.075222663783044
-16.0, 29.924777336216955
-30.0, 0.9247773362169556
-8.0, 3.9247773362169553
-20.0, 3.9247773362169553
-10.0, -53.07522266378304
-11.0, -3.075222663783044
-10.0, 4.924777336216955
-8.0, -19.075222663783045
-7.0, -36.07522266378304
-1.0, -86.07522266378305
-6.0, -29.075222663783045
-10.0, -14.075222663783045
-12.0, -16.075222663783045
-10.0, -14.075222663783045
-13.0, -18.075222663783045
-11.0, -17.075222663783045
-11.0, -16.075222663783045
-11.0, -15.075222663783045
-14.0, -17.075222663783045
-12.0, -15.075222663783045
-12.0, -17.075222663783045
-13.0, -16.075222663783045
-13.0, -16.075222663783045
-12.0, -16.075222663783045
-12.0, -15.075222663783045
-11.0, -15.075222663783045
-12.0, -16.075222663783045
-11.0, -17.075222663783045
-12.0, -15.075222663783045
-10.0, -11.075222663783045
-11.0, -20.075222663783045
-14.0, -18.075222663783045
-12.0, -16.075222663783045
-12.0, -14.075222663783045
-10.0, -15.075222663783045
-9.0, -14.075222663783045
-7.0, -11.075222663783045
-12.0, -21.075222663783045
-12.0, -18.075222663783045
-16.0, -17.075222663783045
-14.0, -15.075222663783045
-12.0, -16.075222663783045
-10.0, -15.075222663783045
-9.0, -15.075222663783045
-10.0, -14.075222663783045
-12.0, -15.075222663783045
-12.0, -15.075222663783045
-11.0, -14.075222663783045
-12.0, -16.075222663783045
-11.0, -17.075222663783045
-12.0, -16.075222663783045
-12.0, -17.075222663783045
-11.0, -15.075222663783045
-10.0, -15.075222663783045
-11.0, -15.075222663783045
-10.0, -14.075222663783045
-11.0, -17.075222663783045
-12.0, -17.075222663783045
data
7.648106883326765, 15.0
0.6481068833267651, 18.0
17.64810688332677, 11.0
5.648106883326765, 16.0
6.648106883326765, 14.0
4.648106883326765, 15.0
5.648106883326765, 16.0
6.648106883326765, 16.0
9.648106883326765, 17.0
8.648106883326765, 18.0
-3.3518931166732346, 10.0
20.64810688332677, 17.0
7.648106883326765, 15.0
11.648106883326765, 15.0
6.648106883326765, 15.0
7.648106883326765, 16.0
7.648106883326765, 12.0
2.648106883326765, 14.0
6.648106883326765, 14.0
7.648106883326765, 16.0
7.648106883326765, 17.0
6.648106883326765, 16.0
7.648106883326765, 15.0
7.648106883326765, 16.0
7.648106883326765, 16.0
7.648106883326765, 15.0
8.648106883326765, 15.0
8.648106883326765, 14.0
7.648106883326765, 14.0
6.648106883326765, 14.0
7.648106883326765, 15.0
7.648106883326765, 16.0
7.648106883326765, 15.0
6.648106883326765, 15.0
6.648106883326765, 15.0
7.648106883326765, 15.0
6.648106883326765, 15.0
7.648106883326765, 17.0
7.648106883326765, 16.0
6.648106883326765, 15.0
7.648106883326765, 15.0
-0.35189311667323464, 12.0
-114.35189311667324, 48.0
26.64810688332677, 20.0
-31.35189311667323, 55.0
-9.351893116673235, 55.0
-15.351893116673235, 73.0
-16.351893116673235, 89.0
6.648106883326765, 157.0
6.648106883326765, 181.0
27.64810688332677, 221.0
46.64810688332676, 238.0
44.64810688332676, 299.0
51.64810688332676, 279.0
-1.3518931166732346, 170.0
25.64810688332677, 151.0
34.64810688332676, 251.0
52.64810688332676, 273.0
60.64810688332676, 298.0
6.648106883326765, 233.0
33.64810688332676, 195.0
18.64810688332677, 212.0
-2.3518931166732346, 243.0
-6.351893116673235, 288.0
-11.351893116673235, 310.0
19.64810688332677, 282.0
40.64810688332676, 299.0
26.64810688332677, 286.0
49.64810688332676, 197.0
1.6481068833267651, 172.0
22.64810688332677, 123.0
-13.351893116673235, 166.0
9.648106883326765, 220.0
21.64810688332677, 122.0
-5.351893116673235, 31.999999999999996
-16.351893116673235, -161.0
-50.35189311667324, -287.0
-54.35189311667324, -402.0
-81.35189311667324, -477.0
-72.35189311667324, -547.0
-78.35189311667324, -547.0
-16.351893116673235, -459.0
-45.35189311667324, -340.0
-16.351893116673235, -357.0
-74.35189311667324, -351.0
-83.35189311667324, -419.0
-89.35189311667324, -437.0
-3.3518931166732346, -301.0
54.64810688332676, -77.0
22.64810688332677, -1.0
12.648106883326765, -33.0
26.64810688332677, -4.0
4.648106883326765, -7.0
16.64810688332677, -7.0
6.648106883326765, 50.0
7.648106883326765, 0.0
6.648106883326765, -8.0
4.648106883326765, 16.0
3.648106883326765, 33.0
-2.3518931166732346, 83.0
2.648106883326765, 26.0
6.648106883326765, 11.0
8.648106883326765, 13.0
6.648106883326765, 11.0
9.648106883326765, 15.0
7.648106883326765, 14.0
7.648106883326765, 13.0
7.648106883326765, 12.0
10.648106883326765, 14.0
8.648106883326765, 12.0
8.648106883326765, 14.0
9.648106883326765, 13.0
9.648106883326765, 13.0
8.648106883326765, 13.0
8.648106883326765, 12.0
7.648106883326765, 12.0
8.648106883326765, 13.0
7.648106883326765, 14.0
8.648106883326765, 12.0
6.648106883326765, 8.0
7.648106883326765, 17.0
10.648106883326765, 15.0
8.648106883326765, 13.0
8.648106883326765, 11.0
6.648106883326765, 12.0
5.648106883326765, 11.0
3.648106883326765, 8.0
8.648106883326765, 18.0
8.648106883326765, 15.0
12.648106883326765, 14.0
10.648106883326765, 12.0
8.648106883326765, 13.0
6.648106883326765, 12.0
5.648106883326765, 12.0
6.648106883326765, 11.0
8.648106883326765, 12.0
8.648106883326765, 12.0
7.648106883326765, 11.0
8.648106883326765, 13.0
7.648106883326765, 14.0
8.648106883326765, 13.0
8.648106883326765, 14.0
7.648106883326765, 12.0
6.648106883326765, 12.0
7.648106883326765, 12.0
6.648106883326765, 11.0
7.648106883326765, 14.0
8.648106883326765, 14.0
data
7.648106883326765, -18.075222663783045
0.6481068833267651, -21.075222663783045
17.64810688332677, -14.075222663783045
5.648106883326765, -19.075222663783045
6.648106883326765, -17.075222663783045
4.648106883326765, -18.075222663783045
5.648106883326765, -19.075222663783045
6.648106883326765, -19.075222663783045
9.648106883326765, -20.075222663783045
8.648106883326765, -21.075222663783045
-3.3518931166732346, -13.075222663783045
20.64810688332677, -20.075222663783045
7.648106883326765, -18.075222663783045
11.648106883326765, -18.075222663783045
6.648106883326765, -18.075222663783045
7.648106883326765, -19.075222663783045
7.648106883326765, -15.075222663783045
2.648106883326765, -17.075222663783045
6.648106883326765, -17.075222663783045
7.648106883326765, -19.075222663783045
7.648106883326765, -20.075222663783045
6.648106883326765, -19.075222663783045
7.648106883326765, -18.075222663783045
7.648106883326765, -19.075222663783045
7.648106883326765, -19.075222663783045
7.648106883326765, -18.075222663783045
8.648106883326765, -18.075222663783045
8.648106883326765, -17.075222663783045
7.648106883326765, -17.075222663783045
6.648106883326765, -17.075222663783045
7.648106883326765, -18.075222663783045
7.648106883326765, -19.075222663783045
7.648106883326765, -18.075222663783045
6.648106883326765, -18.075222663783045
6.648106883326765, -18.075222663783045
7.648106883326765, -18.075222663783045
6.648106883326765, -18.075222663783045
7.648106883326765, -20.075222663783045
7.648106883326765, -19.075222663783045
6.648106883326765, -18.075222663783045
7.648106883326765, -18.075222663783045
-0.35189311667323464, -15.075222663783045
-114.35189311667324, -51.07522266378304
26.64810688332677, -23.075222663783045
-31.35189311667323, -58.07522266378304
-9.351893116673235, -58.07522266378304
-15.351893116673235, -76.07522266378305
-16.351893116673235, -92.07522266378305
6.648106883326765, -160.07522266378305
6.648106883326765, -184.07522266378305
27.64810688332677, -224.07522266378305
46.64810688332676, -241.07522266378305
44.64810688332676, -302.07522266378305
51.64810688332676, -282.07522266378305
-1.3518931166732346, -173.07522266378305
25.64810688332677, -154.07522266378305
34.64810688332676, -254.07522266378305
52.64810688332676, -276.07522266378305
60.64810688332676, -301.07522266378305
6.648106883326765, -236.07522266378305
33.64810688332676, -198.07522266378305
18.64810688332677, -215.07522266378305
-2.3518931166732346, -246.07522266378305
-6.351893116673235, -291.07522266378305
-11.351893116673235, -313.07522266378305
19.64810688332677, -285.07522266378305
40.64810688332676, -302.07522266378305
26.64810688332677, -289.07522266378305
49.64810688332676, -200.07522266378305
1.6481068833267651, -175.07522266378305
22.64810688332677, -126.07522266378305
-13.351893116673235, -169.07522266378305
9.648106883326765, -223.07522266378305
21.64810688332677, -125.07522266378305
-5.351893116673235, -35.07522266378304
-16.351893116673235, 157.92477733621695
-50.35189311667324, 283.92477733621695
-54.35189311667324, 398.92477733621695
-81.35189311667324, 473.92477733621695
-72.35189311667324, 543.924777336217
-78.35189311667324, 543.924777336217
-16.351893116673235, 455.92477733621695
-45.35189311667324, 336.92477733621695
-16.351893116673235, 353.92477733621695
-74.35189311667324, 347.92477733621695
-83.35189311667324, 415.92477733621695
-89.35189311667324, 433.92477733621695
-3.3518931166732346, 297.92477733621695
54.64810688332676, 73.92477733621695
22.64810688332677, -2.075222663783044
12.648106883326765, 29.924777336216955
26.64810688332677, 0.9247773362169556
4.648106883326765, 3.9247773362169553
16.64810688332677, 3.9247773362169553
6.648106883326765, -53.07522266378304
7.648106883326765, -3.075222663783044
6.648106883326765, 4.924777336216955
4.648106883326765, -19.075222663783045
3.648106883326765, -36.07522266378304
-2.3518931166732346, -86.07522266378305
2.648106883326765, -29.075222663783045
6.648106883326765, -14.075222663783045
8.648106883326765, -16.075222663783045
6.648106883326765, -14.075222663783045
9.648106883326765, -18.075222663783045
7.648106883326765, -17.075222663783045
7.648106883326765, -16.075222663783045
7.648106883326765, -15.075222663783045
10.648106883326765, -17.075222663783045
8.648106883326765, -15.075222663783045
8.648106883326765, -17.075222663783045
9.648106883326765, -16.075222663783045
9.648106883326765, -16.075222663783045
8.648106883326765, -16.075222663783045
8.648106883326765, -15.075222663783045
7.648106883326765, -15.075222663783045
8.648106883326765, -16.075222663783045
7.648106883326765, -17.075222663783045
8.648106883326765, -15.075222663783045
6.648106883326765, -11.075222663783045
7.648106883326765, -20.075222663783045
10.648106883326765, -18.075222663783045
8.648106883326765, -16.075222663783045
8.648106883326765, -14.075222663783045
6.648106883326765, -15.075222663783045
5.648106883326765, -14.075222663783045
3.648106883326765, -11.075222663783045
8.648106883326765, -21.075222663783045
8.648106883326765, -18.075222663783045
12.648106883326765, -17.075222663783045
10.648106883326765, -15.075222663783045
8.648106883326765, -16.075222663783045
6.648106883326765, -15.075222663783045
5.648106883326765, -15.075222663783045
6.648106883326765, -14.075222663783045
8.648106883326765, -15.075222663783045
8.648106883326765, -15.075222663783045
7.648106883326765, -14.075222663783045
8.648106883326765, -16.075222663783045
7.648106883326765, -17.075222663783045
8.648106883326765, -16.075222663783045
8.648106883326765, -17.075222663783045
7.648106883326765, -15.075222663783045
6.648106883326765, -15.075222663783045
7.648106883326765, -15.075222663783045
6.648106883326765, -14.075222663783045
7.648106883326765, -17.075222663783045
8.648106883326765, -17.075222663783045
data
-9.0, 15.0
-10.0, 15.0
-11.0, 16.0
-10.0, 15.0
-12.0, 15.0
-10.0, 14.0
-11.0, 15.0
-12.0, 15.0
-10.0, 15.0
-10.0, 16.0
-13.0, 16.0
-8.0, 16.0
-9.0, 15.0
-14.0, 16.0
-32.0, 10.0
-23.0, -32.0
-4.0, 19.0
35.0, 26.0
-3.0, 20.0
3.0, 22.0
-4.0, 19.0
-2.0, 14.0
3.0, 10.0
-19.0, 10.0
-53.0, 30.999999999999996
-19.0, 19.0
-10.0, 15.0
-14.0, 13.0
-9.0, 14.0
-12.0, 12.0
-35.0, -7.0
-20.0, 8.0
-16.0, 14.0
-40.0, -12.0
-17.0, -30.0
-33.0, -11.0
-33.0, -84.0
-28.0, -156.0
-47.0, -177.0
-77.0, -202.0
-56.0, -231.0
-45.0, -242.0
-3.0, -312.0
21.0, -314.0
27.0, -278.0
34.0, -189.0
-26.0, -116.0
-45.0, -43.0
-24.0, -65.0
9.0, -74.0
-6.0, -88.0
33.0, -58.0
28.0, -13.0
-6.0, 12.0
-18.0, 31.999999999999996
-2.0, 8.0
2.0, 13.0
21.0, 98.0
-17.0, 194.0
-7.0, 249.0
-13.0, 264.0
8.0, 225.0
12.0, 223.0
-6.0, 163.0
34.0, 208.0
-7.0, 219.0
20.0, 185.0
-6.0, 125.0
-13.0, 95.0
-14.0, 127.0
-8.0, 115.0
15.999999999999998, 69.0
3.0, 27.0
23.0, 21.0
-13.0, 184.0
-56.0, 252.0
-14.0, 199.0
-7.0, 18.0
-8.0, 14.0
-10.0, 13.0
-9.0, 12.0
-10.0, 11.0
-11.0, 13.0
-11.0, 14.0
-11.0, 12.0
-30.0, -7.0
-22.0, 5.0
4.0, 20.0
-1.0, 27.0
-10.0, 21.0
-11.0, 15.0
-11.0, 12.0
-10.0, 13.0
-10.0, 12.0
-10.0, 13.0
-10.0, 15.0
-10.0, 14.0
-10.0, 14.0
-11.0, 13.0
-11.0, 13.0
-10.0, 13.0
-11.0, 13.0
-10.0, 14.0
-10.0, 14.0
-10.0, 14.0
-11.0, 13.0
-10.0, 14.0
-10.0, 13.0
-11.0, 13.0
-11.0, 15.0
-11.0, 14.0
-9.0, 15.0
-11.0, 14.0
-9.0, 13.0
-11.0, 13.0
-11.0, 13.0
-11.0, 13.0
-9.0, 13.0
-8.0, 9.0
-8.0, 13.0
-8.0, 11.0
-10.0, 17.0
-9.0, 14.0
-14.0, 17.0
-12.0, 14.0
-10.0, 12.0
-10.0, 12.0
data
-9.0, -18.075222663783045
-10.0, -18.075222663783045
-11.0, -19.075222663783045
-10.0, -18.075222663783045
-12.0, -18.075222663783045
-10.0, -17.075222663783045
-11.0, -18.075222663783045
-12.0, -18.075222663783045
-10.0, -18.075222663783045
-10.0, -19.075222663783045
-13.0, -19.075222663783045
-8.0, -19.075222663783045
-9.0, -18.075222663783045
-14.0, -19.075222663783045
-32.0, -13.075222663783045
-23.0, 28.924777336216955
-4.0, -22.075222663783045
35.0, -29.075222663783045
-3.0, -23.075222663783045
3.0, -25.075222663783045
-4.0, -22.075222663783045
-2.0, -17.075222663783045
3.0, -13.075222663783045
-19.0, -13.075222663783045
-53.0, -34.07522266378304
-19.0, -22.075222663783045
-10.0, -18.075222663783045
-14.0, -16.075222663783045
-9.0, -17.075222663783045
-12.0, -15.075222663783045
-35.0, 3.9247773362169553
-20.0, -11.075222663783045
-16.0, -17.075222663783045
-40.0, 8.924777336216955
-17.0, 26.924777336216955
-33.0, 7.924777336216955
-33.0, 80.92477733621695
-28.0, 152.92477733621695
-47.0, 173.92477733621695
-77.0, 198.92477733621695
-56.0, 227.92477733621695
-45.0, 238.92477733621695
-3.0, 308.92477733621695
21.0, 310.92477733621695
27.0, 274.92477733621695
34.0, 185.92477733621695
-26.0, 112.92477733621695
-45.0, 39.92477733621696
-24.0, 61.92477733621696
9.0, 70.92477733621695
-6.0, 84.92477733621695
33.0, 54.92477733621696
28.0, 9.924777336216955
-6.0, -15.075222663783045
-18.0, -35.07522266378304
-2.0, -11.075222663783045
2.0, -16.075222663783045
21.0, -101.07522266378305
-17.0, -197.07522266378305
-7.0, -252.07522266378305
-13.0, -267.07522266378305
8.0, -228.07522266378305
12.0, -226.07522266378305
-6.0, -166.07522266378305
34.0, -211.07522266378305
-7.0, -222.07522266378305
20.0, -188.07522266378305
-6.0, -128.07522266378305
-13.0, -98.07522266378305
-14.0, -130.07522266378305
-8.0, -118.07522266378305
15.999999999999998, -72.07522266378305
3.0, -30.075222663783045
23.0, -24.075222663783045
-13.0, -187.07522266378305
-56.0, -255.07522266378305
-14.0, -202.07522266378305
-7.0, -21.075222663783045
-8.0, -17.075222663783045
-10.0, -16.075222663783045
-9.0, -15.075222663783045
-10.0, -14.075222663783045
-11.0, -16.075222663783045
-11.0, -17.075222663783045
-11.0, -15.075222663783045
-30.0, 3.9247773362169553
-22.0, -8.075222663783045
4.0, -23.075222663783045
-1.0, -30.075222663783045
-10.0, -24.075222663783045
-11.0, -18.075222663783045
-11.0, -15.075222663783045
-10.0, -16.075222663783045
-10.0, -15.075222663783045
-10.0, -16.075222663783045
-10.0, -18.075222663783045
-10.0, -17.075222663783045
-10.0, -17.075222663783045
-11.0, -16.075222663783045
-11.0, -16.075222663783045
-10.0, -16.075222663783045
-11.0, -16.075222663783045
-10.0, -17.075222663783045
-10.0, -17.075222663783045
-10.0, -17.075222663783045
-11.0, -16.075222663783045
-10.0, -17.075222663783045
-10.0, -16.075222663783045
-11.0, -16.075222663783045
-11.0, -18.075222663783045
-11.0, -17.075222663783045
-9.0, -18.075222663783045
-11.0, -17.075222663783045
-9.0, -16.075222663783045
-11.0, -16.075222663783045
-11.0, -16.075222663783045
-11.0, -16.075222663783045
-9.0, -16.075222663783045
-8.0, -12.075222663783045
-8.0, -16.075222663783045
-8.0, -14.075222663783045
-10.0, -20.075222663783045
-9.0, -17.075222663783045
-14.0, -20.075222663783045
-12.0, -17.075222663783045
-10.0, -15.075222663783045
-10.0, -15.075222663783045
data
5.648106883326765, 15.0
6.648106883326765, 15.0
7.648106883326765, 16.0
6.648106883326765, 15.0
8.648106883326765, 15.0
6.648106883326765, 14.0
7.648106883326765, 15.0
8.648106883326765, 15.0
6.648106883326765, 15.0
6.648106883326765, 16.0
9.648106883326765, 16.0
4.648106883326765, 16.0
5.648106883326765, 15.0
10.648106883326765, 16.0
28.64810688332677, 10.0
19.64810688332677, -32.0
0.6481068833267651, 19.0
-38.35189311667324, 26.0
-0.35189311667323464, 20.0
-6.351893116673235, 22.0
0.6481068833267651, 19.0
-1.3518931166732346, 14.0
-6.351893116673235, 10.0
15.648106883326767, 10.0
49.64810688332676, 30.999999999999996
15.648106883326767, 19.0
6.648106883326765, 15.0
10.648106883326765, 13.0
5.648106883326765, 14.0
8.648106883326765, 12.0
31.648106883326765, -7.0
16.64810688332677, 8.0
12.648106883326765, 14.0
36.64810688332676, -12.0
13.648106883326765, -30.0
29.64810688332677, -11.0
29.64810688332677, -84.0
24.64810688332677, -156.0
43.64810688332676, -177.0
73.64810688332676, -202.0
52.64810688332676, -231.0
41.64810688332676, -242.0
-0.35189311667323464, -312.0
-24.35189311667323, -314.0
-30.35189311667323, -278.0
-37.35189311667324, -189.0
22.64810688332677, -116.0
41.64810688332676, -43.0
20.64810688332677, -65.0
-12.351893116673235, -74.0
2.648106883326765, -88.0
-36.35189311667324, -58.0
-31.35189311667323, -13.0
2.648106883326765, 12.0
14.648106883326767, 31.999999999999996
-1.3518931166732346, 8.0
-5.351893116673235, 13.0
-24.35189311667323, 98.0
13.648106883326765, 194.0
3.648106883326765, 249.0
9.648106883326765, 264.0
-11.351893116673235, 225.0
-15.351893116673235, 223.0
2.648106883326765, 163.0
-37.35189311667324, 208.0
3.648106883326765, 219.0
-23.35189311667323, 185.0
2.648106883326765, 125.0
9.648106883326765, 95.0
10.648106883326765, 127.0
4.648106883326765, 115.0
-19.35189311667323, 69.0
-6.351893116673235, 27.0
-26.35189311667323, 21.0
9.648106883326765, 184.0
52.64810688332676, 252.0
10.648106883326765, 199.0
3.648106883326765, 18.0
4.648106883326765, 14.0
6.648106883326765, 13.0
5.648106883326765, 12.0
6.648106883326765, 11.0
7.648106883326765, 13.0
7.648106883326765, 14.0
7.648106883326765, 12.0
26.64810688332677, -7.0
18.64810688332677, 5.0
-7.351893116673235, 20.0
-2.3518931166732346, 27.0
6.648106883326765, 21.0
7.648106883326765, 15.0
7.648106883326765, 12.0
6.648106883326765, 13.0
6.648106883326765, 12.0
6.648106883326765, 13.0
6.648106883326765, 15.0
6.648106883326765, 14.0
6.648106883326765, 14.0
7.648106883326765, 13.0
7.648106883326765, 13.0
6.648106883326765, 13.0
7.648106883326765, 13.0
6.648106883326765, 14.0
6.648106883326765, 14.0
6.648106883326765, 14.0
7.648106883326765, 13.0
6.648106883326765, 14.0
6.648106883326765, 13.0
7.648106883326765, 13.0
7.648106883326765, 15.0
7.648106883326765, 14.0
5.648106883326765, 15.0
7.648106883326765, 14.0
5.648106883326765, 13.0
7.648106883326765, 13.0
7.648106883326765, 13.0
7.648106883326765, 13.0
5.648106883326765, 13.0
4.648106883326765, 9.0
4.648106883326765, 13.0
4.648106883326765, 11.0
6.648106883326765, 17.0
5.648106883326765, 14.0
10.648106883326765, 17.0
8.648106883326765, 14.0
6.648106883326765, 12.0
6.648106883326765, 12.0
data
5.648106883326765, -18.075222663783045
6.648106883326765, -18.075222663783045
7.648106883326765, -19.075222663783045
6.648106883326765, -18.075222663783045
8.648106883326765, -18.075222663783045
6.648106883326765, -17.075222663783045
7.648106883326765, -18.075222663783045
8.648106883326765, -18.075222663783045
6.648106883326765, -18.075222663783045
6.648106883326765, -19.075222663783045
9.648106883326765, -19.075222663783045
4.648106883326765, -19.075222663783045
5.648106883326765, -18.075222663783045
10.648106883326765, -19.075222663783045
28.64810688332677, -13.075222663783045
19.64810688332677, 28.924777336216955
0.6481068833267651, -22.075222663783045
-38.35189311667324, -29.075222663783045
-0.35189311667323464, -23.075222663783045
-6.351893116673235, -25.075222663783045
0.6481068833267651, -22.075222663783045
-1.3518931166732346, -17.075222663783045
-6.351893116673235, -13.075222663783045
15.648106883326767, -13.075222663783045
49.64810688332676, -34.07522266378304
15.648106883326767, -22.075222663783045
6.648106883326765, -18.075222663783045
10.648106883326765, -16.075222663783045
5.648106883326765, -17.075222663783045
8.648106883326765, -15.075222663783045
31.648106883326765, 3.9247773362169553
16.64810688332677, -11.075222663783045
12.648106883326765, -17.075222663783045
36.64810688332676, 8.924777336216955
13.648106883326765, 26.924777336216955
29.64810688332677, 7.924777336216955
29.64810688332677, 80.92477733621695
24.64810688332677, 152.92477733621695
43.64810688332676, 173.92477733621695
73.64810688332676, 198.92477733621695
52.64810688332676, 227.92477733621695
41.64810688332676, 238.92477733621695
-0.35189311667323464, 308.92477733621695
-24.35189311667323, 310.92477733621695
-30.35189311667323, 274.92477733621695
-37.35189311667324, 185.92477733621695
22.64810688332677, 112.92477733621695
41.64810688332676, 39.92477733621696
20.64810688332677, 61.92477733621696
-12.351893116673235, 70.92477733621695
2.648106883326765, 84.92477733621695
-36.35189311667324, 54.92477733621696
-31.35189311667323, 9.924777336216955
2.648106883326765, -15.075222663783045
14.648106883326767, -35.07522266378304
-1.3518931166732346, -11.075222663783045
-5.351893116673235, -16.075222663783045
-24.35189311667323, -101.07522266378305
13.648106883326765, -197.07522266378305
3.648106883326765, -252.07522266378305
9.648106883326765, -267.07522266378305
-11.351893116673235, -228.07522266378305
-15.351893116673235, -226.07522266378305
2.648106883326765, -166.07522266378305
-37.35189311667324, -211.07522266378305
3.648106883326765, -222.07522266378305
-23.35189311667323, -188.07522266378305
2.648106883326765, -128.07522266378305
9.648106883326765, -98.07522266378305
10.648106883326765, -130.07522266378305
4.648106883326765, -118.07522266378305
-19.35189311667323, -72.07522266378305
-6.351893116673235, -30.075222663783045
-26.35189311667323, -24.075222663783045
9.648106883326765, -187.07522266378305
52.64810688332676, -255.07522266378305
10.648106883326765, -202.07522266378305
3.648106883326765, -21.075222663783045
4.648106883326765, -17.075222663783045
6.648106883326765, -16.075222663783045
5.648106883326765, -15.075222663783045
6.648106883326765, -14.075222663783045
7.648106883326765, -16.075222663783045
7.648106883326765, -17.075222663783045
7.648106883326765, -15.075222663783045
26.64810688332677, 3.9247773362169553
18.64810688332677, -8.075222663783045
-7.351893116673235, -23.075222663783045
-2.3518931166732346, -30.075222663783045
6.648106883326765, -24.075222663783045
7.648106883326765, -18.075222663783045
7.648106883326765, -15.075222663783045
6.648106883326765, -16.075222663783045
6.648106883326765, -15.075222663783045
6.648106883326765, -16.075222663783045
6.648106883326765, -18.075222663783045
6.648106883326765, -17.075222663783045
6.648106883326765, -17.075222663783045
7.648106883326765, -16.075222663783045
7.648106883326765, -16.075222663783045
6.648106883326765, -16.075222663783045
7.648106883326765, -16.075222663783045
6.648106883326765, -17.075222663783045
6.648106883326765, -17.075222663783045
6.648106883326765, -17.075222663783045
7.648106883326765, -16.075222663783045
6.648106883326765, -17.075222663783045
6.648106883326765, -16.075222663783045
7.648106883326765, -16.075222663783045
7.648106883326765, -18.075222663783045
7.648106883326765, -17.075222663783045
5.648106883326765, -18.075222663783045
7.648106883326765, -17.075222663783045
5.648106883326765, -16.075222663783045
7.648106883326765, -16.075222663783045
7.648106883326765, -16.075222663783045
7.648106883326765, -16.075222663783045
5.648106883326765, -16.075222663783045
4.648106883326765, -12.075222663783045
4.648106883326765, -16.075222663783045
4.648106883326765, -14.075222663783045
6.648106883326765, -20.075222663783045
5.648106883326765, -17.075222663783045
10.648106883326765, -20.075222663783045
8.648106883326765, -17.075222663783045
6.648106883326765, -15.075222663783045
6.648106883326765, -15.075222663783045
data
-9.0, 17.0
-10.0, 8.0
-13.0, 16.0
-12.0, 14.0
-11.0, 14.0
-10.0, 14.0
-10.0, 14.0
-11.0, 13.0
-10.0, 12.0
-12.0, 12.0
-11.0, 13.0
-10.0, 14.0
-11.0, 14.0
-4.0, 12.0
-17.0, 20.0
-7.0, 11.0
-15.0, 18.0
-11.0, 14.0
-10.0, 12.0
-11.0, 10.0
-10.0, 10.0
-11.0, 12.0
-11.0, 15.0
-11.0, 14.0
-12.0, 15.0
-11.0, 14.0
-11.0, 14.0
-11.0, 14.0
-10.0, 13.0
-10.0, 13.0
-9.0, 14.0
-10.0, 14.0
-11.0, 14.0
-11.0, 12.0
-12.0, 13.0
-11.0, 14.0
-12.0, 13.0
-11.0, 14.0
-11.0, 13.0
-11.0, 13.0
-10.0, 13.0
-11.0, 14.0
-11.0, 13.0
-12.0, 13.0
-10.0, 14.0
-11.0, 14.0
-10.0, 14.0
-10.0, 14.0
-10.0, 13.0
-11.0, 13.0
-10.0, 13.0
-9.0, 11.0
78.0, -4.0
57.0, 0.0
45.0, 17.0
82.0, 50.0
162.0, 20.0
156.0, 1.0000000000000002
196.0, -5.0
193.0, -8.0
145.0, 24.0
117.0, 22.0
44.0, 79.0
-2.0, 120.0
-26.0, 164.0
-28.0, 184.0
-3.0, 236.0
-6.0, 293.0
-40.0, 316.0
15.999999999999998, 364.0
-43.0, 381.0
-32.0, 400.0
-37.0, 396.0
-46.0, 323.0
-60.0, 314.0
-97.0, 275.0
-97.0, 244.0
-82.0, 293.0
-90.0, 313.0
-79.0, 294.0
-111.0, 254.00000000000003
-75.0, 160.0
-73.0, 88.0
-107.0, 119.0
-67.0, 177.0
-131.0, 133.0
-67.0, 96.0
-142.0, 38.0
-41.0, -52.0
-141.0, -6.0
-128.0, -133.0
-83.0, -172.0
-41.0, -275.0
-88.0, -170.0
-105.0, -119.0
-93.0, -145.0
-42.0, -159.0
7.0, -239.0
83.0, -334.0
113.0, -418.0
148.0, -528.0
122.0, -516.0
122.0, -449.0
45.0, -294.0
1.0000000000000002, -128.0
2.0, -104.0
56.0, -157.0
112.0, -232.0
104.0, -261.0
85.0, -246.0
-6.0, -71.0
2.0, -72.0
-9.0, -15.0
-7.0, 29.0
-4.0, 12.0
-7.0, 1.0000000000000002
-8.0, 7.0
-9.0, 11.0
1.0000000000000002, 7.0
0.0, -4.0
-33.0, 38.0
-21.0, 20.0
-12.0, 12.0
-12.0, 14.0
-9.0, 10.0
-11.0, 12.0
-12.0, 13.0
-11.0, 14.0
-12.0, 15.0
-12.0, 15.0
-13.0, 14.0
-12.0, 14.0
-13.0, 14.0
-11.0, 12.0
-12.0, 12.0
-13.0, 10.0
-6.0, 11.0
-18.0, 7.0
-27.0, -4.0
1.0000000000000002, 28.0
-4.0, 24.0
-9.0, 16.0
-11.0, 15.0
data
-9.0, -20.075222663783045
-10.0, -11.075222663783045
-13.0, -19.075222663783045
-12.0, -17.075222663783045
-11.0, -17.075222663783045
-10.0, -17.075222663783045
-10.0, -17.075222663783045
-11.0, -16.075222663783045
-10.0, -15.075222663783045
-12.0, -15.075222663783045
-11.0, -16.075222663783045
-10.0, -17.075222663783045
-11.0, -17.075222663783045
-4.0, -15.075222663783045
-17.0, -23.075222663783045
-7.0, -14.075222663783045
-15.0, -21.075222663783045
-11.0, -17.075222663783045
-10.0, -15.075222663783045
-11.0, -13.075222663783045
-10.0, -13.075222663783045
-11.0, -15.075222663783045
-11.0, -18.075222663783045
-11.0, -17.075222663783045
-12.0, -18.075222663783045
-11.0, -17.075222663783045
-11.0, -17.075222663783045
-11.0, -17.075222663783045
-10.0, -16.075222663783045
-10.0, -16.075222663783045
-9.0, -17.075222663783045
-10.0, -17.075222663783045
-11.0, -17.075222663783045
-11.0, -15.075222663783045
-12.0, -16.075222663783045
-11.0, -17.075222663783045
-12.0, -16.075222663783045
-11.0, -17.075222663783045
-11.0, -16.075222663783045
-11.0, -16.075222663783045
-10.0, -16.075222663783045
-11.0, -17.075222663783045
-11.0, -16.075222663783045
-12.0, -16.075222663783045
-10.0, -17.075222663783045
-11.0, -17.075222663783045
-10.0, -17.075222663783045
-10.0, -17.075222663783045
-10.0, -16.075222663783045
-11.0, -16.075222663783045
-10.0, -16.075222663783045
-9.0, -14.075222663783045
78.0, 0.9247773362169556
57.0, -3.075222663783044
45.0, -20.075222663783045
82.0, -53.07522266378304
162.0, -23.075222663783045
156.0, -4.075222663783045
196.0, 1.9247773362169556
193.0, 4.924777336216955
145.0, -27.075222663783045
117.0, -25.075222663783045
44.0, -82.07522266378305
-2.0, -123.07522266378305
-26.0, -167.07522266378305
-28.0, -187.07522266378305
-3.0, -239.07522266378305
-6.0, -296.07522266378305
-40.0, -319.07522266378305
15.999999999999998, -367.07522266378305
-43.0, -384.07522266378305
-32.0, -403.07522266378305
-37.0, -399.07522266378305
-46.0, -326.07522266378305
-60.0, -317.07522266378305
-97.0, -278.07522266378305
-97.0, -247.07522266378305
-82.0, -296.07522266378305
-90.0, -316.07522266378305
-79.0, -297.07522266378305
-111.0, -257.07522266378305
-75.0, -163.07522266378305
-73.0, -91.07522266378305
-107.0, -122.07522266378305
-67.0, -180.07522266378305
-131.0, -136.07522266378305
-67.0, -99.07522266378305
-142.0, -41.07522266378304
-41.0, 48.92477733621696
-141.0, 2.9247773362169553
-128.0, 129.92477733621695
-83.0, 168.92477733621695
-41.0, 271.92477733621695
-88.0, 166.92477733621695
-105.0, 115.92477733621695
-93.0, 141.92477733621695
-42.0, 155.92477733621695
7.0, 235.92477733621695
83.0, 330.92477733621695
113.0, 414.92477733621695
148.0, 524.924777336217
122.0, 512.924777336217
122.0, 445.92477733621695
45.0, 290.92477733621695
1.0000000000000002, 124.92477733621695
2.0, 100.92477733621695
56.0, 153.92477733621695
112.0, 228.92477733621695
104.0, 257.92477733621695
85.0, 242.92477733621695
-6.0, 67.92477733621695
2.0, 68.92477733621695
-9.0, 11.924777336216955
-7.0, -32.075222663783045
-4.0, -15.075222663783045
-7.0, -4.075222663783045
-8.0, -10.075222663783045
-9.0, -14.075222663783045
1.0000000000000002, -10.075222663783045
0.0, 0.9247773362169556
-33.0, -41.07522266378304
-21.0, -23.075222663783045
-12.0, -15.075222663783045
-12.0, -17.075222663783045
-9.0, -13.075222663783045
-11.0, -15.075222663783045
-12.0, -16.075222663783045
-11.0, -17.075222663783045
-12.0, -18.075222663783045
-12.0, -18.075222663783045
-13.0, -17.075222663783045
-12.0, -17.075222663783045
-13.0, -17.075222663783045
-11.0, -15.075222663783045
-12.0, -15.075222663783045
-13.0, -13.075222663783045
-6.0, -14.075222663783045
-18.0, -10.075222663783045
-27.0, 0.9247773362169556
1.0000000000000002, -31.075222663783045
-4.0, -27.075222663783045
-9.0, -19.075222663783045
-11.0, -18.075222663783045
data
5.648106883326765, 17.0
6.648106883326765, 8.0
9.648106883326765, 16.0
8.648106883326765, 14.0
7.648106883326765, 14.0
6.648106883326765, 14.0
6.648106883326765, 14.0
7.648106883326765, 13.0
6.648106883326765, 12.0
8.648106883326765, 12.0
7.648106883326765, 13.0
6.648106883326765, 14.0
7.648106883326765, 14.0
0.6481068833267651, 12.0
13.648106883326765, 20.0
3.648106883326765, 11.0
11.648106883326765, 18.0
7.648106883326765, 14.0
6.648106883326765, 12.0
7.648106883326765, 10.0
6.648106883326765, 10.0
7.648106883326765, 12.0
7.648106883326765, 15.0
7.648106883326765, 14.0
8.648106883326765, 15.0
7.648106883326765, 14.0
7.648106883326765, 14.0
7.648106883326765, 14.0
6.648106883326765, 13.0
6.648106883326765, 13.0
5.648106883326765, 14.0
6.648106883326765, 14.0
7.648106883326765, 14.0
7.648106883326765, 12.0
8.648106883326765, 13.0
7.648106883326765, 14.0
8.648106883326765, 13.0
7.648106883326765, 14.0
7.648106883326765, 13.0
7.648106883326765, 13.0
6.648106883326765, 13.0
7.648106883326765, 14.0
7.648106883326765, 13.0
8.648106883326765, 13.0
6.648106883326765, 14.0
7.648106883326765, 14.0
6.648106883326765, 14.0
6.648106883326765, 14.0
6.648106883326765, 13.0
7.648106883326765, 13.0
6.648106883326765, 13.0
5.648106883326765, 11.0
-81.35189311667324, -4.0
-60.35189311667324, 0.0
-48.35189311667324, 17.0
-85.35189311667324, 50.0
-165.35189311667324, 20.0
-159.35189311667324, 1.0000000000000002
-199.35189311667324, -5.0
-196.35189311667324, -8.0
-148.35189311667324, 24.0
-120.35189311667324, 22.0
-47.35189311667324, 79.0
-1.3518931166732346, 120.0
22.64810688332677, 164.0
24.64810688332677, 184.0
-0.35189311667323464, 236.0
2.648106883326765, 293.0
36.64810688332676, 316.0
-19.35189311667323, 364.0
39.64810688332676, 381.0
28.64810688332677, 400.0
33.64810688332676, 396.0
42.64810688332676, 323.0
56.64810688332676, 314.0
93.64810688332676, 275.0
93.64810688332676, 244.0
78.64810688332676, 293.0
86.64810688332676, 313.0
75.64810688332676, 294.0
107.64810688332676, 254.00000000000003
71.64810688332676, 160.0
69.64810688332676, 88.0
103.64810688332676, 119.0
63.64810688332676, 177.0
127.64810688332676, 133.0
63.64810688332676, 96.0
138.64810688332676, 38.0
37.64810688332676, -52.0
137.64810688332676, -6.0
124.64810688332676, -133.0
79.64810688332676, -172.0
37.64810688332676, -275.0
84.64810688332676, -170.0
101.64810688332676, -119.0
89.64810688332676, -145.0
38.64810688332676, -159.0
-10.351893116673235, -239.0
-86.35189311667324, -334.0
-116.35189311667324, -418.0
-151.35189311667324, -528.0
-125.35189311667324, -516.0
-125.35189311667324, -449.0
-48.35189311667324, -294.0
-4.351893116673235, -128.0
-5.351893116673235, -104.0
-59.35189311667324, -157.0
-115.35189311667324, -232.0
-107.35189311667324, -261.0
-88.35189311667324, -246.0
2.648106883326765, -71.0
-5.351893116673235, -72.0
5.648106883326765, -15.0
3.648106883326765, 29.0
0.6481068833267651, 12.0
3.648106883326765, 1.0000000000000002
4.648106883326765, 7.0
5.648106883326765, 11.0
-4.351893116673235, 7.0
-3.3518931166732346, -4.0
29.64810688332677, 38.0
17.64810688332677, 20.0
8.648106883326765, 12.0
8.648106883326765, 14.0
5.648106883326765, 10.0
7.648106883326765, 12.0
8.648106883326765, 13.0
7.648106883326765, 14.0
8.648106883326765, 15.0
8.648106883326765, 15.0
9.648106883326765, 14.0
8.648106883326765, 14.0
9.648106883326765, 14.0
7.648106883326765, 12.0
8.648106883326765, 12.0
9.648106883326765, 10.0
2.648106883326765, 11.0
14.648106883326767, 7.0
23.64810688332677, -4.0
-4.351893116673235, 28.0
0.6481068833267651, 24.0
5.648106883326765, 16.0
7.648106883326765, 15.0
data
5.648106883326765, -20.075222663783045
6.648106883326765, -11.075222663783045
9.648106883326765, -19.075222663783045
8.648106883326765, -17.075222663783045
7.648106883326765, -17.075222663783045
6.648106883326765, -17.075222663783045
6.648106883326765, -17.075222663783045
7.648106883326765, -16.075222663783045
6.648106883326765, -15.075222663783045
8.648106883326765, -15.075222663783045
7.648106883326765, -16.075222663783045
6.648106883326765, -17.075222663783045
7.648106883326765, -17.075222663783045
0.6481068833267651, -15.075222663783045
13.648106883326765, -23.075222663783045
3.648106883326765, -14.075222663783045
11.648106883326765, -21.075222663783045
7.648106883326765, -17.075222663783045
6.648106883326765, -15.075222663783045
7.648106883326765, -13.075222663783045
6.648106883326765, -13.075222663783045
7.648106883326765, -15.075222663783045
7.648106883326765, -18.075222663783045
7.648106883326765, -17.075222663783045
8.648106883326765, -18.075222663783045
7.648106883326765, -17.075222663783045
7.648106883326765, -17.075222663783045
7.648106883326765, -17.075222663783045
6.648106883326765, -16.075222663783045
6.648106883326765, -16.075222663783045
5.648106883326765, -17.075222663783045
6.648106883326765, -17.075222663783045
7.648106883326765, -17.075222663783045
7.648106883326765, -15.075222663783045
8.648106883326765, -16.075222663783045
7.648106883326765, -17.075222663783045
8.648106883326765, -16.075222663783045
7.648106883326765, -17.075222663783045
7.648106883326765, -16.075222663783045
7.648106883326765, -16.075222663783045
6.648106883326765, -16.075222663783045
7.648106883326765, -17.075222663783045
7.648106883326765, -16.075222663783045
8.648106883326765, -16.075222663783045
6.648106883326765, -17.075222663783045
7.648106883326765, -17.075222663783045
6.648106883326765, -17.075222663783045
6.648106883326765, -17.075222663783045
6.648106883326765, -16.075222663783045
7.648106883326765, -16.075222663783045
6.648106883326765, -16.075222663783045
5.648106883326765, -14.075222663783045
-81.35189311667324, 0.9247773362169556
-60.35189311667324, -3.075222663783044
-48.35189311667324, -20.075222663783045
-85.35189311667324, -53.07522266378304
-165.35189311667324, -23.075222663783045
-159.35189311667324, -4.075222663783045
-199.35189311667324, 1.9247773362169556
-196.35189311667324, 4.924777336216955
-148.35189311667324, -27.075222663783045
-120.35189311667324, -25.075222663783045
-47.35189311667324, -82.07522266378305
-1.3518931166732346, -123.07522266378305
22.64810688332677, -167.07522266378305
24.64810688332677, -187.07522266378305
-0.35189311667323464, -239.07522266378305
2.648106883326765, -296.07522266378305
36.64810688332676, -319.07522266378305
-19.35189311667323, -367.07522266378305
39.64810688332676, -384.07522266378305
28.64810688332677, -403.07522266378305
33.64810688332676, -399.07522266378305
42.64810688332676, -326.07522266378305
56.64810688332676, -317.07522266378305
93.64810688332676, -278.07522266378305
93.64810688332676, -247.07522266378305
78.64810688332676, -296.07522266378305
86.64810688332676, -316.07522266378305
75.64810688332676, -297.07522266378305
107.64810688332676, -257.07522266378305
71.64810688332676, -163.07522266378305
69.64810688332676, -91.07522266378305
103.64810688332676, -122.07522266378305
63.64810688332676, -180.07522266378305
127.64810688332676, -136.07522266378305
63.64810688332676, -99.07522266378305
138.64810688332676, -41.07522266378304
37.64810688332676, 48.92477733621696
137.64810688332676, 2.9247773362169553
124.64810688332676, 129.92477733621695
79.64810688332676, 168.92477733621695
37.64810688332676, 271.92477733621695
84.64810688332676, 166.92477733621695
101.64810688332676, 115.92477733621695
89.64810688332676, 141.92477733621695
38.64810688332676, 155.92477733621695
-10.351893116673235, 235.92477733621695
-86.35189311667324, 330.92477733621695
-116.35189311667324, 414.92477733621695
-151.35189311667324, 524.924777336217
-125.35189311667324, 512.924777336217
-125.35189311667324, 445.92477733621695
-48.35189311667324, 290.92477733621695
-4.351893116673235, 124.92477733621695
-5.351893116673235, 100.92477733621695
-59.35189311667324, 153.92477733621695
-115.35189311667324, 228.92477733621695
-107.35189311667324, 257.92477733621695
-88.35189311667324, 242.92477733621695
2.648106883326765, 67.92477733621695
-5.351893116673235, 68.92477733621695
5.648106883326765, 11.924777336216955
3.648106883326765, -32.075222663783045
0.6481068833267651, -15.075222663783045
3.648106883326765, -4.075222663783045
4.648106883326765, -10.075222663783045
5.648106883326765, -14.075222663783045
-4.351893116673235, -10.075222663783045
-3.3518931166732346, 0.9247773362169556
29.64810688332677, -41.07522266378304
17.64810688332677, -23.075222663783045
8.648106883326765, -15.075222663783045
8.648106883326765, -17.075222663783045
5.648106883326765, -13.075222663783045
7.648106883326765, -15.075222663783045
8.648106883326765, -16.075222663783045
7.648106883326765, -17.075222663783045
8.648106883326765, -18.075222663783045
8.648106883326765, -18.075222663783045
9.648106883326765, -17.075222663783045
8.648106883326765, -17.075222663783045
9.648106883326765, -17.075222663783045
7.648106883326765, -15.075222663783045
8.648106883326765, -15.075222663783045
9.648106883326765, -13.075222663783045
2.648106883326765, -14.075222663783045
14.648106883326767, -10.075222663783045
23.64810688332677, 0.9247773362169556
-4.351893116673235, -31.075222663783045
0.6481068833267651, -27.075222663783045
5.648106883326765, -19.075222663783045
7.648106883326765, -18.075222663783045
data
-10.0, 13.0
-10.0, 13.0
-13.0, 16.0
-11.0, 14.0
-14.0, 14.0
-11.0, 15.0
-10.0, 14.0
-10.0, 12.0
-18.0, 18.0
-13.0, 15.0
-22.0, 20.0
-105.0, 67.0
-440.0, 274.0
-180.0, 420.0
-157.0, 290.0
-180.0, 189.0
-252.0, 121.0
-170.0, 98.0
-112.0, 91.0
-152.0, -71.0
-134.0, -65.0
-111.0, -134.0
-50.0, -233.0
-106.0, -367.0
-158.0, -326.0
-115.0, -232.0
-97.0, -152.0
-135.0, -202.0
-62.0, -221.0
-51.0, -219.0
-48.0, -239.0
1.0000000000000002, -257.0
-6.0, -291.0
35.0, -281.0
62.0, -204.0
49.0, -112.0
51.0, -58.0
109.0, -45.0
121.0, -191.0
153.0, -220.0
111.0, -228.0
97.0, -166.0
121.0, -85.0
143.0, -53.0
147.0, -40.0
208.0, 1.0000000000000002
135.0, 62.0
132.0, -46.0
216.0, 40.0
189.0, 66.0
213.0, 126.00000000000001
192.0, 191.0
189.0, 193.0
192.0, 171.0
230.0, 107.0
232.0, 142.0
270.0, 171.0
221.0, 193.0
208.0, 266.0
200.0, 295.0
171.0, 333.0
136.0, 355.0
71.0, 401.0
31.000000000000004, 430.0
-4.0, 434.0
-39.0, 417.0
-71.0, 465.0
-101.0, 484.0
-123.0, 461.0
-140.0, 351.0
-183.0, 279.0
-183.0, 200.0
-232.0, 93.0
-231.0, -6.0
-255.0, -45.0
-280.0, -53.0
-298.0, -49.0
-307.0, -70.0
-278.0, -159.0
-233.0, -145.0
-186.0, -255.0
-131.0, -305.0
-105.0, -297.0
-112.0, -273.0
-80.0, -247.0
-99.0, -255.0
-109.0, -225.0
-100.0, -197.0
-75.0, -231.0
-53.0, -204.0
-24.0, -172.0
25.0, -190.0
32.0, -173.0
60.0, -164.0
88.0, -172.0
88.0, -191.0
88.0, -166.0
93.0, -117.0
96.0, -70.0
107.0, -108.0
82.0, -124.0
124.0, -65.0
95.0, -45.0
104.0, 0.0
90.0, 92.0
92.0, 105.0
104.0, 143.0
81.0, 128.0
79.0, 126.00000000000001
74.0, 112.0
75.0, 113.0
34.0, 125.0
24.0, 152.0
2.0, 204.0
2.0, 224.0
-1.0, 273.0
14.999999999999998, 200.0
20.0, 232.0
13.0, 214.0
24.0, 177.0
23.0, 74.0
22.0, 67.0
-7.0, 18.0
-8.0, 18.0
-3.0, 22.0
-15.0, 12.0
29.0, 45.0
27.0, 51.0
-40.0, -17.0
data
-10.0, -16.075222663783045
-10.0, -16.075222663783045
-13.0, -19.075222663783045
-11.0, -17.075222663783045
-14.0, -17.075222663783045
-11.0, -18.075222663783045
-10.0, -17.075222663783045
-10.0, -15.075222663783045
-18.0, -21.075222663783045
-13.0, -18.075222663783045
-22.0, -23.075222663783045
-105.0, -70.07522266378305
-440.0, -277.07522266378305
-180.0, -423.07522266378305
-157.0, -293.07522266378305
-180.0, -192.07522266378305
-252.0, -124.07522266378305
-170.0, -101.07522266378305
-112.0, -94.07522266378305
-152.0, 67.92477733621695
-134.0, 61.92477733621696
-111.0, 130.92477733621695
-50.0, 229.92477733621695
-106.0, 363.92477733621695
-158.0, 322.92477733621695
-115.0, 228.92477733621695
-97.0, 148.92477733621695
-135.0, 198.92477733621695
-62.0, 217.92477733621695
-51.0, 215.92477733621695
-48.0, 235.92477733621695
1.0000000000000002, 253.92477733621695
-6.0, 287.92477733621695
35.0, 277.92477733621695
62.0, 200.92477733621695
49.0, 108.92477733621695
51.0, 54.92477733621696
109.0, 41.92477733621696
121.0, 187.92477733621695
153.0, 216.92477733621695
111.0, 224.92477733621695
97.0, 162.92477733621695
121.0, 81.92477733621695
143.0, 49.92477733621696
147.0, 36.92477733621696
208.0, -4.075222663783045
135.0, -65.07522266378304
132.0, 42.92477733621696
216.0, -43.07522266378304
189.0, -69.07522266378305
213.0, -129.07522266378305
192.0, -194.07522266378305
189.0, -196.07522266378305
192.0, -174.07522266378305
230.0, -110.07522266378305
232.0, -145.07522266378305
270.0, -174.07522266378305
221.0, -196.07522266378305
208.0, -269.07522266378305
200.0, -298.07522266378305
171.0, -336.07522266378305
136.0, -358.07522266378305
71.0, -404.07522266378305
31.000000000000004, -433.07522266378305
-4.0, -437.07522266378305
-39.0, -420.07522266378305
-71.0, -468.07522266378305
-101.0, -487.07522266378305
-123.0, -464.07522266378305
-140.0, -354.07522266378305
-183.0, -282.07522266378305
-183.0, -203.07522266378305
-232.0, -96.07522266378305
-231.0, 2.9247773362169553
-255.0, 41.92477733621696
-280.0, 49.92477733621696
-298.0, 45.92477733621696
-307.0, 66.92477733621695
-278.0, 155.92477733621695
-233.0, 141.92477733621695
-186.0, 251.92477733621695
-131.0, 301.92477733621695
-105.0, 293.92477733621695
-112.0, 269.92477733621695
-80.0, 243.92477733621695
-99.0, 251.92477733621695
-109.0, 221.92477733621695
-100.0, 193.92477733621695
-75.0, 227.92477733621695
-53.0, 200.92477733621695
-24.0, 168.92477733621695
25.0, 186.92477733621695
32.0, 169.92477733621695
60.0, 160.92477733621695
88.0, 168.92477733621695
88.0, 187.92477733621695
88.0, 162.92477733621695
93.0, 113.92477733621695
96.0, 66.92477733621695
107.0, 104.92477733621695
82.0, 120.92477733621695
124.0, 61.92477733621696
95.0, 41.92477733621696
104.0, -3.075222663783044
90.0, -95.07522266378305
92.0, -108.07522266378305
104.0, -146.07522266378305
81.0, -131.07522266378305
79.0, -129.07522266378305
74.0, -115.07522266378305
75.0, -116.07522266378305
34.0, -128.07522266378305
24.0, -155.07522266378305
2.0, -207.07522266378305
2.0, -227.07522266378305
-1.0, -276.07522266378305
14.999999999999998, -203.07522266378305
20.0, -235.07522266378305
13.0, -217.07522266378305
24.0, -180.07522266378305
23.0, -77.07522266378305
22.0, -70.07522266378305
-7.0, -21.075222663783045
-8.0, -21.075222663783045
-3.0, -25.075222663783045
-15.0, -15.075222663783045
29.0, -48.07522266378304
27.0, -54.07522266378304
-40.0, 13.924777336216955
data
6.648106883326765, 13.0
6.648106883326765, 13.0
9.648106883326765, 16.0
7.648106883326765, 14.0
10.648106883326765, 14.0
7.648106883326765, 15.0
6.648106883326765, 14.0
6.648106883326765, 12.0
14.648106883326767, 18.0
9.648106883326765, 15.0
18.64810688332677, 20.0
101.64810688332676, 67.0
436.6481068833268, 274.0
176.64810688332676, 420.0
153.64810688332676, 290.0
176.64810688332676, 189.0
248.64810688332676, 121.0
166.64810688332676, 98.0
108.64810688332676, 91.0
148.64810688332676, -71.0
130.64810688332676, -65.0
107.64810688332676, -134.0
46.64810688332676, -233.0
102.64810688332676, -367.0
154.64810688332676, -326.0
111.64810688332676, -232.0
93.64810688332676, -152.0
131.64810688332676, -202.0
58.64810688332676, -221.0
47.64810688332676, -219.0
44.64810688332676, -239.0
-4.351893116673235, -257.0
2.648106883326765, -291.0
-38.35189311667324, -281.0
-65.35189311667324, -204.0
-52.35189311667324, -112.0
-54.35189311667324, -58.0
-112.35189311667324, -45.0
-124.35189311667324, -191.0
-156.35189311667324, -220.0
-114.35189311667324, -228.0
-100.35189311667324, -166.0
-124.35189311667324, -85.0
-146.35189311667324, -53.0
-150.35189311667324, -40.0
-211.35189311667324, 1.0000000000000002
-138.35189311667324, 62.0
-135.35189311667324, -46.0
-219.35189311667324, 40.0
-192.35189311667324, 66.0
-216.35189311667324, 126.00000000000001
-195.35189311667324, 191.0
-192.35189311667324, 193.0
-195.35189311667324, 171.0
-233.35189311667324, 107.0
-235.35189311667324, 142.0
-273.3518931166732, 171.0
-224.35189311667324, 193.0
-211.35189311667324, 266.0
-203.35189311667324, 295.0
-174.35189311667324, 333.0
-139.35189311667324, 355.0
-74.35189311667324, 401.0
-34.35189311667324, 430.0
0.6481068833267651, 434.0
35.64810688332676, 417.0
67.64810688332676, 465.0
97.64810688332676, 484.0
119.64810688332676, 461.0
136.64810688332676, 351.0
179.64810688332676, 279.0
179.64810688332676, 200.0
228.64810688332676, 93.0
227.64810688332676, -6.0
251.64810688332676, -45.0
276.6481068833268, -53.0
294.6481068833268, -49.0
303.6481068833268, -70.0
274.6481068833268, -159.0
229.64810688332676, -145.0
182.64810688332676, -255.0
127.64810688332676, -305.0
101.64810688332676, -297.0
108.64810688332676, -273.0
76.64810688332676, -247.0
95.64810688332676, -255.0
105.64810688332676, -225.0
96.64810688332676, -197.0
71.64810688332676, -231.0
49.64810688332676, -204.0
20.64810688332677, -172.0
-28.35189311667323, -190.0
-35.35189311667324, -173.0
-63.35189311667324, -164.0
-91.35189311667324, -172.0
-91.35189311667324, -191.0
-91.35189311667324, -166.0
-96.35189311667324, -117.0
-99.35189311667324, -70.0
-110.35189311667324, -108.0
-85.35189311667324, -124.0
-127.35189311667324, -65.0
-98.35189311667324, -45.0
-107.35189311667324, 0.0
-93.35189311667324, 92.0
-95.35189311667324, 105.0
-107.35189311667324, 143.0
-84.35189311667324, 128.0
-82.35189311667324, 126.00000000000001
-77.35189311667324, 112.0
-78.35189311667324, 113.0
-37.35189311667324, 125.0
-27.35189311667323, 152.0
-5.351893116673235, 204.0
-5.351893116673235, 224.0
-2.3518931166732346, 273.0
-18.35189311667323, 200.0
-23.35189311667323, 232.0
-16.351893116673235, 214.0
-27.35189311667323, 177.0
-26.35189311667323, 74.0
-25.35189311667323, 67.0
3.648106883326765, 18.0
4.648106883326765, 18.0
-0.35189311667323464, 22.0
11.648106883326765, 12.0
-32.35189311667323, 45.0
-30.35189311667323, 51.0
36.64810688332676, -17.0
data
6.648106883326765, -16.075222663783045
6.648106883326765, -16.075222663783045
9.648106883326765, -19.075222663783045
7.648106883326765, -17.075222663783045
10.648106883326765, -17.075222663783045
7.648106883326765, -18.075222663783045
6.648106883326765, -17.075222663783045
6.648106883326765, -15.075222663783045
14.648106883326767, -21.075222663783045
9.648106883326765, -18.075222663783045
18.64810688332677, -23.075222663783045
101.64810688332676, -70.07522266378305
436.6481068833268, -277.07522266378305
176.64810688332676, -423.07522266378305
153.64810688332676, -293.07522266378305
176.64810688332676, -192.07522266378305
248.64810688332676, -124.07522266378305
166.64810688332676, -101.07522266378305
108.64810688332676, -94.07522266378305
148.64810688332676, 67.92477733621695
130.64810688332676, 61.92477733621696
107.64810688332676, 130.92477733621695
46.64810688332676, 229.92477733621695
102.64810688332676, 363.92477733621695
154.64810688332676, 322.92477733621695
111.64810688332676, 228.92477733621695
93.64810688332676, 148.92477733621695
131.64810688332676, 198.92477733621695
58.64810688332676, 217.92477733621695
47.64810688332676, 215.92477733621695
44.64810688332676, 235.92477733621695
-4.351893116673235, 253.92477733621695
2.648106883326765, 287.92477733621695
-38.35189311667324, 277.92477733621695
-65.35189311667324, 200.92477733621695
-52.35189311667324, 108.92477733621695
-54.35189311667324, 54.92477733621696
-112.35189311667324, 41.92477733621696
-124.35189311667324, 187.92477733621695
-156.35189311667324, 216.92477733621695
-114.35189311667324, 224.92477733621695
-100.35189311667324, 162.92477733621695
-124.35189311667324, 81.92477733621695
-146.35189311667324, 49.92477733621696
-150.35189311667324, 36.92477733621696
-211.35189311667324, -4.075222663783045
-138.35189311667324, -65.07522266378304
-135.35189311667324, 42.92477733621696
-219.35189311667324, -43.07522266378304
-192.35189311667324, -69.07522266378305
-216.35189311667324, -129.07522266378305
-195.35189311667324, -194.07522266378305
-192.35189311667324, -196.07522266378305
-195.35189311667324, -174.07522266378305
-233.35189311667324, -110.07522266378305
-235.35189311667324, -145.07522266378305
-273.3518931166732, -174.07522266378305
-224.35189311667324, -196.07522266378305
-211.35189311667324, -269.07522266378305
-203.35189311667324, -298.07522266378305
-174.35189311667324, -336.07522266378305
-139.35189311667324, -358.07522266378305
-74.35189311667324, -404.07522266378305
-34.35189311667324, -433.07522266378305
0.6481068833267651, -437.07522266378305
35.64810688332676, -420.07522266378305
67.64810688332676, -468.07522266378305
97.64810688332676, -487.07522266378305
119.64810688332676, -464.07522266378305
136.64810688332676, -354.07522266378305
179.64810688332676, -282.07522266378305
179.64810688332676, -203.07522266378305
228.64810688332676, -96.07522266378305
227.64810688332676, 2.9247773362169553
251.64810688332676, 41.92477733621696
276.6481068833268, 49.92477733621696
294.6481068833268, 45.92477733621696
303.6481068833268, 66.92477733621695
274.6481068833268, 155.92477733621695
229.64810688332676, 141.92477733621695
182.64810688332676, 251.92477733621695
127.64810688332676, 301.92477733621695
101.64810688332676, 293.92477733621695
108.64810688332676, 269.92477733621695
76.64810688332676, 243.92477733621695
95.64810688332676, 251.92477733621695
105.64810688332676, 221.92477733621695
96.64810688332676, 193.92477733621695
71.64810688332676, 227.92477733621695
49.64810688332676, 200.92477733621695
20.64810688332677, 168.92477733621695
-28.35189311667323, 186.92477733621695
-35.35189311667324, 169.92477733621695
-63.35189311667324, 160.92477733621695
-91.35189311667324, 168.92477733621695
-91.35189311667324, 187.92477733621695
-91.35189311667324, 162.92477733621695
-96.35189311667324, 113.92477733621695
-99.35189311667324, 66.92477733621695
-110.35189311667324, 104.92477733621695
-85.35189311667324, 120.92477733621695
-127.35189311667324, 61.92477733621696
-98.35189311667324, 41.92477733621696
-107.35189311667324, -3.075222663783044
-93.35189311667324, -95.07522266378305
-95.35189311667324, -108.07522266378305
-107.35189311667324, -146.07522266378305
-84.35189311667324, -131.07522266378305
-82.35189311667324, -129.07522266378305
-77.35189311667324, -115.07522266378305
-78.35189311667324, -116.07522266378305
-37.35189311667324, -128.07522266378305
-27.35189311667323, -155.07522266378305
-5.351893116673235, -207.07522266378305
-5.351893116673235, -227.07522266378305
-2.3518931166732346, -276.07522266378305
-18.35189311667323, -203.07522266378305
-23.35189311667323, -235.07522266378305
-16.351893116673235, -217.07522266378305
-27.35189311667323, -180.07522266378305
-26.35189311667323, -77.07522266378305
-25.35189311667323, -70.07522266378305
3.648106883326765, -21.075222663783045
4.648106883326765, -21.075222663783045
-0.35189311667323464, -25.075222663783045
11.648106883326765, -15.075222663783045
-32.35189311667323, -48.07522266378304
-30.35189311667323, -54.07522266378304
36.64810688332676, 13.924777336216955
data
-8.0, 15.0
-9.0, 16.0
-12.0, 16.0
-9.0, 17.0
-8.0, 15.0
-9.0, 16.0
-9.0, 18.0
-9.0, 16.0
-9.0, 17.0
-7.0, 15.0
-8.0, 15.0
-8.0, 15.0
-12.0, 15.0
-4.0, 19.0
-2.0, 16.0
123.0, -12.0
141.0, 41.0
178.0, 29.0
174.0, 61.0
148.0, 51.0
144.0, 37.0
108.0, 11.0
97.0, 24.0
120.0, 17.0
99.0, 8.0
99.0, 8.0
102.0, -10.0
84.0, -18.0
90.0, -3.0
81.0, -4.0
69.0, -39.0
96.0, -53.0
83.0, -41.0
64.0, 3.0
50.0, 27.0
67.0, -6.0
63.0, -32.0
38.0, -73.0
-18.0, -63.0
-19.0, -32.0
-83.0, -21.0
-89.0, 10.0
-101.0, 37.0
-54.0, 59.0
-48.0, 67.0
-41.0, 54.0
-113.0, 27.0
-121.0, 5.0
-147.0, 5.0
-154.0, 28.0
-171.0, 30.999999999999996
-174.0, 22.0
-146.0, 5.0
-138.0, 25.0
-169.0, 38.0
-130.0, 60.0
-134.0, 40.0
-144.0, 27.0
-155.0, 16.0
-164.0, 9.0
-150.0, -3.0
-189.0, 30.999999999999996
-188.0, 117.0
-50.0, 35.0
-13.0, 15.0
-9.0, 16.0
-11.0, 15.0
-7.0, 13.0
-11.0, 16.0
-11.0, 17.0
-10.0, 16.0
-10.0, 14.0
-14.0, 17.0
-13.0, 16.0
-4.0, 15.0
-11.0, 16.0
-9.0, 15.0
data
-8.0, -18.075222663783045
-9.0, -19.075222663783045
-12.0, -19.075222663783045
-9.0, -20.075222663783045
-8.0, -18.075222663783045
-9.0, -19.075222663783045
-9.0, -21.075222663783045
-9.0, -19.075222663783045
-9.0, -20.075222663783045
-7.0, -18.075222663783045
-8.0, -18.075222663783045
-8.0, -18.075222663783045
-12.0, -18.075222663783045
-4.0, -22.075222663783045
-2.0, -19.075222663783045
123.0, 8.924777336216955
141.0, -44.07522266378304
178.0, -32.075222663783045
174.0, -64.07522266378304
148.0, -54.07522266378304
144.0, -40.07522266378304
108.0, -14.075222663783045
97.0, -27.075222663783045
120.0, -20.075222663783045
99.0, -11.075222663783045
99.0, -11.075222663783045
102.0, 6.924777336216955
84.0, 14.924777336216955
90.0, -0.07522266378304421
81.0, 0.9247773362169556
69.0, 35.92477733621696
96.0, 49.92477733621696
83.0, 37.92477733621696
64.0, -6.075222663783045
50.0, -30.075222663783045
67.0, 2.9247773362169553
63.0, 28.924777336216955
38.0, 69.92477733621695
-18.0, 59.92477733621696
-19.0, 28.924777336216955
-83.0, 17.924777336216955
-89.0, -13.075222663783045
-101.0, -40.07522266378304
-54.0, -62.07522266378304
-48.0, -70.07522266378305
-41.0, -57.07522266378304
-113.0, -30.075222663783045
-121.0, -8.075222663783045
-147.0, -8.075222663783045
-154.0, -31.075222663783045
-171.0, -34.07522266378304
-174.0, -25.075222663783045
-146.0, -8.075222663783045
-138.0, -28.075222663783045
-169.0, -41.07522266378304
-130.0, -63.07522266378304
-134.0, -43.07522266378304
-144.0, -30.075222663783045
-155.0, -19.075222663783045
-164.0, -12.075222663783045
-150.0, -0.07522266378304421
-189.0, -34.07522266378304
-188.0, -120.07522266378305
-50.0, -38.07522266378304
-13.0, -18.075222663783045
-9.0, -19.075222663783045
-11.0, -18.075222663783045
-7.0, -16.075222663783045
-11.0, -19.075222663783045
-11.0, -20.075222663783045
-10.0, -19.075222663783045
-10.0, -17.075222663783045
-14.0, -20.075222663783045
-13.0, -19.075222663783045
-4.0, -18.075222663783045
-11.0, -19.075222663783045
-9.0, -18.075222663783045
data
4.648106883326765, 15.0
5.648106883326765, 16.0
8.648106883326765, 16.0
5.648106883326765, 17.0
4.648106883326765, 15.0
5.648106883326765, 16.0
5.648106883326765, 18.0
5.648106883326765, 16.0
5.648106883326765, 17.0
3.648106883326765, 15.0
4.648106883326765, 15.0
4.648106883326765, 15.0
8.648106883326765, 15.0
0.6481068833267651, 19.0
-1.3518931166732346, 16.0
-126.35189311667324, -12.0
-144.35189311667324, 41.0
-181.35189311667324, 29.0
-177.35189311667324, 61.0
-151.35189311667324, 51.0
-147.35189311667324, 37.0
-111.35189311667324, 11.0
-100.35189311667324, 24.0
-123.35189311667324, 17.0
-102.35189311667324, 8.0
-102.35189311667324, 8.0
-105.35189311667324, -10.0
-87.35189311667324, -18.0
-93.35189311667324, -3.0
-84.35189311667324, -4.0
-72.35189311667324, -39.0
-99.35189311667324, -53.0
-86.35189311667324, -41.0
-67.35189311667324, 3.0
-53.35189311667324, 27.0
-70.35189311667324, -6.0
-66.35189311667324, -32.0
-41.35189311667324, -73.0
14.648106883326767, -63.0
15.648106883326767, -32.0
79.64810688332676, -21.0
85.64810688332676, 10.0
97.64810688332676, 37.0
50.64810688332676, 59.0
44.64810688332676, 67.0
37.64810688332676, 54.0
109.64810688332676, 27.0
117.64810688332676, 5.0
143.64810688332676, 5.0
150.64810688332676, 28.0
167.64810688332676, 30.999999999999996
170.64810688332676, 22.0
142.64810688332676, 5.0
134.64810688332676, 25.0
165.64810688332676, 38.0
126.64810688332676, 60.0
130.64810688332676, 40.0
140.64810688332676, 27.0
151.64810688332676, 16.0
160.64810688332676, 9.0
146.64810688332676, -3.0
185.64810688332676, 30.999999999999996
184.64810688332676, 117.0
46.64810688332676, 35.0
9.648106883326765, 15.0
5.648106883326765, 16.0
7.648106883326765, 15.0
3.648106883326765, 13.0
7.648106883326765, 16.0
7.648106883326765, 17.0
6.648106883326765, 16.0
6.648106883326765, 14.0
10.648106883326765, 17.0
9.648106883326765, 16.0
0.6481068833267651, 15.0
7.648106883326765, 16.0
5.648106883326765, 15.0
data
4.648106883326765, -18.075222663783045
5.648106883326765, -19.075222663783045
8.648106883326765, -19.075222663783045
5.648106883326765, -20.075222663783045
4.648106883326765, -18.075222663783045
5.648106883326765, -19.075222663783045
5.648106883326765, -21.075222663783045
5.648106883326765, -19.075222663783045
5.648106883326765, -20.075222663783045
3.648106883326765, -18.075222663783045
4.648106883326765, -18.075222663783045
4.648106883326765, -18.075222663783045
8.648106883326765, -18.075222663783045
0.6481068833267651, -22.075222663783045
-1.3518931166732346, -19.075222663783045
-126.35189311667324, 8.924777336216955
-144.35189311667324, -44.07522266378304
-181.35189311667324, -32.075222663783045
-177.35189311667324, -64.07522266378304
-151.35189311667324, -54.07522266378304
-147.35189311667324, -40.07522266378304
-111.35189311667324, -14.075222663783045
-100.35189311667324, -27.075222663783045
-123.35189311667324, -20.075222663783045
-102.35189311667324, -11.075222663783045
-102.35189311667324, -11.075222663783045
-105.35189311667324, 6.924777336216955
-87.35189311667324, 14.924777336216955
-93.35189311667324, -0.07522266378304421
-84.35189311667324, 0.9247773362169556
-72.35189311667324, 35.92477733621696
-99.35189311667324, 49.92477733621696
-86.35189311667324, 37.92477733621696
-67.35189311667324, -6.075222663783045
-53.35189311667324, -30.075222663783045
-70.35189311667324, 2.9247773362169553
-66.35189311667324, 28.924777336216955
-41.35189311667324, 69.92477733621695
14.648106883326767, 59.92477733621696
15.648106883326767, 28.924777336216955
79.64810688332676, 17.924777336216955
85.64810688332676, -13.075222663783045
97.64810688332676, -40.07522266378304
50.64810688332676, -62.07522266378304
44.64810688332676, -70.07522266378305
37.64810688332676, -57.07522266378304
109.64810688332676, -30.075222663783045
117.64810688332676, -8.075222663783045
143.64810688332676, -8.075222663783045
150.64810688332676, -31.075222663783045
167.64810688332676, -34.07522266378304
170.64810688332676, -25.075222663783045
142.64810688332676, -8.075222663783045
134.64810688332676, -28.075222663783045
165.64810688332676, -41.07522266378304
126.64810688332676, -63.07522266378304
130.64810688332676, -43.07522266378304
140.64810688332676, -30.075222663783045
151.64810688332676, -19.075222663783045
160.64810688332676, -12.075222663783045
146.64810688332676, -0.07522266378304421
185.64810688332676, -34.07522266378304
184.64810688332676, -120.07522266378305
46.64810688332676, -38.07522266378304
9.648106883326765, -18.075222663783045
5.648106883326765, -19.075222663783045
7.648106883326765, -18.075222663783045
3.648106883326765, -16.075222663783045
7.648106883326765, -19.075222663783045
7.648106883326765, -20.075222663783045
6.648106883326765, -19.075222663783045
6.648106883326765, -17.075222663783045
10.648106883326765, -20.075222663783045
9.648106883326765, -19.075222663783045
0.6481068833267651, -18.075222663783045
7.648106883326765, -19.075222663783045
5.648106883326765, -18.075222663783045
data
-9.0, 14.0
-9.0, 15.0
-15.0, 15.0
-9.0, 17.0
-10.0, 16.0
-11.0, 15.0
-9.0, 20.0
-16.0, 10.0
-10.0, 17.0
-8.0, 15.0
-11.0, -105.0
131.0, -249.0
252.0, -379.0
186.0, -247.0
254.99999999999997, -45.0
230.0, 44.0
73.0, 75.0
120.0, 134.0
181.0, 106.0
152.0, 143.0
-45.0, 297.0
-54.0, 335.0
-90.0, 380.0
-148.0, 407.0
-180.0, 423.0
-194.0, 422.0
-170.0, 394.0
-186.0, 351.0
-242.0, 294.0
-244.0, 255.0
-296.0, 119.0
-266.0, 100.0
-280.0, 67.0
-260.0, 42.0
-238.0, -71.0
-198.0, -130.0
-169.0, -221.0
-107.0, -242.0
-95.0, -257.0
-125.0, -246.0
-116.0, -212.0
-57.0, -262.0
-59.0, -295.0
-11.0, -312.0
-28.0, -340.0
27.0, -363.0
-9.0, -320.0
-45.0, -288.0
41.0, -235.0
45.0, -228.0
33.0, -251.0
37.0, -316.0
71.0, -294.0
130.0, -231.0
150.0, -194.0
213.0, -171.0
257.0, -132.0
254.99999999999997, -81.0
242.0, -27.0
240.0, 0.0
224.0, 15.0
237.0, 31.999999999999996
213.0, 85.0
239.0, 139.0
241.0, 196.0
223.0, 235.0
199.0, 283.0
190.0, 220.0
206.0, 231.0
101.0, 296.0
58.0, 354.0
-29.0, 470.0
-34.0, 410.0
-39.0, 387.0
-61.0, 376.0
-12.0, 398.0
-90.0, 388.0
-162.0, 350.0
-179.0, 306.0
-221.0, 255.0
-242.0, 225.0
-225.0, 169.0
-234.0, -75.0
-254.0, -117.0
-264.0, -135.0
-250.0, -151.0
-225.0, -162.0
-192.0, -154.0
-131.0, -185.0
-102.0, -211.0
-82.0, -242.0
-59.0, -290.0
-102.0, -259.0
-79.0, -256.0
-84.0, -243.0
-90.0, -250.0
-67.0, -245.0
-50.0, -211.0
-32.0, -171.0
-7.0, -139.0
35.0, -129.0
44.0, -119.0
82.0, -101.0
69.0, -70.0
75.0, -85.0
47.0, -76.0
52.0, -19.0
51.0, -17.0
67.0, -20.0
51.0, 13.0
85.0, 60.0
96.0, 61.0
96.0, 126.00000000000001
56.0, 141.0
14.0, 147.0
131.0, 63.00000000000001
34.0, 127.0
60.0, 148.0
91.0, 137.0
46.0, 129.0
77.0, 123.0
58.0, 166.0
17.0, 154.0
15.999999999999998, 112.0
46.0, 136.0
39.0, 170.0
10.0, 193.0
40.0, 161.0
50.0, 141.0
85.0, 139.0
34.0, 44.0
-7.0, 15.0
-9.0, 14.0
-10.0, 13.0
-9.0, 13.0
-10.0, 15.0
-7.0, 14.0
-7.0, 14.0
-9.0, 15.0
-11.0, 15.0
-11.0, 13.0
-11.0, 13.0
-10.0, 14.0
data
-9.0, -17.075222663783045
-9.0, -18.075222663783045
-15.0, -18.075222663783045
-9.0, -20.075222663783045
-10.0, -19.075222663783045
-11.0, -18.075222663783045
-9.0, -23.075222663783045
-16.0, -13.075222663783045
-10.0, -20.075222663783045
-8.0, -18.075222663783045
-11.0, 101.92477733621695
131.0, 245.92477733621695
252.0, 375.92477733621695
186.0, 243.92477733621695
254.99999999999997, 41.92477733621696
230.0, -47.07522266378304
73.0, -78.07522266378305
120.0, -137.07522266378305
181.0, -109.07522266378305
152.0, -146.07522266378305
-45.0, -300.07522266378305
-54.0, -338.07522266378305
-90.0, -383.07522266378305
-148.0, -410.07522266378305
-180.0, -426.07522266378305
-194.0, -425.07522266378305
-170.0, -397.07522266378305
-186.0, -354.07522266378305
-242.0, -297.07522266378305
-244.0, -258.07522266378305
-296.0, -122.07522266378305
-266.0, -103.07522266378305
-280.0, -70.07522266378305
-260.0, -45.07522266378304
-238.0, 67.92477733621695
-198.0, 126.92477733621695
-169.0, 217.92477733621695
-107.0, 238.92477733621695
-95.0, 253.92477733621695
-125.0, 242.92477733621695
-116.0, 208.92477733621695
-57.0, 258.92477733621695
-59.0, 291.92477733621695
-11.0, 308.92477733621695
-28.0, 336.92477733621695
27.0, 359.92477733621695
-9.0, 316.92477733621695
-45.0, 284.92477733621695
41.0, 231.92477733621695
45.0, 224.92477733621695
33.0, 247.92477733621695
37.0, 312.92477733621695
71.0, 290.92477733621695
130.0, 227.92477733621695
150.0, 190.92477733621695
213.0, 167.92477733621695
257.0, 128.92477733621695
254.99999999999997, 77.92477733621695
242.0, 23.924777336216955
240.0, -3.075222663783044
224.0, -18.075222663783045
237.0, -35.07522266378304
213.0, -88.07522266378305
239.0, -142.07522266378305
241.0, -199.07522266378305
223.0, -238.07522266378305
199.0, -286.07522266378305
190.0, -223.07522266378305
206.0, -234.07522266378305
101.0, -299.07522266378305
58.0, -357.07522266378305
-29.0, -473.07522266378305
-34.0, -413.07522266378305
-39.0, -390.07522266378305
-61.0, -379.07522266378305
-12.0, -401.07522266378305
-90.0, -391.07522266378305
-162.0, -353.07522266378305
-179.0, -309.07522266378305
-221.0, -258.07522266378305
-242.0, -228.07522266378305
-225.0, -172.07522266378305
-234.0, 71.92477733621695
-254.0, 113.92477733621695
-264.0, 131.92477733621695
-250.0, 147.92477733621695
-225.0, 158.92477733621695
-192.0, 150.92477733621695
-131.0, 181.92477733621695
-102.0, 207.92477733621695
-82.0, 238.92477733621695
-59.0, 286.92477733621695
-102.0, 255.92477733621695
-79.0, 252.92477733621695
-84.0, 239.92477733621695
-90.0, 246.92477733621695
-67.0, 241.92477733621695
-50.0, 207.92477733621695
-32.0, 167.92477733621695
-7.0, 135.92477733621695
35.0, 125.92477733621696
44.0, 115.92477733621695
82.0, 97.92477733621695
69.0, 66.92477733621695
75.0, 81.92477733621695
47.0, 72.92477733621695
52.0, 15.924777336216955
51.0, 13.924777336216955
67.0, 16.924777336216955
51.0, -16.075222663783045
85.0, -63.07522266378304
96.0, -64.07522266378304
96.0, -129.07522266378305
56.0, -144.07522266378305
14.0, -150.07522266378305
131.0, -66.07522266378305
34.0, -130.07522266378305
60.0, -151.07522266378305
91.0, -140.07522266378305
46.0, -132.07522266378305
77.0, -126.07522266378305
58.0, -169.07522266378305
17.0, -157.07522266378305
15.999999999999998, -115.07522266378305
46.0, -139.07522266378305
39.0, -173.07522266378305
10.0, -196.07522266378305
40.0, -164.07522266378305
50.0, -144.07522266378305
85.0, -142.07522266378305
34.0, -47.07522266378304
-7.0, -18.075222663783045
-9.0, -17.075222663783045
-10.0, -16.075222663783045
-9.0, -16.075222663783045
-10.0, -18.075222663783045
-7.0, -17.075222663783045
-7.0, -17.075222663783045
-9.0, -18.075222663783045
-11.0, -18.075222663783045
-11.0, -16.075222663783045
-11.0, -16.075222663783045
-10.0, -17.075222663783045
data
5.648106883326765, 14.0
5.648106883326765, 15.0
11.648106883326765, 15.0
5.648106883326765, 17.0
6.648106883326765, 16.0
7.648106883326765, 15.0
5.648106883326765, 20.0
12.648106883326765, 10.0
6.648106883326765, 17.0
4.648106883326765, 15.0
7.648106883326765, -105.0
-134.35189311667324, -249.0
-255.35189311667324, -379.0
-189.35189311667324, -247.0
-258.3518931166732, -45.0
-233.35189311667324, 44.0
-76.35189311667324, 75.0
-123.35189311667324, 134.0
-184.35189311667324, 106.0
-155.35189311667324, 143.0
41.64810688332676, 297.0
50.64810688332676, 335.0
86.64810688332676, 380.0
144.64810688332676, 407.0
176.64810688332676, 423.0
190.64810688332676, 422.0
166.64810688332676, 394.0
182.64810688332676, 351.0
238.64810688332676, 294.0
240.64810688332676, 255.0
292.6481068833268, 119.0
262.6481068833268, 100.0
276.6481068833268, 67.0
256.6481068833268, 42.0
234.64810688332676, -71.0
194.64810688332676, -130.0
165.64810688332676, -221.0
103.64810688332676, -242.0
91.64810688332676, -257.0
121.64810688332676, -246.0
112.64810688332676, -212.0
53.64810688332676, -262.0
55.64810688332676, -295.0
7.648106883326765, -312.0
24.64810688332677, -340.0
-30.35189311667323, -363.0
5.648106883326765, -320.0
41.64810688332676, -288.0
-44.35189311667324, -235.0
-48.35189311667324, -228.0
-36.35189311667324, -251.0
-40.35189311667324, -316.0
-74.35189311667324, -294.0
-133.35189311667324, -231.0
-153.35189311667324, -194.0
-216.35189311667324, -171.0
-260.3518931166732, -132.0
-258.3518931166732, -81.0
-245.35189311667324, -27.0
-243.35189311667324, 0.0
-227.35189311667324, 15.0
-240.35189311667324, 31.999999999999996
-216.35189311667324, 85.0
-242.35189311667324, 139.0
-244.35189311667324, 196.0
-226.35189311667324, 235.0
-202.35189311667324, 283.0
-193.35189311667324, 220.0
-209.35189311667324, 231.0
-104.35189311667324, 296.0
-61.35189311667324, 354.0
25.64810688332677, 470.0
30.648106883326765, 410.0
35.64810688332676, 387.0
57.64810688332676, 376.0
8.648106883326765, 398.0
86.64810688332676, 388.0
158.64810688332676, 350.0
175.64810688332676, 306.0
217.64810688332676, 255.0
238.64810688332676, 225.0
221.64810688332676, 169.0
230.64810688332676, -75.0
250.64810688332676, -117.0
260.6481068833268, -135.0
246.64810688332676, -151.0
221.64810688332676, -162.0
188.64810688332676, -154.0
127.64810688332676, -185.0
98.64810688332676, -211.0
78.64810688332676, -242.0
55.64810688332676, -290.0
98.64810688332676, -259.0
75.64810688332676, -256.0
80.64810688332676, -243.0
86.64810688332676, -250.0
63.64810688332676, -245.0
46.64810688332676, -211.0
28.64810688332677, -171.0
3.648106883326765, -139.0
-38.35189311667324, -129.0
-47.35189311667324, -119.0
-85.35189311667324, -101.0
-72.35189311667324, -70.0
-78.35189311667324, -85.0
-50.35189311667324, -76.0
-55.35189311667324, -19.0
-54.35189311667324, -17.0
-70.35189311667324, -20.0
-54.35189311667324, 13.0
-88.35189311667324, 60.0
-99.35189311667324, 61.0
-99.35189311667324, 126.00000000000001
-59.35189311667324, 141.0
-17.351893116673235, 147.0
-134.35189311667324, 63.00000000000001
-37.35189311667324, 127.0
-63.35189311667324, 148.0
-94.35189311667324, 137.0
-49.35189311667324, 129.0
-80.35189311667324, 123.0
-61.35189311667324, 166.0
-20.35189311667323, 154.0
-19.35189311667323, 112.0
-49.35189311667324, 136.0
-42.35189311667324, 170.0
-13.351893116673235, 193.0
-43.35189311667324, 161.0
-53.35189311667324, 141.0
-88.35189311667324, 139.0
-37.35189311667324, 44.0
3.648106883326765, 15.0
5.648106883326765, 14.0
6.648106883326765, 13.0
5.648106883326765, 13.0
6.648106883326765, 15.0
3.648106883326765, 14.0
3.648106883326765, 14.0
5.648106883326765, 15.0
7.648106883326765, 15.0
7.648106883326765, 13.0
7.648106883326765, 13.0
6.648106883326765, 14.0
data
5.648106883326765, -17.075222663783045
5.648106883326765, -18.075222663783045
11.648106883326765, -18.075222663783045
5.648106883326765, -20.075222663783045
6.648106883326765, -19.075222663783045
7.648106883326765, -18.075222663783045
5.648106883326765, -23.075222663783045
12.648106883326765, -13.075222663783045
6.648106883326765, -20.075222663783045
4.648106883326765, -18.075222663783045
7.648106883326765, 101.92477733621695
-134.35189311667324, 245.92477733621695
-255.35189311667324, 375.92477733621695
-189.35189311667324, 243.92477733621695
-258.3518931166732, 41.92477733621696
-233.35189311667324, -47.07522266378304
-76.35189311667324, -78.07522266378305
-123.35189311667324, -137.07522266378305
-184.35189311667324, -109.07522266378305
-155.35189311667324, -146.07522266378305
41.64810688332676, -300.07522266378305
50.64810688332676, -338.07522266378305
86.64810688332676, -383.07522266378305
144.64810688332676, -410.07522266378305
176.64810688332676, -426.07522266378305
190.64810688332676, -425.07522266378305
166.64810688332676, -397.07522266378305
182.64810688332676, -354.07522266378305
238.64810688332676, -297.07522266378305
240.64810688332676, -258.07522266378305
292.6481068833268, -122.07522266378305
262.6481068833268, -103.07522266378305
276.6481068833268, -70.07522266378305
256.6481068833268, -45.07522266378304
234.64810688332676, 67.92477733621695
194.64810688332676, 126.92477733621695
165.64810688332676, 217.92477733621695
103.64810688332676, 238.92477733621695
91.64810688332676, 253.92477733621695
121.64810688332676, 242.92477733621695
112.64810688332676, 208.92477733621695
53.64810688332676, 258.92477733621695
55.64810688332676, 291.92477733621695
7.648106883326765, 308.92477733621695
24.64810688332677, 336.92477733621695
-30.35189311667323, 359.92477733621695
5.648106883326765, 316.92477733621695
41.64810688332676, 284.92477733621695
-44.35189311667324, 231.92477733621695
-48.35189311667324, 224.92477733621695
-36.35189311667324, 247.92477733621695
-40.35189311667324, 312.92477733621695
-74.35189311667324, 290.92477733621695
-133.35189311667324, 227.92477733621695
-153.35189311667324, 190.92477733621695
-216.35189311667324, 167.92477733621695
-260.3518931166732, 128.92477733621695
-258.3518931166732, 77.92477733621695
-245.35189311667324, 23.924777336216955
-243.35189311667324, -3.075222663783044
-227.35189311667324, -18.075222663783045
-240.35189311667324, -35.07522266378304
-216.35189311667324, -88.07522266378305
-242.35189311667324, -142.07522266378305
-244.35189311667324, -199.07522266378305
-226.35189311667324, -238.07522266378305
-202.35189311667324, -286.07522266378305
-193.35189311667324, -223.07522266378305
-209.35189311667324, -234.07522266378305
-104.35189311667324, -299.07522266378305
-61.35189311667324, -357.07522266378305
25.64810688332677, -473.07522266378305
30.648106883326765, -413.07522266378305
35.64810688332676, -390.07522266378305
57.64810688332676, -379.07522266378305
8.648106883326765, -401.07522266378305
86.64810688332676, -391.07522266378305
158.64810688332676, -353.07522266378305
175.64810688332676, -309.07522266378305
217.64810688332676, -258.07522266378305
238.64810688332676, -228.07522266378305
221.64810688332676, -172.07522266378305
230.64810688332676, 71.92477733621695
250.64810688332676, 113.92477733621695
260.6481068833268, 131.92477733621695
246.64810688332676, 147.92477733621695
221.64810688332676, 158.92477733621695
188.64810688332676, 150.92477733621695
127.64810688332676, 181.92477733621695
98.64810688332676, 207.92477733621695
78.64810688332676, 238.92477733621695
55.64810688332676, 286.92477733621695
98.64810688332676, 255.92477733621695
75.64810688332676, 252.92477733621695
80.64810688332676, 239.92477733621695
86.64810688332676, 246.92477733621695
63.64810688332676, 241.92477733621695
46.64810688332676, 207.92477733621695
28.64810688332677, 167.92477733621695
3.648106883326765, 135.92477733621695
-38.35189311667324, 125.92477733621696
-47.35189311667324, 115.92477733621695
-85.35189311667324, 97.92477733621695
-72.35189311667324, 66.92477733621695
-78.35189311667324, 81.92477733621695
-50.35189311667324, 72.92477733621695
-55.35189311667324, 15.924777336216955
-54.35189311667324, 13.924777336216955
-70.35189311667324, 16.924777336216955
-54.35189311667324, -16.075222663783045
-88.35189311667324, -63.07522266378304
-99.35189311667324, -64.07522266378304
-99.35189311667324, -129.07522266378305
-59.35189311667324, -144.07522266378305
-17.351893116673235, -150.07522266378305
-134.35189311667324, -66.07522266378305
-37.35189311667324, -130.07522266378305
-63.35189311667324, -151.07522266378305
-94.35189311667324, -140.07522266378305
-49.35189311667324, -132.07522266378305
-80.35189311667324, -126.07522266378305
-61.35189311667324, -169.07522266378305
-20.35189311667323, -157.07522266378305
-19.35189311667323, -115.07522266378305
-49.35189311667324, -139.07522266378305
-42.35189311667324, -173.07522266378305
-13.351893116673235, -196.07522266378305
-43.35189311667324, -164.07522266378305
-53.35189311667324, -144.07522266378305
-88.35189311667324, -142.07522266378305
-37.35189311667324, -47.07522266378304
3.648106883326765, -18.075222663783045
5.648106883326765, -17.075222663783045
6.648106883326765, -16.075222663783045
5.648106883326765, -16.075222663783045
6.648106883326765, -18.075222663783045
3.648106883326765, -17.075222663783045
3.648106883326765, -17.075222663783045
5.648106883326765, -18.075222663783045
7.648106883326765, -18.075222663783045
7.648106883326765, -16.075222663783045
7.648106883326765, -16.075222663783045
6.648106883326765, -17.075222663783045
data
-9.0, 17.0
-10.0, 16.0
-12.0, 17.0
-10.0, 16.0
-10.0, 15.0
-10.0, 15.0
-10.0, 15.0
-10.0, 16.0
-10.0, 16.0
-10.0, 15.0
-11.0, 15.0
-11.0, 16.0
-10.0, 15.0
-10.0, 16.0
-11.0, 16.0
-9.0, 16.0
-10.0, 16.0
-10.0, 16.0
-9.0, 15.0
-12.0, 16.0
-11.0, 21.0
-12.0, 12.0
-10.0, 15.0
-10.0, 14.0
-8.0, 15.0
-9.0, 15.0
-9.0, 19.0
-11.0, 19.0
-10.0, 17.0
0.0, 21.0
-7.0, 7.0
23.0, 45.0
-7.0, 14.0
-8.0, 22.0
-56.0, -17.0
-20.0, 15.0
-15.0, 21.0
-7.0, 13.0
-7.0, 14.0
-9.0, 19.0
-8.0, 15.0
-8.0, 15.0
-9.0, 17.0
-11.0, 17.0
-10.0, 18.0
-13.0, 18.0
-19.0, 19.0
-11.0, 20.0
-9.0, 18.0
-9.0, 13.0
-6.0, 33.0
-5.0, 33.0
-9.0, 11.0
-19.0, -5.0
-20.0, 2.0
-12.0, 18.0
-21.0, 34.0
-75.0, 81.0
-8.0, 87.0
7.0, 4.0
4.0, 3.0
2.0, 37.0
21.0, 83.0
30.0, 141.0
20.0, 99.0
47.0, 73.0
2.0, 29.0
-12.0, 44.0
-53.0, 56.0
-41.0, 55.0
-34.0, 68.0
-28.0, 39.0
10.0, -17.0
2.0, -46.0
9.0, -42.0
21.0, 49.0
19.0, 94.0
1.0000000000000002, 186.0
-32.0, 219.0
-14.0, 233.0
-36.0, 205.0
-40.0, 197.0
-50.0, 240.0
-102.0, 253.0
-57.0, 232.0
-83.0, 219.0
-58.0, 228.0
-109.0, 171.0
-60.0, 114.0
-184.0, 53.0
-131.0, 147.0
-169.0, 44.0
-100.0, 3.0
-108.0, -105.0
-62.0, -208.0
-22.0, -295.0
-9.0, -323.0
11.0, -371.0
-4.0, -420.0
14.999999999999998, -428.0
29.0, -374.0
13.0, -315.0
42.0, -310.0
45.0, -298.0
41.0, -289.0
55.0, -286.0
106.0, -262.0
107.0, -172.0
152.0, -12.0
168.0, -56.0
219.0, 8.0
196.0, -29.0
207.0, -74.0
170.0, -104.0
167.0, -100.0
138.0, -6.0
91.0, 115.0
54.0, 269.0
65.0, 339.0
83.0, 294.0
103.0, 244.0
148.0, 200.0
103.0, 224.0
89.0, 270.0
9.0, 289.0
-9.0, 292.0
-38.0, 254.00000000000003
-69.0, 249.0
-134.0, 249.0
-84.0, 285.0
-72.0, 239.0
-188.0, 296.0
-123.0, 288.0
-176.0, 206.0
-151.0, 138.0
-163.0, 61.0
-170.0, 16.0
-176.0, 39.0
-196.0, 2.0
-186.0, 33.0
-187.0, 46.0
-142.0, 0.0
-122.0, -39.0
-81.0, -110.0
-96.0, -85.0
-73.0, -71.0
-71.0, -102.0
-53.0, -175.0
-64.0, -207.0
-118.0, -184.0
-121.0, -148.0
-120.0, -98.0
-88.0, -82.0
-48.0, -85.0
6.0, -113.0
28.0, -120.0
44.0, -150.0
59.0, -191.0
56.0, -215.0
68.0, -178.0
6.0, -130.0
74.0, -76.0
83.0, -59.0
138.0, -37.0
135.0, -70.0
158.0, -101.0
136.0, -154.0
148.0, -137.0
145.0, -120.0
136.0, -28.0
121.0, -66.0
134.0, -1.0
112.0, 83.0
93.0, 111.0
63.0, 124.0
61.0, 148.0
66.0, 177.0
43.0, 190.0
23.0, 221.0
14.999999999999998, 251.0
14.0, 221.0
4.0, 208.0
-37.0, 213.0
-32.0, 199.0
-79.0, 167.0
-79.0, 149.0
-114.0, 110.0
-97.0, 84.0
-124.0, 34.0
-108.0, 10.0
-107.0, 12.0
-97.0, 7.0
-55.0, -14.0
-49.0, -39.0
-59.0, -35.0
-55.0, -23.0
-78.0, -5.0
-58.0, -9.0
-36.0, -55.0
-49.0, -95.0
-29.0, -83.0
-31.0, -53.0
-47.0, -13.0
-22.0, 0.0
6.0, -7.0
22.0, -8.0
77.0, -67.0
-31.0, -41.0
71.0, -33.0
43.0, -51.0
49.0, -6.0
9.0, 1.0000000000000002
28.0, 0.0
49.0, -9.0
15.999999999999998, 2.0
49.0, 7.0
30.0, 4.0
45.0, 8.0
26.0, 10.0
9.0, 11.0
-8.0, 14.0
-10.0, 14.0
-11.0, 14.0
-10.0, 14.0
-10.0, 14.0
-9.0, 14.0
-10.0, 14.0
-10.0, 14.0
-11.0, 14.0
-10.0, 14.0
-10.0, 13.0
-10.0, 14.0
-10.0, 14.0
-11.0, 15.0
-10.0, 13.0
-10.0, 12.0
data
-9.0, -20.075222663783045
-10.0, -19.075222663783045
-12.0, -20.075222663783045
-10.0, -19.075222663783045
-10.0, -18.075222663783045
-10.0, -18.075222663783045
-10.0, -18.075222663783045
-10.0, -19.075222663783045
-10.0, -19.075222663783045
-10.0, -18.075222663783045
-11.0, -18.075222663783045
-11.0, -19.075222663783045
-10.0, -18.075222663783045
-10.0, -19.075222663783045
-11.0, -19.075222663783045
-9.0, -19.075222663783045
-10.0, -19.075222663783045
-10.0, -19.075222663783045
-9.0, -18.075222663783045
-12.0, -19.075222663783045
-11.0, -24.075222663783045
-12.0, -15.075222663783045
-10.0, -18.075222663783045
-10.0, -17.075222663783045
-8.0, -18.075222663783045
-9.0, -18.075222663783045
-9.0, -22.075222663783045
-11.0, -22.075222663783045
-10.0, -20.075222663783045
0.0, -24.075222663783045
-7.0, -10.075222663783045
23.0, -48.07522266378304
-7.0, -17.075222663783045
-8.0, -25.075222663783045
-56.0, 13.924777336216955
-20.0, -18.075222663783045
-15.0, -24.075222663783045
-7.0, -16.075222663783045
-7.0, -17.075222663783045
-9.0, -22.075222663783045
-8.0, -18.075222663783045
-8.0, -18.075222663783045
-9.0, -20.075222663783045
-11.0, -20.075222663783045
-10.0, -21.075222663783045
-13.0, -21.075222663783045
-19.0, -22.075222663783045
-11.0, -23.075222663783045
-9.0, -21.075222663783045
-9.0, -16.075222663783045
-6.0, -36.07522266378304
-5.0, -36.07522266378304
-9.0, -14.075222663783045
-19.0, 1.9247773362169556
-20.0, -5.075222663783045
-12.0, -21.075222663783045
-21.0, -37.07522266378304
-75.0, -84.07522266378305
-8.0, -90.07522266378305
7.0, -7.075222663783045
4.0, -6.075222663783045
2.0, -40.07522266378304
21.0, -86.07522266378305
30.0, -144.07522266378305
20.0, -102.07522266378305
47.0, -76.07522266378305
2.0, -32.075222663783045
-12.0, -47.07522266378304
-53.0, -59.07522266378304
-41.0, -58.07522266378304
-34.0, -71.07522266378305
-28.0, -42.07522266378304
10.0, 13.924777336216955
2.0, 42.92477733621696
9.0, 38.92477733621696
21.0, -52.07522266378304
19.0, -97.07522266378305
1.0000000000000002, -189.07522266378305
-32.0, -222.07522266378305
-14.0, -236.07522266378305
-36.0, -208.07522266378305
-40.0, -200.07522266378305
-50.0, -243.07522266378305
-102.0, -256.07522266378305
-57.0, -235.07522266378305
-83.0, -222.07522266378305
-58.0, -231.07522266378305
-109.0, -174.07522266378305
-60.0, -117.07522266378305
-184.0, -56.07522266378304
-131.0, -150.07522266378305
-169.0, -47.07522266378304
-100.0, -6.075222663783045
-108.0, 101.92477733621695
-62.0, 204.92477733621695
-22.0, 291.92477733621695
-9.0, 319.92477733621695
11.0, 367.92477733621695
-4.0, 416.92477733621695
14.999999999999998, 424.92477733621695
29.0, 370.92477733621695
13.0, 311.92477733621695
42.0, 306.92477733621695
45.0, 294.92477733621695
41.0, 285.92477733621695
55.0, 282.92477733621695
106.0, 258.92477733621695
107.0, 168.92477733621695
152.0, 8.924777336216955
168.0, 52.92477733621696
219.0, -11.075222663783045
196.0, 25.924777336216955
207.0, 70.92477733621695
170.0, 100.92477733621695
167.0, 96.92477733621695
138.0, 2.9247773362169553
91.0, -118.07522266378305
54.0, -272.07522266378305
65.0, -342.07522266378305
83.0, -297.07522266378305
103.0, -247.07522266378305
148.0, -203.07522266378305
103.0, -227.07522266378305
89.0, -273.07522266378305
9.0, -292.07522266378305
-9.0, -295.07522266378305
-38.0, -257.07522266378305
-69.0, -252.07522266378305
-134.0, -252.07522266378305
-84.0, -288.07522266378305
-72.0, -242.07522266378305
-188.0, -299.07522266378305
-123.0, -291.07522266378305
-176.0, -209.07522266378305
-151.0, -141.07522266378305
-163.0, -64.07522266378304
-170.0, -19.075222663783045
-176.0, -42.07522266378304
-196.0, -5.075222663783045
-186.0, -36.07522266378304
-187.0, -49.07522266378304
-142.0, -3.075222663783044
-122.0, 35.92477733621696
-81.0, 106.92477733621695
-96.0, 81.92477733621695
-73.0, 67.92477733621695
-71.0, 98.92477733621695
-53.0, 171.92477733621695
-64.0, 203.92477733621695
-118.0, 180.92477733621695
-121.0, 144.92477733621695
-120.0, 94.92477733621695
-88.0, 78.92477733621695
-48.0, 81.92477733621695
6.0, 109.92477733621695
28.0, 116.92477733621695
44.0, 146.92477733621695
59.0, 187.92477733621695
56.0, 211.92477733621695
68.0, 174.92477733621695
6.0, 126.92477733621695
74.0, 72.92477733621695
83.0, 55.92477733621696
138.0, 33.92477733621696
135.0, 66.92477733621695
158.0, 97.92477733621695
136.0, 150.92477733621695
148.0, 133.92477733621695
145.0, 116.92477733621695
136.0, 24.924777336216955
121.0, 62.924777336216955
134.0, -2.075222663783044
112.0, -86.07522266378305
93.0, -114.07522266378305
63.0, -127.07522266378305
61.0, -151.07522266378305
66.0, -180.07522266378305
43.0, -193.07522266378305
23.0, -224.07522266378305
14.999999999999998, -254.07522266378305
14.0, -224.07522266378305
4.0, -211.07522266378305
-37.0, -216.07522266378305
-32.0, -202.07522266378305
-79.0, -170.07522266378305
-79.0, -152.07522266378305
-114.0, -113.07522266378305
-97.0, -87.07522266378305
-124.0, -37.07522266378304
-108.0, -13.075222663783045
-107.0, -15.075222663783045
-97.0, -10.075222663783045
-55.0, 10.924777336216955
-49.0, 35.92477733621696
-59.0, 31.92477733621696
-55.0, 19.924777336216955
-78.0, 1.9247773362169556
-58.0, 5.924777336216955
-36.0, 51.92477733621696
-49.0, 91.92477733621695
-29.0, 79.92477733621695
-31.0, 49.92477733621696
-47.0, 9.924777336216955
-22.0, -3.075222663783044
6.0, 3.9247773362169553
22.0, 4.924777336216955
77.0, 63.924777336216955
-31.0, 37.92477733621696
71.0, 29.924777336216955
43.0, 47.92477733621696
49.0, 2.9247773362169553
9.0, -4.075222663783045
28.0, -3.075222663783044
49.0, 5.924777336216955
15.999999999999998, -5.075222663783045
49.0, -10.075222663783045
30.0, -7.075222663783045
45.0, -11.075222663783045
26.0, -13.075222663783045
9.0, -14.075222663783045
-8.0, -17.075222663783045
-10.0, -17.075222663783045
-11.0, -17.075222663783045
-10.0, -17.075222663783045
-10.0, -17.075222663783045
-9.0, -17.075222663783045
-10.0, -17.075222663783045
-10.0, -17.075222663783045
-11.0, -17.075222663783045
-10.0, -17.075222663783045
-10.0, -16.075222663783045
-10.0, -17.075222663783045
-10.0, -17.075222663783045
-11.0, -18.075222663783045
-10.0, -16.075222663783045
-10.0, -15.075222663783045
data
5.648106883326765, 17.0
6.648106883326765, 16.0
8.648106883326765, 17.0
6.648106883326765, 16.0
6.648106883326765, 15.0
6.648106883326765, 15.0
6.648106883326765, 15.0
6.648106883326765, 16.0
6.648106883326765, 16.0
6.648106883326765, 15.0
7.648106883326765, 15.0
7.648106883326765, 16.0
6.648106883326765, 15.0
6.648106883326765, 16.0
7.648106883326765, 16.0
5.648106883326765, 16.0
6.648106883326765, 16.0
6.648106883326765, 16.0
5.648106883326765, 15.0
8.648106883326765, 16.0
7.648106883326765, 21.0
8.648106883326765, 12.0
6.648106883326765, 15.0
6.648106883326765, 14.0
4.648106883326765, 15.0
5.648106883326765, 15.0
5.648106883326765, 19.0
7.648106883326765, 19.0
6.648106883326765, 17.0
-3.3518931166732346, 21.0
3.648106883326765, 7.0
-26.35189311667323, 45.0
3.648106883326765, 14.0
4.648106883326765, 22.0
52.64810688332676, -17.0
16.64810688332677, 15.0
11.648106883326765, 21.0
3.648106883326765, 13.0
3.648106883326765, 14.0
5.648106883326765, 19.0
4.648106883326765, 15.0
4.648106883326765, 15.0
5.648106883326765, 17.0
7.648106883326765, 17.0
6.648106883326765, 18.0
9.648106883326765, 18.0
15.648106883326767, 19.0
7.648106883326765, 20.0
5.648106883326765, 18.0
5.648106883326765, 13.0
2.648106883326765, 33.0
1.6481068833267651, 33.0
5.648106883326765, 11.0
15.648106883326767, -5.0
16.64810688332677, 2.0
8.648106883326765, 18.0
17.64810688332677, 34.0
71.64810688332676, 81.0
4.648106883326765, 87.0
-10.351893116673235, 4.0
-7.351893116673235, 3.0
-5.351893116673235, 37.0
-24.35189311667323, 83.0
-33.35189311667323, 141.0
-23.35189311667323, 99.0
-50.35189311667324, 73.0
-5.351893116673235, 29.0
8.648106883326765, 44.0
49.64810688332676, 56.0
37.64810688332676, 55.0
30.648106883326765, 68.0
24.64810688332677, 39.0
-13.351893116673235, -17.0
-5.351893116673235, -46.0
-12.351893116673235, -42.0
-24.35189311667323, 49.0
-22.35189311667323, 94.0
-4.351893116673235, 186.0
28.64810688332677, 219.0
10.648106883326765, 233.0
32.64810688332676, 205.0
36.64810688332676, 197.0
46.64810688332676, 240.0
98.64810688332676, 253.0
53.64810688332676, 232.0
79.64810688332676, 219.0
54.64810688332676, 228.0
105.64810688332676, 171.0
56.64810688332676, 114.0
180.64810688332676, 53.0
127.64810688332676, 147.0
165.64810688332676, 44.0
96.64810688332676, 3.0
104.64810688332676, -105.0
58.64810688332676, -208.0
18.64810688332677, -295.0
5.648106883326765, -323.0
-14.351893116673235, -371.0
0.6481068833267651, -420.0
-18.35189311667323, -428.0
-32.35189311667323, -374.0
-16.351893116673235, -315.0
-45.35189311667324, -310.0
-48.35189311667324, -298.0
-44.35189311667324, -289.0
-58.35189311667324, -286.0
-109.35189311667324, -262.0
-110.35189311667324, -172.0
-155.35189311667324, -12.0
-171.35189311667324, -56.0
-222.35189311667324, 8.0
-199.35189311667324, -29.0
-210.35189311667324, -74.0
-173.35189311667324, -104.0
-170.35189311667324, -100.0
-141.35189311667324, -6.0
-94.35189311667324, 115.0
-57.35189311667324, 269.0
-68.35189311667324, 339.0
-86.35189311667324, 294.0
-106.35189311667324, 244.0
-151.35189311667324, 200.0
-106.35189311667324, 224.0
-92.35189311667324, 270.0
-12.351893116673235, 289.0
5.648106883326765, 292.0
34.64810688332676, 254.00000000000003
65.64810688332676, 249.0
130.64810688332676, 249.0
80.64810688332676, 285.0
68.64810688332676, 239.0
184.64810688332676, 296.0
119.64810688332676, 288.0
172.64810688332676, 206.0
147.64810688332676, 138.0
159.64810688332676, 61.0
166.64810688332676, 16.0
172.64810688332676, 39.0
192.64810688332676, 2.0
182.64810688332676, 33.0
183.64810688332676, 46.0
138.64810688332676, 0.0
118.64810688332676, -39.0
77.64810688332676, -110.0
92.64810688332676, -85.0
69.64810688332676, -71.0
67.64810688332676, -102.0
49.64810688332676, -175.0
60.64810688332676, -207.0
114.64810688332676, -184.0
117.64810688332676, -148.0
116.64810688332676, -98.0
84.64810688332676, -82.0
44.64810688332676, -85.0
-9.351893116673235, -113.0
-31.35189311667323, -120.0
-47.35189311667324, -150.0
-62.35189311667324, -191.0
-59.35189311667324, -215.0
-71.35189311667324, -178.0
-9.351893116673235, -130.0
-77.35189311667324, -76.0
-86.35189311667324, -59.0
-141.35189311667324, -37.0
-138.35189311667324, -70.0
-161.35189311667324, -101.0
-139.35189311667324, -154.0
-151.35189311667324, -137.0
-148.35189311667324, -120.0
-139.35189311667324, -28.0
-124.35189311667324, -66.0
-137.35189311667324, -1.0
-115.35189311667324, 83.0
-96.35189311667324, 111.0
-66.35189311667324, 124.0
-64.35189311667324, 148.0
-69.35189311667324, 177.0
-46.35189311667324, 190.0
-26.35189311667323, 221.0
-18.35189311667323, 251.0
-17.351893116673235, 221.0
-7.351893116673235, 208.0
33.64810688332676, 213.0
28.64810688332677, 199.0
75.64810688332676, 167.0
75.64810688332676, 149.0
110.64810688332676, 110.0
93.64810688332676, 84.0
120.64810688332676, 34.0
104.64810688332676, 10.0
103.64810688332676, 12.0
93.64810688332676, 7.0
51.64810688332676, -14.0
45.64810688332676, -39.0
55.64810688332676, -35.0
51.64810688332676, -23.0
74.64810688332676, -5.0
54.64810688332676, -9.0
32.64810688332676, -55.0
45.64810688332676, -95.0
25.64810688332677, -83.0
27.64810688332677, -53.0
43.64810688332676, -13.0
18.64810688332677, 0.0
-9.351893116673235, -7.0
-25.35189311667323, -8.0
-80.35189311667324, -67.0
27.64810688332677, -41.0
-74.35189311667324, -33.0
-46.35189311667324, -51.0
-52.35189311667324, -6.0
-12.351893116673235, 1.0000000000000002
-31.35189311667323, 0.0
-52.35189311667324, -9.0
-19.35189311667323, 2.0
-52.35189311667324, 7.0
-33.35189311667323, 4.0
-48.35189311667324, 8.0
-29.35189311667323, 10.0
-12.351893116673235, 11.0
4.648106883326765, 14.0
6.648106883326765, 14.0
7.648106883326765, 14.0
6.648106883326765, 14.0
6.648106883326765, 14.0
5.648106883326765, 14.0
6.648106883326765, 14.0
6.648106883326765, 14.0
7.648106883326765, 14.0
6.648106883326765, 14.0
6.648106883326765, 13.0
6.648106883326765, 14.0
6.648106883326765, 14.0
7.648106883326765, 15.0
6.648106883326765, 13.0
6.648106883326765, 12.0
data
5.648106883326765, -20.075222663783045
6.648106883326765, -19.075222663783045
8.648106883326765, -20.075222663783045
6.648106883326765, -19.075222663783045
6.648106883326765, -18.075222663783045
6.648106883326765, -18.075222663783045
6.648106883326765, -18.075222663783045
6.648106883326765, -19.075222663783045
6.648106883326765, -19.075222663783045
6.648106883326765, -18.075222663783045
7.648106883326765, -18.075222663783045
7.648106883326765, -19.075222663783045
6.648106883326765, -18.075222663783045
6.648106883326765, -19.075222663783045
7.648106883326765, -19.075222663783045
5.648106883326765, -19.075222663783045
6.648106883326765, -19.075222663783045
6.648106883326765, -19.075222663783045
5.648106883326765, -18.075222663783045
8.648106883326765, -19.075222663783045
7.648106883326765, -24.075222663783045
8.648106883326765, -15.075222663783045
6.648106883326765, -18.075222663783045
6.648106883326765, -17.075222663783045
4.648106883326765, -18.075222663783045
5.648106883326765, -18.075222663783045
5.648106883326765, -22.075222663783045
7.648106883326765, -22.075222663783045
6.648106883326765, -20.075222663783045
-3.3518931166732346, -24.075222663783045
3.648106883326765, -10.075222663783045
-26.35189311667323, -48.07522266378304
3.648106883326765, -17.075222663783045
4.648106883326765, -25.075222663783045
52.64810688332676, 13.924777336216955
16.64810688332677, -18.075222663783045
11.648106883326765, -24.075222663783045
3.648106883326765, -16.075222663783045
3.648106883326765, -17.075222663783045
5.648106883326765, -22.075222663783045
4.648106883326765, -18.075222663783045
4.648106883326765, -18.075222663783045
5.648106883326765, -20.075222663783045
7.648106883326765, -20.075222663783045
6.648106883326765, -21.075222663783045
9.648106883326765, -21.075222663783045
15.648106883326767, -22.075222663783045
7.648106883326765, -23.075222663783045
5.648106883326765, -21.075222663783045
5.648106883326765, -16.075222663783045
2.648106883326765, -36.07522266378304
1.6481068833267651, -36.07522266378304
5.648106883326765, -14.075222663783045
15.648106883326767, 1.9247773362169556
16.64810688332677, -5.075222663783045
8.648106883326765, -21.075222663783045
17.64810688332677, -37.07522266378304
71.64810688332676, -84.07522266378305
4.648106883326765, -90.07522266378305
-10.351893116673235, -7.075222663783045
-7.351893116673235, -6.075222663783045
-5.351893116673235, -40.07522266378304
-24.35189311667323, -86.07522266378305
-33.35189311667323, -144.07522266378305
-23.35189311667323, -102.07522266378305
-50.35189311667324, -76.07522266378305
-5.351893116673235, -32.075222663783045
8.648106883326765, -47.07522266378304
49.64810688332676, -59.07522266378304
37.64810688332676, -58.07522266378304
30.648106883326765, -71.07522266378305
24.64810688332677, -42.07522266378304
-13.351893116673235, 13.924777336216955
-5.351893116673235, 42.92477733621696
-12.351893116673235, 38.92477733621696
-24.35189311667323, -52.07522266378304
-22.35189311667323, -97.07522266378305
-4.351893116673235, -189.07522266378305
28.64810688332677, -222.07522266378305
10.648106883326765, -236.07522266378305
32.64810688332676, -208.07522266378305
36.64810688332676, -200.07522266378305
46.64810688332676, -243.07522266378305
98.64810688332676, -256.07522266378305
53.64810688332676, -235.07522266378305
79.64810688332676, -222.07522266378305
54.64810688332676, -231.07522266378305
105.64810688332676, -174.07522266378305
56.64810688332676, -117.07522266378305
180.64810688332676, -56.07522266378304
127.64810688332676, -150.07522266378305
165.64810688332676, -47.07522266378304
96.64810688332676, -6.075222663783045
104.64810688332676, 101.92477733621695
58.64810688332676, 204.92477733621695
18.64810688332677, 291.92477733621695
5.648106883326765, 319.92477733621695
-14.351893116673235, 367.92477733621695
0.6481068833267651, 416.92477733621695
-18.35189311667323, 424.92477733621695
-32.35189311667323, 370.92477733621695
-16.351893116673235, 311.92477733621695
-45.35189311667324, 306.92477733621695
-48.35189311667324, 294.92477733621695
-44.35189311667324, 285.92477733621695
-58.35189311667324, 282.92477733621695
-109.35189311667324, 258.92477733621695
-110.35189311667324, 168.92477733621695
-155.35189311667324, 8.924777336216955
-171.35189311667324, 52.92477733621696
-222.35189311667324, -11.075222663783045
-199.35189311667324, 25.924777336216955
-210.35189311667324, 70.92477733621695
-173.35189311667324, 100.92477733621695
-170.35189311667324, 96.92477733621695
-141.35189311667324, 2.9247773362169553
-94.35189311667324, -118.07522266378305
-57.35189311667324, -272.07522266378305
-68.35189311667324, -342.07522266378305
-86.35189311667324, -297.07522266378305
-106.35189311667324, -247.07522266378305
-151.35189311667324, -203.07522266378305
-106.35189311667324, -227.07522266378305
-92.35189311667324, -273.07522266378305
-12.351893116673235, -292.07522266378305
5.648106883326765, -295.07522266378305
34.64810688332676, -257.07522266378305
65.64810688332676, -252.07522266378305
130.64810688332676, -252.07522266378305
80.64810688332676, -288.07522266378305
68.64810688332676, -242.07522266378305
184.64810688332676, -299.07522266378305
119.64810688332676, -291.07522266378305
172.64810688332676, -209.07522266378305
147.64810688332676, -141.07522266378305
159.64810688332676, -64.07522266378304
166.64810688332676, -19.075222663783045
172.64810688332676, -42.07522266378304
192.64810688332676, -5.075222663783045
182.64810688332676, -36.07522266378304
183.64810688332676, -49.07522266378304
138.64810688332676, -3.075222663783044
118.64810688332676, 35.92477733621696
77.64810688332676, 106.92477733621695
92.64810688332676, 81.92477733621695
69.64810688332676, 67.92477733621695
67.64810688332676, 98.92477733621695
49.64810688332676, 171.92477733621695
60.64810688332676, 203.92477733621695
114.64810688332676, 180.92477733621695
117.64810688332676, 144.92477733621695
116.64810688332676, 94.92477733621695
84.64810688332676, 78.92477733621695
44.64810688332676, 81.92477733621695
-9.351893116673235, 109.92477733621695
-31.35189311667323, 116.92477733621695
-47.35189311667324, 146.92477733621695
-62.35189311667324, 187.92477733621695
-59.35189311667324, 211.92477733621695
-71.35189311667324, 174.92477733621695
-9.351893116673235, 126.92477733621695
-77.35189311667324, 72.92477733621695
-86.35189311667324, 55.92477733621696
-141.35189311667324, 33.92477733621696
-138.35189311667324, 66.92477733621695
-161.35189311667324, 97.92477733621695
-139.35189311667324, 150.92477733621695
-151.35189311667324, 133.92477733621695
-148.35189311667324, 116.92477733621695
-139.35189311667324, 24.924777336216955
-124.35189311667324, 62.924777336216955
-137.35189311667324, -2.075222663783044
-115.35189311667324, -86.07522266378305
-96.35189311667324, -114.07522266378305
-66.35189311667324, -127.07522266378305
-64.35189311667324, -151.07522266378305
-69.35189311667324, -180.07522266378305
-46.35189311667324, -193.07522266378305
-26.35189311667323, -224.07522266378305
-18.35189311667323, -254.07522266378305
-17.351893116673235, -224.07522266378305
-7.351893116673235, -211.07522266378305
33.64810688332676, -216.07522266378305
28.64810688332677, -202.07522266378305
75.64810688332676, -170.07522266378305
75.64810688332676, -152.07522266378305
110.64810688332676, -113.07522266378305
93.64810688332676, -87.07522266378305
120.64810688332676, -37.07522266378304
104.64810688332676, -13.075222663783045
103.64810688332676, -15.075222663783045
93.64810688332676, -10.075222663783045
51.64810688332676, 10.924777336216955
45.64810688332676, 35.92477733621696
55.64810688332676, 31.92477733621696
51.64810688332676, 19.924777336216955
74.64810688332676, 1.9247773362169556
54.64810688332676, 5.924777336216955
32.64810688332676, 51.92477733621696
45.64810688332676, 91.92477733621695
25.64810688332677, 79.92477733621695
27.64810688332677, 49.92477733621696
43.64810688332676, 9.924777336216955
18.64810688332677, -3.075222663783044
-9.351893116673235, 3.9247773362169553
-25.35189311667323, 4.924777336216955
-80.35189311667324, 63.924777336216955
27.64810688332677, 37.92477733621696
-74.35189311667324, 29.924777336216955
-46.35189311667324, 47.92477733621696
-52.35189311667324, 2.9247773362169553
-12.351893116673235, -4.075222663783045
-31.35189311667323, -3.075222663783044
-52.35189311667324, 5.924777336216955
-19.35189311667323, -5.075222663783045
-52.35189311667324, -10.075222663783045
-33.35189311667323, -7.075222663783045
-48.35189311667324, -11.075222663783045
-29.35189311667323, -13.075222663783045
-12.351893116673235, -14.075222663783045
4.648106883326765, -17.075222663783045
6.648106883326765, -17.075222663783045
7.648106883326765, -17.075222663783045
6.648106883326765, -17.075222663783045
6.648106883326765, -17.075222663783045
5.648106883326765, -17.075222663783045
6.648106883326765, -17.075222663783045
6.648106883326765, -17.075222663783045
7.648106883326765, -17.075222663783045
6.648106883326765, -17.075222663783045
6.648106883326765, -16.075222663783045
6.648106883326765, -17.075222663783045
6.648106883326765, -17.075222663783045
7.648106883326765, -18.075222663783045
6.648106883326765, -16.075222663783045
6.648106883326765, -15.075222663783045
data
-9.0, 14.0
-2.0, 9.0
-9.0, 15.0
-9.0, 14.0
-9.0, 11.0
-10.0, 16.0
-11.0, 12.0
-9.0, 15.0
-9.0, 13.0
-9.0, 13.0
-8.0, 11.0
-9.0, 10.0
-15.0, 17.0
-160.0, -97.0
-183.0, -130.0
39.0, -7.0
-61.0, -172.0
-12.0, -241.0
66.0, -311.0
54.0, -343.0
53.0, -299.0
25.0, -216.0
3.0, -134.0
23.0, -160.0
5.0, -201.0
12.0, -133.0
-11.0, -127.0
-17.0, -130.0
-32.0, -60.0
-26.0, -14.0
-50.0, -2.0
-32.0, 11.0
-34.0, 7.0
-18.0, 10.0
-24.0, 18.0
-15.0, 10.0
-41.0, 17.0
-57.0, 43.0
-44.0, 65.0
-33.0, 87.0
-47.0, 71.0
-15.0, 25.0
11.0, -25.0
36.0, -39.0
20.0, -5.0
10.0, 2.0
27.0, 31.999999999999996
-23.0, 56.0
-7.0, 3.0
-9.0, -15.0
14.0, 2.0
13.0, 37.0
13.0, 74.0
-14.0, 117.0
-11.0, 94.0
29.0, 38.0
4.0, 3.0
14.0, 84.0
-36.0, 120.0
-3.0, 101.0
-12.0, 104.0
-7.0, 83.0
3.0, 85.0
12.0, 101.0
9.0, 137.0
11.0, 173.0
20.0, 127.0
24.0, 62.0
25.0, 30.999999999999996
13.0, 56.0
-25.0, 142.0
-38.0, 169.0
-37.0, 128.0
-38.0, 136.0
-15.0, 106.0
5.0, 105.0
35.0, 85.0
0.0, 105.0
0.0, 151.0
-17.0, 168.0
-18.0, 154.0
-17.0, 100.0
-4.0, 74.0
-6.0, 53.0
-5.0, 49.0
-8.0, 25.0
-2.0, 41.0
-8.0, 16.0
-9.0, 14.0
-9.0, 14.0
-10.0, 14.0
-10.0, 14.0
-10.0, 14.0
-10.0, 13.0
-9.0, 15.0
-9.0, 14.0
-9.0, 13.0
-10.0, 14.0
-10.0, 14.0
-8.0, 14.0
-9.0, 15.0
-10.0, 15.0
-9.0, 15.0
-11.0, 14.0
-8.0, 14.0
-9.0, 13.0
-10.0, 13.0
-8.0, 13.0
-7.0, 12.0
-10.0, 15.0
data
-9.0, -17.075222663783045
-2.0, -12.075222663783045
-9.0, -18.075222663783045
-9.0, -17.075222663783045
-9.0, -14.075222663783045
-10.0, -19.075222663783045
-11.0, -15.075222663783045
-9.0, -18.075222663783045
-9.0, -16.075222663783045
-9.0, -16.075222663783045
-8.0, -14.075222663783045
-9.0, -13.075222663783045
-15.0, -20.075222663783045
-160.0, 93.92477733621695
-183.0, 126.92477733621695
39.0, 3.9247773362169553
-61.0, 168.92477733621695
-12.0, 237.92477733621695
66.0, 307.92477733621695
54.0, 339.92477733621695
53.0, 295.92477733621695
25.0, 212.92477733621695
3.0, 130.92477733621695
23.0, 156.92477733621695
5.0, 197.92477733621695
12.0, 129.92477733621695
-11.0, 123.92477733621695
-17.0, 126.92477733621695
-32.0, 56.92477733621696
-26.0, 10.924777336216955
-50.0, -1.0752226637830442
-32.0, -14.075222663783045
-34.0, -10.075222663783045
-18.0, -13.075222663783045
-24.0, -21.075222663783045
-15.0, -13.075222663783045
-41.0, -20.075222663783045
-57.0, -46.07522266378304
-44.0, -68.07522266378305
-33.0, -90.07522266378305
-47.0, -74.07522266378305
-15.0, -28.075222663783045
11.0, 21.924777336216955
36.0, 35.92477733621696
20.0, 1.9247773362169556
10.0, -5.075222663783045
27.0, -35.07522266378304
-23.0, -59.07522266378304
-7.0, -6.075222663783045
-9.0, 11.924777336216955
14.0, -5.075222663783045
13.0, -40.07522266378304
13.0, -77.07522266378305
-14.0, -120.07522266378305
-11.0, -97.07522266378305
29.0, -41.07522266378304
4.0, -6.075222663783045
14.0, -87.07522266378305
-36.0, -123.07522266378305
-3.0, -104.07522266378305
-12.0, -107.07522266378305
-7.0, -86.07522266378305
3.0, -88.07522266378305
12.0, -104.07522266378305
9.0, -140.07522266378305
11.0, -176.07522266378305
20.0, -130.07522266378305
24.0, -65.07522266378304
25.0, -34.07522266378304
13.0, -59.07522266378304
-25.0, -145.07522266378305
-38.0, -172.07522266378305
-37.0, -131.07522266378305
-38.0, -139.07522266378305
-15.0, -109.07522266378305
5.0, -108.07522266378305
35.0, -88.07522266378305
0.0, -108.07522266378305
0.0, -154.07522266378305
-17.0, -171.07522266378305
-18.0, -157.07522266378305
-17.0, -103.07522266378305
-4.0, -77.07522266378305
-6.0, -56.07522266378304
-5.0, -52.07522266378304
-8.0, -28.075222663783045
-2.0, -44.07522266378304
-8.0, -19.075222663783045
-9.0, -17.075222663783045
-9.0, -17.075222663783045
-10.0, -17.075222663783045
-10.0, -17.075222663783045
-10.0, -17.075222663783045
-10.0, -16.075222663783045
-9.0, -18.075222663783045
-9.0, -17.075222663783045
-9.0, -16.075222663783045
-10.0, -17.075222663783045
-10.0, -17.075222663783045
-8.0, -17.075222663783045
-9.0, -18.075222663783045
-10.0, -18.075222663783045
-9.0, -18.075222663783045
-11.0, -17.075222663783045
-8.0, -17.075222663783045
-9.0, -16.075222663783045
-10.0, -16.075222663783045
-8.0, -16.075222663783045
-7.0, -15.075222663783045
-10.0, -18.075222663783045
data
5.648106883326765, 14.0
-1.3518931166732346, 9.0
5.648106883326765, 15.0
5.648106883326765, 14.0
5.648106883326765, 11.0
6.648106883326765, 16.0
7.648106883326765, 12.0
5.648106883326765, 15.0
5.648106883326765, 13.0
5.648106883326765, 13.0
4.648106883326765, 11.0
5.648106883326765, 10.0
11.648106883326765, 17.0
156.64810688332676, -97.0
179.64810688332676, -130.0
-42.35189311667324, -7.0
57.64810688332676, -172.0
8.648106883326765, -241.0
-69.35189311667324, -311.0
-57.35189311667324, -343.0
-56.35189311667324, -299.0
-28.35189311667323, -216.0
-6.351893116673235, -134.0
-26.35189311667323, -160.0
-8.351893116673235, -201.0
-15.351893116673235, -133.0
7.648106883326765, -127.0
13.648106883326765, -130.0
28.64810688332677, -60.0
22.64810688332677, -14.0
46.64810688332676, -2.0
28.64810688332677, 11.0
30.648106883326765, 7.0
14.648106883326767, 10.0
20.64810688332677, 18.0
11.648106883326765, 10.0
37.64810688332676, 17.0
53.64810688332676, 43.0
40.64810688332676, 65.0
29.64810688332677, 87.0
43.64810688332676, 71.0
11.648106883326765, 25.0
-14.351893116673235, -25.0
-39.35189311667324, -39.0
-23.35189311667323, -5.0
-13.351893116673235, 2.0
-30.35189311667323, 31.999999999999996
19.64810688332677, 56.0
3.648106883326765, 3.0
5.648106883326765, -15.0
-17.351893116673235, 2.0
-16.351893116673235, 37.0
-16.351893116673235, 74.0
10.648106883326765, 117.0
7.648106883326765, 94.0
-32.35189311667323, 38.0
-7.351893116673235, 3.0
-17.351893116673235, 84.0
32.64810688332676, 120.0
-0.35189311667323464, 101.0
8.648106883326765, 104.0
3.648106883326765, 83.0
-6.351893116673235, 85.0
-15.351893116673235, 101.0
-12.351893116673235, 137.0
-14.351893116673235, 173.0
-23.35189311667323, 127.0
-27.35189311667323, 62.0
-28.35189311667323, 30.999999999999996
-16.351893116673235, 56.0
21.64810688332677, 142.0
34.64810688332676, 169.0
33.64810688332676, 128.0
34.64810688332676, 136.0
11.648106883326765, 106.0
-8.351893116673235, 105.0
-38.35189311667324, 85.0
-3.3518931166732346, 105.0
-3.3518931166732346, 151.0
13.648106883326765, 168.0
14.648106883326767, 154.0
13.648106883326765, 100.0
0.6481068833267651, 74.0
2.648106883326765, 53.0
1.6481068833267651, 49.0
4.648106883326765, 25.0
-1.3518931166732346, 41.0
4.648106883326765, 16.0
5.648106883326765, 14.0
5.648106883326765, 14.0
6.648106883326765, 14.0
6.648106883326765, 14.0
6.648106883326765, 14.0
6.648106883326765, 13.0
5.648106883326765, 15.0
5.648106883326765, 14.0
5.648106883326765, 13.0
6.648106883326765, 14.0
6.648106883326765, 14.0
4.648106883326765, 14.0
5.648106883326765, 15.0
6.648106883326765, 15.0
5.648106883326765, 15.0
7.648106883326765, 14.0
4.648106883326765, 14.0
5.648106883326765, 13.0
6.648106883326765, 13.0
4.648106883326765, 13.0
3.648106883326765, 12.0
6.648106883326765, 15.0
data
5.648106883326765, -17.075222663783045
-1.3518931166732346, -12.075222663783045
5.648106883326765, -18.075222663783045
5.648106883326765, -17.075222663783045
5.648106883326765, -14.075222663783045
6.648106883326765, -19.075222663783045
7.648106883326765, -15.075222663783045
5.648106883326765, -18.075222663783045
5.648106883326765, -16.075222663783045
5.648106883326765, -16.075222663783045
4.648106883326765, -14.075222663783045
5.648106883326765, -13.075222663783045
11.648106883326765, -20.075222663783045
156.64810688332676, 93.92477733621695
179.64810688332676, 126.92477733621695
-42.35189311667324, 3.9247773362169553
57.64810688332676, 168.92477733621695
8.648106883326765, 237.92477733621695
-69.35189311667324, 307.92477733621695
-57.35189311667324, 339.92477733621695
-56.35189311667324, 295.92477733621695
-28.35189311667323, 212.92477733621695
-6.351893116673235, 130.92477733621695
-26.35189311667323, 156.92477733621695
-8.351893116673235, 197.92477733621695
-15.351893116673235, 129.92477733621695
7.648106883326765, 123.92477733621695
13.648106883326765, 126.92477733621695
28.64810688332677, 56.92477733621696
22.64810688332677, 10.924777336216955
46.64810688332676, -1.0752226637830442
28.64810688332677, -14.075222663783045
30.648106883326765, -10.075222663783045
14.648106883326767, -13.075222663783045
20.64810688332677, -21.075222663783045
11.648106883326765, -13.075222663783045
37.64810688332676, -20.075222663783045
53.64810688332676, -46.07522266378304
40.64810688332676, -68.07522266378305
29.64810688332677, -90.07522266378305
43.64810688332676, -74.07522266378305
11.648106883326765, -28.075222663783045
-14.351893116673235, 21.924777336216955
-39.35189311667324, 35.92477733621696
-23.35189311667323, 1.9247773362169556
-13.351893116673235, -5.075222663783045
-30.35189311667323, -35.07522266378304
19.64810688332677, -59.07522266378304
3.648106883326765, -6.075222663783045
5.648106883326765, 11.924777336216955
-17.351893116673235, -5.075222663783045
-16.351893116673235, -40.07522266378304
-16.351893116673235, -77.07522266378305
10.648106883326765, -120.07522266378305
7.648106883326765, -97.07522266378305
-32.35189311667323, -41.07522266378304
-7.351893116673235, -6.075222663783045
-17.351893116673235, -87.07522266378305
32.64810688332676, -123.07522266378305
-0.35189311667323464, -104.07522266378305
8.648106883326765, -107.07522266378305
3.648106883326765, -86.07522266378305
-6.351893116673235, -88.07522266378305
-15.351893116673235, -104.07522266378305
-12.351893116673235, -140.07522266378305
-14.351893116673235, -176.07522266378305
-23.35189311667323, -130.07522266378305
-27.35189311667323, -65.07522266378304
-28.35189311667323, -34.07522266378304
-16.351893116673235, -59.07522266378304
21.64810688332677, -145.07522266378305
34.64810688332676, -172.07522266378305
33.64810688332676, -131.07522266378305
34.64810688332676, -139.07522266378305
11.648106883326765, -109.07522266378305
-8.351893116673235, -108.07522266378305
-38.35189311667324, -88.07522266378305
-3.3518931166732346, -108.07522266378305
-3.3518931166732346, -154.07522266378305
13.648106883326765, -171.07522266378305
14.648106883326767, -157.07522266378305
13.648106883326765, -103.07522266378305
0.6481068833267651, -77.07522266378305
2.648106883326765, -56.07522266378304
1.6481068833267651, -52.07522266378304
4.648106883326765, -28.075222663783045
-1.3518931166732346, -44.07522266378304
4.648106883326765, -19.075222663783045
5.648106883326765, -17.075222663783045
5.648106883326765, -17.075222663783045
6.648106883326765, -17.075222663783045
6.648106883326765, -17.075222663783045
6.648106883326765, -17.075222663783045
6.648106883326765, -16.075222663783045
5.648106883326765, -18.075222663783045
5.648106883326765, -17.075222663783045
5.648106883326765, -16.075222663783045
6.648106883326765, -17.075222663783045
6.648106883326765, -17.075222663783045
4.648106883326765, -17.075222663783045
5.648106883326765, -18.075222663783045
6.648106883326765, -18.075222663783045
5.648106883326765, -18.075222663783045
7.648106883326765, -17.075222663783045
4.648106883326765, -17.075222663783045
5.648106883326765, -16.075222663783045
6.648106883326765, -16.075222663783045
4.648106883326765, -16.075222663783045
3.648106883326765, -15.075222663783045
6.648106883326765, -18.075222663783045
data
-9.0, 15.0
-27.0, 14.0
-13.0, 12.0
-12.0, 11.0
-10.0, 17.0
-10.0, 13.0
-10.0, 14.0
-11.0, 12.0
-13.0, 16.0
-5.0, 18.0
-8.0, 16.0
-9.0, 15.0
-10.0, 12.0
0.0, 3.0
-20.0, 25.0
14.0, 18.0
-33.0, 14.0
-10.0, 14.0
-9.0, 16.0
-10.0, 15.0
-9.0, 12.0
-11.0, 14.0
-10.0, 14.0
-10.0, 15.0
-8.0, 15.0
-8.0, 16.0
-8.0, 15.0
-7.0, 13.0
-9.0, 14.0
-9.0, 10.0
-9.0, 18.0
-5.0, 10.0
-2.0, 11.0
70.0, 8.0
90.0, 24.0
127.0, 19.0
124.0, -1.0
143.0, -3.0
162.0, -13.0
178.0, -38.0
174.0, -59.0
145.0, -57.0
105.0, -31.0
44.0, 1.0000000000000002
40.0, 38.0
36.0, 50.0
-37.0, 91.0
223.0, 29.0
3.0, -21.0
81.0, -22.0
71.0, 12.0
5.0, 46.0
4.0, 68.0
5.0, 10.0
37.0, -16.0
38.0, -30.0
12.0, -11.0
8.0, 15.0
23.0, 30.999999999999996
-57.0, 83.0
-43.0, 93.0
-41.0, 64.0
-49.0, 25.0
-54.0, -3.0
-56.0, -9.0
-36.0, -13.0
-38.0, -7.0
-85.0, -4.0
3.0, -1.0
-107.0, 26.0
-21.0, 16.0
-67.0, 34.0
-15.0, 49.0
-5.0, 21.0
-40.0, 55.0
-40.0, 50.0
-25.0, 0.0
-31.0, -46.0
-40.0, -71.0
-33.0, -49.0
-71.0, 21.0
-92.0, 90.0
-82.0, 148.0
-75.0, 119.0
-36.0, 8.0
-19.0, -48.0
-24.0, -78.0
-43.0, -71.0
-86.0, -42.0
-86.0, 18.0
-89.0, 74.0
-115.0, 99.0
-115.0, 74.0
-100.0, 21.0
-114.0, -30.0
-150.0, -4.0
-153.0, 36.0
-161.0, 55.0
-176.0, 42.0
-32.0, 13.0
-12.0, 12.0
-10.0, 14.0
-9.0, 12.0
-10.0, 14.0
-10.0, 15.0
-54.0, -5.0
-14.0, 12.0
-12.0, 15.0
-10.0, 14.0
-10.0, 15.0
-10.0, 15.0
-10.0, 14.0
-10.0, 13.0
-11.0, 13.0
-10.0, 14.0
-10.0, 14.0
-11.0, 14.0
-11.0, 14.0
-11.0, 15.0
-11.0, 13.0
-9.0, 15.0
-9.0, 16.0
-14.0, 13.0
-11.0, 13.0
-9.0, 13.0
-9.0, 12.0
-13.0, 14.0
-12.0, 15.0
-8.0, 14.0
-12.0, 13.0
-10.0, 13.0
data
-9.0, -18.075222663783045
-27.0, -17.075222663783045
-13.0, -15.075222663783045
-12.0, -14.075222663783045
-10.0, -20.075222663783045
-10.0, -16.075222663783045
-10.0, -17.075222663783045
-11.0, -15.075222663783045
-13.0, -19.075222663783045
-5.0, -21.075222663783045
-8.0, -19.075222663783045
-9.0, -18.075222663783045
-10.0, -15.075222663783045
0.0, -6.075222663783045
-20.0, -28.075222663783045
14.0, -21.075222663783045
-33.0, -17.075222663783045
-10.0, -17.075222663783045
-9.0, -19.075222663783045
-10.0, -18.075222663783045
-9.0, -15.075222663783045
-11.0, -17.075222663783045
-10.0, -17.075222663783045
-10.0, -18.075222663783045
-8.0, -18.075222663783045
-8.0, -19.075222663783045
-8.0, -18.075222663783045
-7.0, -16.075222663783045
-9.0, -17.075222663783045
-9.0, -13.075222663783045
-9.0, -21.075222663783045
-5.0, -13.075222663783045
-2.0, -14.075222663783045
70.0, -11.075222663783045
90.0, -27.075222663783045
127.0, -22.075222663783045
124.0, -2.075222663783044
143.0, -0.07522266378304421
162.0, 9.924777336216955
178.0, 34.92477733621696
174.0, 55.92477733621696
145.0, 53.92477733621696
105.0, 27.924777336216955
44.0, -4.075222663783045
40.0, -41.07522266378304
36.0, -53.07522266378304
-37.0, -94.07522266378305
223.0, -32.075222663783045
3.0, 17.924777336216955
81.0, 18.924777336216955
71.0, -15.075222663783045
5.0, -49.07522266378304
4.0, -71.07522266378305
5.0, -13.075222663783045
37.0, 12.924777336216955
38.0, 26.924777336216955
12.0, 7.924777336216955
8.0, -18.075222663783045
23.0, -34.07522266378304
-57.0, -86.07522266378305
-43.0, -96.07522266378305
-41.0, -67.07522266378305
-49.0, -28.075222663783045
-54.0, -0.07522266378304421
-56.0, 5.924777336216955
-36.0, 9.924777336216955
-38.0, 3.9247773362169553
-85.0, 0.9247773362169556
3.0, -2.075222663783044
-107.0, -29.075222663783045
-21.0, -19.075222663783045
-67.0, -37.07522266378304
-15.0, -52.07522266378304
-5.0, -24.075222663783045
-40.0, -58.07522266378304
-40.0, -53.07522266378304
-25.0, -3.075222663783044
-31.0, 42.92477733621696
-40.0, 67.92477733621695
-33.0, 45.92477733621696
-71.0, -24.075222663783045
-92.0, -93.07522266378305
-82.0, -151.07522266378305
-75.0, -122.07522266378305
-36.0, -11.075222663783045
-19.0, 44.92477733621696
-24.0, 74.92477733621695
-43.0, 67.92477733621695
-86.0, 38.92477733621696
-86.0, -21.075222663783045
-89.0, -77.07522266378305
-115.0, -102.07522266378305
-115.0, -77.07522266378305
-100.0, -24.075222663783045
-114.0, 26.924777336216955
-150.0, 0.9247773362169556
-153.0, -39.07522266378304
-161.0, -58.07522266378304
-176.0, -45.07522266378304
-32.0, -16.075222663783045
-12.0, -15.075222663783045
-10.0, -17.075222663783045
-9.0, -15.075222663783045
-10.0, -17.075222663783045
-10.0, -18.075222663783045
-54.0, 1.9247773362169556
-14.0, -15.075222663783045
-12.0, -18.075222663783045
-10.0, -17.075222663783045
-10.0, -18.075222663783045
-10.0, -18.075222663783045
-10.0, -17.075222663783045
-10.0, -16.075222663783045
-11.0, -16.075222663783045
-10.0, -17.075222663783045
-10.0, -17.075222663783045
-11.0, -17.075222663783045
-11.0, -17.075222663783045
-11.0, -18.075222663783045
-11.0, -16.075222663783045
-9.0, -18.075222663783045
-9.0, -19.075222663783045
-14.0, -16.075222663783045
-11.0, -16.075222663783045
-9.0, -16.075222663783045
-9.0, -15.075222663783045
-13.0, -17.075222663783045
-12.0, -18.075222663783045
-8.0, -17.075222663783045
-12.0, -16.075222663783045
-10.0, -16.075222663783045
data
5.648106883326765, 15.0
23.64810688332677, 14.0
9.648106883326765, 12.0
8.648106883326765, 11.0
6.648106883326765, 17.0
6.648106883326765, 13.0
6.648106883326765, 14.0
7.648106883326765, 12.0
9.648106883326765, 16.0
1.6481068833267651, 18.0
4.648106883326765, 16.0
5.648106883326765, 15.0
6.648106883326765, 12.0
-3.3518931166732346, 3.0
16.64810688332677, 25.0
-17.351893116673235, 18.0
29.64810688332677, 14.0
6.648106883326765, 14.0
5.648106883326765, 16.0
6.648106883326765, 15.0
5.648106883326765, 12.0
7.648106883326765, 14.0
6.648106883326765, 14.0
6.648106883326765, 15.0
4.648106883326765, 15.0
4.648106883326765, 16.0
4.648106883326765, 15.0
3.648106883326765, 13.0
5.648106883326765, 14.0
5.648106883326765, 10.0
5.648106883326765, 18.0
1.6481068833267651, 10.0
-1.3518931166732346, 11.0
-73.35189311667324, 8.0
-93.35189311667324, 24.0
-130.35189311667324, 19.0
-127.35189311667324, -1.0
-146.35189311667324, -3.0
-165.35189311667324, -13.0
-181.35189311667324, -38.0
-177.35189311667324, -59.0
-148.35189311667324, -57.0
-108.35189311667324, -31.0
-47.35189311667324, 1.0000000000000002
-43.35189311667324, 38.0
-39.35189311667324, 50.0
33.64810688332676, 91.0
-226.35189311667324, 29.0
-6.351893116673235, -21.0
-84.35189311667324, -22.0
-74.35189311667324, 12.0
-8.351893116673235, 46.0
-7.351893116673235, 68.0
-8.351893116673235, 10.0
-40.35189311667324, -16.0
-41.35189311667324, -30.0
-15.351893116673235, -11.0
-11.351893116673235, 15.0
-26.35189311667323, 30.999999999999996
53.64810688332676, 83.0
39.64810688332676, 93.0
37.64810688332676, 64.0
45.64810688332676, 25.0
50.64810688332676, -3.0
52.64810688332676, -9.0
32.64810688332676, -13.0
34.64810688332676, -7.0
81.64810688332676, -4.0
-6.351893116673235, -1.0
103.64810688332676, 26.0
17.64810688332677, 16.0
63.64810688332676, 34.0
11.648106883326765, 49.0
1.6481068833267651, 21.0
36.64810688332676, 55.0
36.64810688332676, 50.0
21.64810688332677, 0.0
27.64810688332677, -46.0
36.64810688332676, -71.0
29.64810688332677, -49.0
67.64810688332676, 21.0
88.64810688332676, 90.0
78.64810688332676, 148.0
71.64810688332676, 119.0
32.64810688332676, 8.0
15.648106883326767, -48.0
20.64810688332677, -78.0
39.64810688332676, -71.0
82.64810688332676, -42.0
82.64810688332676, 18.0
85.64810688332676, 74.0
111.64810688332676, 99.0
111.64810688332676, 74.0
96.64810688332676, 21.0
110.64810688332676, -30.0
146.64810688332676, -4.0
149.64810688332676, 36.0
157.64810688332676, 55.0
172.64810688332676, 42.0
28.64810688332677, 13.0
8.648106883326765, 12.0
6.648106883326765, 14.0
5.648106883326765, 12.0
6.648106883326765, 14.0
6.648106883326765, 15.0
50.64810688332676, -5.0
10.648106883326765, 12.0
8.648106883326765, 15.0
6.648106883326765, 14.0
6.648106883326765, 15.0
6.648106883326765, 15.0
6.648106883326765, 14.0
6.648106883326765, 13.0
7.648106883326765, 13.0
6.648106883326765, 14.0
6.648106883326765, 14.0
7.648106883326765, 14.0
7.648106883326765, 14.0
7.648106883326765, 15.0
7.648106883326765, 13.0
5.648106883326765, 15.0
5.648106883326765, 16.0
10.648106883326765, 13.0
7.648106883326765, 13.0
5.648106883326765, 13.0
5.648106883326765, 12.0
9.648106883326765, 14.0
8.648106883326765, 15.0
4.648106883326765, 14.0
8.648106883326765, 13.0
6.648106883326765, 13.0
data
5.648106883326765, -18.075222663783045
23.64810688332677, -17.075222663783045
9.648106883326765, -15.075222663783045
8.648106883326765, -14.075222663783045
6.648106883326765, -20.075222663783045
6.648106883326765, -16.075222663783045
6.648106883326765, -17.075222663783045
7.648106883326765, -15.075222663783045
9.648106883326765, -19.075222663783045
1.6481068833267651, -21.075222663783045
4.648106883326765, -19.075222663783045
5.648106883326765, -18.075222663783045
6.648106883326765, -15.075222663783045
-3.3518931166732346, -6.075222663783045
16.64810688332677, -28.075222663783045
-17.351893116673235, -21.075222663783045
29.64810688332677, -17.075222663783045
6.648106883326765, -17.075222663783045
5.648106883326765, -19.075222663783045
6.648106883326765, -18.075222663783045
5.648106883326765, -15.075222663783045
7.648106883326765, -17.075222663783045
6.648106883326765, -17.075222663783045
6.648106883326765, -18.075222663783045
4.648106883326765, -18.075222663783045
4.648106883326765, -19.075222663783045
4.648106883326765, -18.075222663783045
3.648106883326765, -16.075222663783045
5.648106883326765, -17.075222663783045
5.648106883326765, -13.075222663783045
5.648106883326765, -21.075222663783045
1.6481068833267651, -13.075222663783045
-1.3518931166732346, -14.075222663783045
-73.35189311667324, -11.075222663783045
-93.35189311667324, -27.075222663783045
-130.35189311667324, -22.075222663783045
-127.35189311667324, -2.075222663783044
-146.35189311667324, -0.07522266378304421
-165.35189311667324, 9.924777336216955
-181.35189311667324, 34.92477733621696
-177.35189311667324, 55.92477733621696
-148.35189311667324, 53.92477733621696
-108.35189311667324, 27.924777336216955
-47.35189311667324, -4.075222663783045
-43.35189311667324, -41.07522266378304
-39.35189311667324, -53.07522266378304
33.64810688332676, -94.07522266378305
-226.35189311667324, -32.075222663783045
-6.351893116673235, 17.924777336216955
-84.35189311667324, 18.924777336216955
-74.35189311667324, -15.075222663783045
-8.351893116673235, -49.07522266378304
-7.351893116673235, -71.07522266378305
-8.351893116673235, -13.075222663783045
-40.35189311667324, 12.924777336216955
-41.35189311667324, 26.924777336216955
-15.351893116673235, 7.924777336216955
-11.351893116673235, -18.075222663783045
-26.35189311667323, -34.07522266378304
53.64810688332676, -86.07522266378305
39.64810688332676, -96.07522266378305
37.64810688332676, -67.07522266378305
45.64810688332676, -28.075222663783045
50.64810688332676, -0.07522266378304421
52.64810688332676, 5.924777336216955
32.64810688332676, 9.924777336216955
34.64810688332676, 3.9247773362169553
81.64810688332676, 0.9247773362169556
-6.351893116673235, -2.075222663783044
103.64810688332676, -29.075222663783045
17.64810688332677, -19.075222663783045
63.64810688332676, -37.07522266378304
11.648106883326765, -52.07522266378304
1.6481068833267651, -24.075222663783045
36.64810688332676, -58.07522266378304
36.64810688332676, -53.07522266378304
21.64810688332677, -3.075222663783044
27.64810688332677, 42.92477733621696
36.64810688332676, 67.92477733621695
29.64810688332677, 45.92477733621696
67.64810688332676, -24.075222663783045
88.64810688332676, -93.07522266378305
78.64810688332676, -151.07522266378305
71.64810688332676, -122.07522266378305
32.64810688332676, -11.075222663783045
15.648106883326767, 44.92477733621696
20.64810688332677, 74.92477733621695
39.64810688332676, 67.92477733621695
82.64810688332676, 38.92477733621696
82.64810688332676, -21.075222663783045
85.64810688332676, -77.07522266378305
111.64810688332676, -102.07522266378305
111.64810688332676, -77.07522266378305
96.64810688332676, -24.075222663783045
110.64810688332676, 26.924777336216955
146.64810688332676, 0.9247773362169556
149.64810688332676, -39.07522266378304
157.64810688332676, -58.07522266378304
172.64810688332676, -45.07522266378304
28.64810688332677, -16.075222663783045
8.648106883326765, -15.075222663783045
6.648106883326765, -17.075222663783045
5.648106883326765, -15.075222663783045
6.648106883326765, -17.075222663783045
6.648106883326765, -18.075222663783045
50.64810688332676, 1.9247773362169556
10.648106883326765, -15.075222663783045
8.648106883326765, -18.075222663783045
6.648106883326765, -17.075222663783045
6.648106883326765, -18.075222663783045
6.648106883326765, -18.075222663783045
6.648106883326765, -17.075222663783045
6.648106883326765, -16.075222663783045
7.648106883326765, -16.075222663783045
6.648106883326765, -17.075222663783045
6.648106883326765, -17.075222663783045
7.648106883326765, -17.075222663783045
7.648106883326765, -17.075222663783045
7.648106883326765, -18.075222663783045
7.648106883326765, -16.075222663783045
5.648106883326765, -18.075222663783045
5.648106883326765, -19.075222663783045
10.648106883326765, -16.075222663783045
7.648106883326765, -16.075222663783045
5.648106883326765, -16.075222663783045
5.648106883326765, -15.075222663783045
9.648106883326765, -17.075222663783045
8.648106883326765, -18.075222663783045
4.648106883326765, -17.075222663783045
8.648106883326765, -16.075222663783045
6.648106883326765, -16.075222663783045
data
-10.0, 13.0
-20.0, 23.0
-10.0, 16.0
-6.0, 25.0
36.0, 43.0
-39.0, -10.0
-18.0, 8.0
-17.0, 9.0
-13.0, 12.0
-14.0, 8.0
-10.0, 13.0
-10.0, 15.0
-14.0, 16.0
-10.0, 13.0
-9.0, 16.0
-8.0, 10.0
-11.0, 13.0
-9.0, 17.0
-8.0, 14.0
-10.0, 16.0
-9.0, 17.0
29.0, 73.0
-19.0, 31.999999999999996
-7.0, 110.0
-15.0, 184.0
-40.0, 226.0
-26.0, 247.0
-1.0, 207.0
-7.0, 170.0
-7.0, 153.0
-1.0, 172.0
-25.0, 205.0
-17.0, 256.0
-22.0, 239.0
-31.0, 210.0
-21.0, 182.0
-8.0, 180.0
-11.0, 134.0
-11.0, 153.0
0.0, 159.0
-42.0, 135.0
-40.0, 103.0
-50.0, 70.0
-26.0, 87.0
10.0, 83.0
-5.0, 42.0
50.0, -5.0
1.0000000000000002, -68.0
-25.0, -68.0
-11.0, -113.0
-55.0, -127.0
-39.0, -50.0
-43.0, 69.0
32.0, 41.0
56.0, -14.0
53.0, -50.0
90.0, -101.0
43.0, -139.0
60.0, -184.0
-26.0, -252.0
3.0, -274.0
-45.0, -189.0
-47.0, -82.0
-23.0, 2.0
2.0, -55.0
28.0, -133.0
0.0, -170.0
14.999999999999998, -211.0
14.0, -205.0
-9.0, -148.0
-15.0, -70.0
-3.0, -71.0
-15.0, -91.0
13.0, -174.0
2.0, -156.0
-8.0, -55.0
-10.0, 13.0
-12.0, 14.0
-9.0, 15.0
-10.0, 14.0
-10.0, 13.0
-12.0, 14.0
-12.0, 14.0
-9.0, 14.0
-11.0, 15.0
-10.0, 14.0
-12.0, 14.0
-11.0, 15.0
-10.0, 14.0
-10.0, 16.0
-9.0, 14.0
-10.0, 12.0
-10.0, 13.0
-10.0, 13.0
-9.0, 8.0
-12.0, 13.0
-10.0, 15.0
-11.0, 20.0
-11.0, 16.0
-10.0, 13.0
-8.0, 10.0
-10.0, 12.0
-10.0, 14.0
-10.0, 16.0
-11.0, 14.0
-11.0, 12.0
data
-10.0, -16.075222663783045
-20.0, -26.075222663783045
-10.0, -19.075222663783045
-6.0, -28.075222663783045
36.0, -46.07522266378304
-39.0, 6.924777336216955
-18.0, -11.075222663783045
-17.0, -12.075222663783045
-13.0, -15.075222663783045
-14.0, -11.075222663783045
-10.0, -16.075222663783045
-10.0, -18.075222663783045
-14.0, -19.075222663783045
-10.0, -16.075222663783045
-9.0, -19.075222663783045
-8.0, -13.075222663783045
-11.0, -16.075222663783045
-9.0, -20.075222663783045
-8.0, -17.075222663783045
-10.0, -19.075222663783045
-9.0, -20.075222663783045
29.0, -76.07522266378305
-19.0, -35.07522266378304
-7.0, -113.07522266378305
-15.0, -187.07522266378305
-40.0, -229.07522266378305
-26.0, -250.07522266378305
-1.0, -210.07522266378305
-7.0, -173.07522266378305
-7.0, -156.07522266378305
-1.0, -175.07522266378305
-25.0, -208.07522266378305
-17.0, -259.07522266378305
-22.0, -242.07522266378305
-31.0, -213.07522266378305
-21.0, -185.07522266378305
-8.0, -183.07522266378305
-11.0, -137.07522266378305
-11.0, -156.07522266378305
0.0, -162.07522266378305
-42.0, -138.07522266378305
-40.0, -106.07522266378305
-50.0, -73.07522266378305
-26.0, -90.07522266378305
10.0, -86.07522266378305
-5.0, -45.07522266378304
50.0, 1.9247773362169556
1.0000000000000002, 64.92477733621695
-25.0, 64.92477733621695
-11.0, 109.92477733621695
-55.0, 123.92477733621695
-39.0, 46.92477733621696
-43.0, -72.07522266378305
32.0, -44.07522266378304
56.0, 10.924777336216955
53.0, 46.92477733621696
90.0, 97.92477733621695
43.0, 135.92477733621695
60.0, 180.92477733621695
-26.0, 248.92477733621695
3.0, 270.92477733621695
-45.0, 185.92477733621695
-47.0, 78.92477733621695
-23.0, -5.075222663783045
2.0, 51.92477733621696
28.0, 129.92477733621695
0.0, 166.92477733621695
14.999999999999998, 207.92477733621695
14.0, 201.92477733621695
-9.0, 144.92477733621695
-15.0, 66.92477733621695
-3.0, 67.92477733621695
-15.0, 87.92477733621695
13.0, 170.92477733621695
2.0, 152.92477733621695
-8.0, 51.92477733621696
-10.0, -16.075222663783045
-12.0, -17.075222663783045
-9.0, -18.075222663783045
-10.0, -17.075222663783045
-10.0, -16.075222663783045
-12.0, -17.075222663783045
-12.0, -17.075222663783045
-9.0, -17.075222663783045
-11.0, -18.075222663783045
-10.0, -17.075222663783045
-12.0, -17.075222663783045
-11.0, -18.075222663783045
-10.0, -17.075222663783045
-10.0, -19.075222663783045
-9.0, -17.075222663783045
-10.0, -15.075222663783045
-10.0, -16.075222663783045
-10.0, -16.075222663783045
-9.0, -11.075222663783045
-12.0, -16.075222663783045
-10.0, -18.075222663783045
-11.0, -23.075222663783045
-11.0, -19.075222663783045
-10.0, -16.075222663783045
-8.0, -13.075222663783045
-10.0, -15.075222663783045
-10.0, -17.075222663783045
-10.0, -19.075222663783045
-11.0, -17.075222663783045
-11.0, -15.075222663783045
data
6.648106883326765, 13.0
16.64810688332677, 23.0
6.648106883326765, 16.0
2.648106883326765, 25.0
-39.35189311667324, 43.0
35.64810688332676, -10.0
14.648106883326767, 8.0
13.648106883326765, 9.0
9.648106883326765, 12.0
10.648106883326765, 8.0
6.648106883326765, 13.0
6.648106883326765, 15.0
10.648106883326765, 16.0
6.648106883326765, 13.0
5.648106883326765, 16.0
4.648106883326765, 10.0
7.648106883326765, 13.0
5.648106883326765, 17.0
4.648106883326765, 14.0
6.648106883326765, 16.0
5.648106883326765, 17.0
-32.35189311667323, 73.0
15.648106883326767, 31.999999999999996
3.648106883326765, 110.0
11.648106883326765, 184.0
36.64810688332676, 226.0
22.64810688332677, 247.0
-2.3518931166732346, 207.0
3.648106883326765, 170.0
3.648106883326765, 153.0
-2.3518931166732346, 172.0
21.64810688332677, 205.0
13.648106883326765, 256.0
18.64810688332677, 239.0
27.64810688332677, 210.0
17.64810688332677, 182.0
4.648106883326765, 180.0
7.648106883326765, 134.0
7.648106883326765, 153.0
-3.3518931166732346, 159.0
38.64810688332676, 135.0
36.64810688332676, 103.0
46.64810688332676, 70.0
22.64810688332677, 87.0
-13.351893116673235, 83.0
1.6481068833267651, 42.0
-53.35189311667324, -5.0
-4.351893116673235, -68.0
21.64810688332677, -68.0
7.648106883326765, -113.0
51.64810688332676, -127.0
35.64810688332676, -50.0
39.64810688332676, 69.0
-35.35189311667324, 41.0
-59.35189311667324, -14.0
-56.35189311667324, -50.0
-93.35189311667324, -101.0
-46.35189311667324, -139.0
-63.35189311667324, -184.0
22.64810688332677, -252.0
-6.351893116673235, -274.0
41.64810688332676, -189.0
43.64810688332676, -82.0
19.64810688332677, 2.0
-5.351893116673235, -55.0
-31.35189311667323, -133.0
-3.3518931166732346, -170.0
-18.35189311667323, -211.0
-17.351893116673235, -205.0
5.648106883326765, -148.0
11.648106883326765, -70.0
-0.35189311667323464, -71.0
11.648106883326765, -91.0
-16.351893116673235, -174.0
-5.351893116673235, -156.0
4.648106883326765, -55.0
6.648106883326765, 13.0
8.648106883326765, 14.0
5.648106883326765, 15.0
6.648106883326765, 14.0
6.648106883326765, 13.0
8.648106883326765, 14.0
8.648106883326765, 14.0
5.648106883326765, 14.0
7.648106883326765, 15.0
6.648106883326765, 14.0
8.648106883326765, 14.0
7.648106883326765, 15.0
6.648106883326765, 14.0
6.648106883326765, 16.0
5.648106883326765, 14.0
6.648106883326765, 12.0
6.648106883326765, 13.0
6.648106883326765, 13.0
5.648106883326765, 8.0
8.648106883326765, 13.0
6.648106883326765, 15.0
7.648106883326765, 20.0
7.648106883326765, 16.0
6.648106883326765, 13.0
4.648106883326765, 10.0
6.648106883326765, 12.0
6.648106883326765, 14.0
6.648106883326765, 16.0
7.648106883326765, 14.0
7.648106883326765, 12.0
data
6.648106883326765, -16.075222663783045
16.64810688332677, -26.075222663783045
6.648106883326765, -19.075222663783045
2.648106883326765, -28.075222663783045
-39.35189311667324, -46.07522266378304
35.64810688332676, 6.924777336216955
14.648106883326767, -11.075222663783045
13.648106883326765, -12.075222663783045
9.648106883326765, -15.075222663783045
10.648106883326765, -11.075222663783045
6.648106883326765, -16.075222663783045
6.648106883326765, -18.075222663783045
10.648106883326765, -19.075222663783045
6.648106883326765, -16.075222663783045
5.648106883326765, -19.075222663783045
4.648106883326765, -13.075222663783045
7.648106883326765, -16.075222663783045
5.648106883326765, -20.075222663783045
4.648106883326765, -17.075222663783045
6.648106883326765, -19.075222663783045
5.648106883326765, -20.075222663783045
-32.35189311667323, -76.07522266378305
15.648106883326767, -35.07522266378304
3.648106883326765, -113.07522266378305
11.648106883326765, -187.07522266378305
36.64810688332676, -229.07522266378305
22.64810688332677, -250.07522266378305
-2.3518931166732346, -210.07522266378305
3.648106883326765, -173.07522266378305
3.648106883326765, -156.07522266378305
-2.3518931166732346, -175.07522266378305
21.64810688332677, -208.07522266378305
13.648106883326765, -259.07522266378305
18.64810688332677, -242.07522266378305
27.64810688332677, -213.07522266378305
17.64810688332677, -185.07522266378305
4.648106883326765, -183.07522266378305
7.648106883326765, -137.07522266378305
7.648106883326765, -156.07522266378305
-3.3518931166732346, -162.07522266378305
38.64810688332676, -138.07522266378305
36.64810688332676, -106.07522266378305
46.64810688332676, -73.07522266378305
22.64810688332677, -90.07522266378305
-13.351893116673235, -86.07522266378305
1.6481068833267651, -45.07522266378304
-53.35189311667324, 1.9247773362169556
-4.351893116673235, 64.92477733621695
21.64810688332677, 64.92477733621695
7.648106883326765, 109.92477733621695
51.64810688332676, 123.92477733621695
35.64810688332676, 46.92477733621696
39.64810688332676, -72.07522266378305
-35.35189311667324, -44.07522266378304
-59.35189311667324, 10.924777336216955
-56.35189311667324, 46.92477733621696
-93.35189311667324, 97.92477733621695
-46.35189311667324, 135.92477733621695
-63.35189311667324, 180.92477733621695
22.64810688332677, 248.92477733621695
-6.351893116673235, 270.92477733621695
41.64810688332676, 185.92477733621695
43.64810688332676, 78.92477733621695
19.64810688332677, -5.075222663783045
-5.351893116673235, 51.92477733621696
-31.35189311667323, 129.92477733621695
-3.3518931166732346, 166.92477733621695
-18.35189311667323, 207.92477733621695
-17.351893116673235, 201.92477733621695
5.648106883326765, 144.92477733621695
11.648106883326765, 66.92477733621695
-0.35189311667323464, 67.92477733621695
11.648106883326765, 87.92477733621695
-16.351893116673235, 170.92477733621695
-5.351893116673235, 152.92477733621695
4.648106883326765, 51.92477733621696
6.648106883326765, -16.075222663783045
8.648106883326765, -17.075222663783045
5.648106883326765, -18.075222663783045
6.648106883326765, -17.075222663783045
6.648106883326765, -16.075222663783045
8.648106883326765, -17.075222663783045
8.648106883326765, -17.075222663783045
5.648106883326765, -17.075222663783045
7.648106883326765, -18.075222663783045
6.648106883326765, -17.075222663783045
8.648106883326765, -17.075222663783045
7.648106883326765, -18.075222663783045
6.648106883326765, -17.075222663783045
6.648106883326765, -19.075222663783045
5.648106883326765, -17.075222663783045
6.648106883326765, -15.075222663783045
6.648106883326765, -16.075222663783045
6.648106883326765, -16.075222663783045
5.648106883326765, -11.075222663783045
8.648106883326765, -16.075222663783045
6.648106883326765, -18.075222663783045
7.648106883326765, -23.075222663783045
7.648106883326765, -19.075222663783045
6.648106883326765, -16.075222663783045
4.648106883326765, -13.075222663783045
6.648106883326765, -15.075222663783045
6.648106883326765, -17.075222663783045
6.648106883326765, -19.075222663783045
7.648106883326765, -17.075222663783045
7.648106883326765, -15.075222663783045
data
-9.0, 13.0
-20.0, 12.0
-1.0, 14.0
-11.0, 15.0
-8.0, 17.0
-13.0, 4.0
-11.0, 10.0
-10.0, 11.0
-6.0, 13.0
-16.0, 15.0
-11.0, 15.0
-11.0, 14.0
-10.0, 15.0
-7.0, 14.0
-12.0, 10.0
-14.0, 15.0
-8.0, 10.0
-2.0, -8.0
-3.0, 15.0
-29.0, 43.0
-14.0, 15.0
-12.0, 13.0
-20.0, -1.0
-48.0, -19.0
-132.0, 16.0
-106.0, 28.0
-147.0, 25.0
-149.0, 20.0
-104.0, 70.0
-86.0, 51.0
-100.0, 28.0
-118.0, 66.0
-116.0, 76.0
-159.0, 52.0
-115.0, 27.0
-149.0, -1.0
-128.0, 16.0
-135.0, -27.0
-112.0, -27.0
-88.0, 28.0
-81.0, 38.0
-67.0, 47.0
-81.0, 27.0
-86.0, -42.0
-63.0, -25.0
-52.0, 24.0
-72.0, 25.0
-62.0, 39.0
-84.0, 58.0
-79.0, 78.0
-65.0, 66.0
-44.0, 29.0
-32.0, -32.0
-1.0, -41.0
21.0, -33.0
24.0, -23.0
36.0, -22.0
49.0, -12.0
29.0, -16.0
15.999999999999998, 18.0
8.0, 21.0
35.0, 30.999999999999996
26.0, -8.0
119.0, -32.0
93.0, -39.0
138.0, -15.0
125.0, 30.0
99.0, 38.0
142.0, 19.0
69.0, 40.0
121.0, 27.0
148.0, -16.0
118.0, -34.0
148.0, -18.0
154.0, -3.0
103.0, 12.0
57.0, 6.0
65.0, 3.0
33.0, 18.0
32.0, 23.0
40.0, 48.0
56.0, 50.0
49.0, 31.999999999999996
3.0, 15.0
-9.0, 14.0
-9.0, 13.0
-10.0, 14.0
-11.0, 14.0
-12.0, 13.0
-12.0, 14.0
-10.0, 14.0
-9.0, 15.0
-9.0, 15.0
-9.0, 14.0
-9.0, 14.0
-9.0, 14.0
-9.0, 13.0
-10.0, 14.0
-10.0, 13.0
-10.0, 14.0
data
-9.0, -16.075222663783045
-20.0, -15.075222663783045
-1.0, -17.075222663783045
-11.0, -18.075222663783045
-8.0, -20.075222663783045
-13.0, -7.075222663783045
-11.0, -13.075222663783045
-10.0, -14.075222663783045
-6.0, -16.075222663783045
-16.0, -18.075222663783045
-11.0, -18.075222663783045
-11.0, -17.075222663783045
-10.0, -18.075222663783045
-7.0, -17.075222663783045
-12.0, -13.075222663783045
-14.0, -18.075222663783045
-8.0, -13.075222663783045
-2.0, 4.924777336216955
-3.0, -18.075222663783045
-29.0, -46.07522266378304
-14.0, -18.075222663783045
-12.0, -16.075222663783045
-20.0, -2.075222663783044
-48.0, 15.924777336216955
-132.0, -19.075222663783045
-106.0, -31.075222663783045
-147.0, -28.075222663783045
-149.0, -23.075222663783045
-104.0, -73.07522266378305
-86.0, -54.07522266378304
-100.0, -31.075222663783045
-118.0, -69.07522266378305
-116.0, -79.07522266378305
-159.0, -55.07522266378304
-115.0, -30.075222663783045
-149.0, -2.075222663783044
-128.0, -19.075222663783045
-135.0, 23.924777336216955
-112.0, 23.924777336216955
-88.0, -31.075222663783045
-81.0, -41.07522266378304
-67.0, -50.07522266378304
-81.0, -30.075222663783045
-86.0, 38.92477733621696
-63.0, 21.924777336216955
-52.0, -27.075222663783045
-72.0, -28.075222663783045
-62.0, -42.07522266378304
-84.0, -61.07522266378304
-79.0, -81.07522266378305
-65.0, -69.07522266378305
-44.0, -32.075222663783045
-32.0, 28.924777336216955
-1.0, 37.92477733621696
21.0, 29.924777336216955
24.0, 19.924777336216955
36.0, 18.924777336216955
49.0, 8.924777336216955
29.0, 12.924777336216955
15.999999999999998, -21.075222663783045
8.0, -24.075222663783045
35.0, -34.07522266378304
26.0, 4.924777336216955
119.0, 28.924777336216955
93.0, 35.92477733621696
138.0, 11.924777336216955
125.0, -33.075222663783045
99.0, -41.07522266378304
142.0, -22.075222663783045
69.0, -43.07522266378304
121.0, -30.075222663783045
148.0, 12.924777336216955
118.0, 30.92477733621696
148.0, 14.924777336216955
154.0, -0.07522266378304421
103.0, -15.075222663783045
57.0, -9.075222663783045
65.0, -6.075222663783045
33.0, -21.075222663783045
32.0, -26.075222663783045
40.0, -51.07522266378304
56.0, -53.07522266378304
49.0, -35.07522266378304
3.0, -18.075222663783045
-9.0, -17.075222663783045
-9.0, -16.075222663783045
-10.0, -17.075222663783045
-11.0, -17.075222663783045
-12.0, -16.075222663783045
-12.0, -17.075222663783045
-10.0, -17.075222663783045
-9.0, -18.075222663783045
-9.0, -18.075222663783045
-9.0, -17.075222663783045
-9.0, -17.075222663783045
-9.0, -17.075222663783045
-9.0, -16.075222663783045
-10.0, -17.075222663783045
-10.0, -16.075222663783045
-10.0, -17.075222663783045
data
5.648106883326765, 13.0
16.64810688332677, 12.0
-2.3518931166732346, 14.0
7.648106883326765, 15.0
4.648106883326765, 17.0
9.648106883326765, 4.0
7.648106883326765, 10.0
6.648106883326765, 11.0
2.648106883326765, 13.0
12.648106883326765, 15.0
7.648106883326765, 15.0
7.648106883326765, 14.0
6.648106883326765, 15.0
3.648106883326765, 14.0
8.648106883326765, 10.0
10.648106883326765, 15.0
4.648106883326765, 10.0
-1.3518931166732346, -8.0
-0.35189311667323464, 15.0
25.64810688332677, 43.0
10.648106883326765, 15.0
8.648106883326765, 13.0
16.64810688332677, -1.0
44.64810688332676, -19.0
128.64810688332676, 16.0
102.64810688332676, 28.0
143.64810688332676, 25.0
145.64810688332676, 20.0
100.64810688332676, 70.0
82.64810688332676, 51.0
96.64810688332676, 28.0
114.64810688332676, 66.0
112.64810688332676, 76.0
155.64810688332676, 52.0
111.64810688332676, 27.0
145.64810688332676, -1.0
124.64810688332676, 16.0
131.64810688332676, -27.0
108.64810688332676, -27.0
84.64810688332676, 28.0
77.64810688332676, 38.0
63.64810688332676, 47.0
77.64810688332676, 27.0
82.64810688332676, -42.0
59.64810688332676, -25.0
48.64810688332676, 24.0
68.64810688332676, 25.0
58.64810688332676, 39.0
80.64810688332676, 58.0
75.64810688332676, 78.0
61.64810688332676, 66.0
40.64810688332676, 29.0
28.64810688332677, -32.0
-2.3518931166732346, -41.0
-24.35189311667323, -33.0
-27.35189311667323, -23.0
-39.35189311667324, -22.0
-52.35189311667324, -12.0
-32.35189311667323, -16.0
-19.35189311667323, 18.0
-11.351893116673235, 21.0
-38.35189311667324, 30.999999999999996
-29.35189311667323, -8.0
-122.35189311667324, -32.0
-96.35189311667324, -39.0
-141.35189311667324, -15.0
-128.35189311667324, 30.0
-102.35189311667324, 38.0
-145.35189311667324, 19.0
-72.35189311667324, 40.0
-124.35189311667324, 27.0
-151.35189311667324, -16.0
-121.35189311667324, -34.0
-151.35189311667324, -18.0
-157.35189311667324, -3.0
-106.35189311667324, 12.0
-60.35189311667324, 6.0
-68.35189311667324, 3.0
-36.35189311667324, 18.0
-35.35189311667324, 23.0
-43.35189311667324, 48.0
-59.35189311667324, 50.0
-52.35189311667324, 31.999999999999996
-6.351893116673235, 15.0
5.648106883326765, 14.0
5.648106883326765, 13.0
6.648106883326765, 14.0
7.648106883326765, 14.0
8.648106883326765, 13.0
8.648106883326765, 14.0
6.648106883326765, 14.0
5.648106883326765, 15.0
5.648106883326765, 15.0
5.648106883326765, 14.0
5.648106883326765, 14.0
5.648106883326765, 14.0
5.648106883326765, 13.0
6.648106883326765, 14.0
6.648106883326765, 13.0
6.648106883326765, 14.0
data
5.648106883326765, -16.075222663783045
16.64810688332677, -15.075222663783045
-2.3518931166732346, -17.075222663783045
7.648106883326765, -18.075222663783045
4.648106883326765, -20.075222663783045
9.648106883326765, -7.075222663783045
7.648106883326765, -13.075222663783045
6.648106883326765, -14.075222663783045
2.648106883326765, -16.075222663783045
12.648106883326765, -18.075222663783045
7.648106883326765, -18.075222663783045
7.648106883326765, -17.075222663783045
6.648106883326765, -18.075222663783045
3.648106883326765, -17.075222663783045
8.648106883326765, -13.075222663783045
10.648106883326765, -18.075222663783045
4.648106883326765, -13.075222663783045
-1.3518931166732346, 4.924777336216955
-0.35189311667323464, -18.075222663783045
25.64810688332677, -46.07522266378304
10.648106883326765, -18.075222663783045
8.648106883326765, -16.075222663783045
16.64810688332677, -2.075222663783044
44.64810688332676, 15.924777336216955
128.64810688332676, -19.075222663783045
102.64810688332676, -31.075222663783045
143.64810688332676, -28.075222663783045
145.64810688332676, -23.075222663783045
100.64810688332676, -73.07522266378305
82.64810688332676, -54.07522266378304
96.64810688332676, -31.075222663783045
114.64810688332676, -69.07522266378305
112.64810688332676, -79.07522266378305
155.64810688332676, -55.07522266378304
111.64810688332676, -30.075222663783045
145.64810688332676, -2.075222663783044
124.64810688332676, -19.075222663783045
131.64810688332676, 23.924777336216955
108.64810688332676, 23.924777336216955
84.64810688332676, -31.075222663783045
77.64810688332676, -41.07522266378304
63.64810688332676, -50.07522266378304
77.64810688332676, -30.075222663783045
82.64810688332676, 38.92477733621696
59.64810688332676, 21.924777336216955
48.64810688332676, -27.075222663783045
68.64810688332676, -28.075222663783045
58.64810688332676, -42.07522266378304
80.64810688332676, -61.07522266378304
75.64810688332676, -81.07522266378305
61.64810688332676, -69.07522266378305
40.64810688332676, -32.075222663783045
28.64810688332677, 28.924777336216955
-2.3518931166732346, 37.92477733621696
-24.35189311667323, 29.924777336216955
-27.35189311667323, 19.924777336216955
-39.35189311667324, 18.924777336216955
-52.35189311667324, 8.924777336216955
-32.35189311667323, 12.924777336216955
-19.35189311667323, -21.075222663783045
-11.351893116673235, -24.075222663783045
-38.35189311667324, -34.07522266378304
-29.35189311667323, 4.924777336216955
-122.35189311667324, 28.924777336216955
-96.35189311667324, 35.92477733621696
-141.35189311667324, 11.924777336216955
-128.35189311667324, -33.075222663783045
-102.35189311667324, -41.07522266378304
-145.35189311667324, -22.075222663783045
-72.35189311667324, -43.07522266378304
-124.35189311667324, -30.075222663783045
-151.35189311667324, 12.924777336216955
-121.35189311667324, 30.92477733621696
-151.35189311667324, 14.924777336216955
-157.35189311667324, -0.07522266378304421
-106.35189311667324, -15.075222663783045
-60.35189311667324, -9.075222663783045
-68.35189311667324, -6.075222663783045
-36.35189311667324, -21.075222663783045
-35.35189311667324, -26.075222663783045
-43.35189311667324, -51.07522266378304
-59.35189311667324, -53.07522266378304
-52.35189311667324, -35.07522266378304
-6.351893116673235, -18.075222663783045
5.648106883326765, -17.075222663783045
5.648106883326765, -16.075222663783045
6.648106883326765, -17.075222663783045
7.648106883326765, -17.075222663783045
8.648106883326765, -16.075222663783045
8.648106883326765, -17.075222663783045
6.648106883326765, -17.075222663783045
5.648106883326765, -18.075222663783045
5.648106883326765, -18.075222663783045
5.648106883326765, -17.075222663783045
5.648106883326765, -17.075222663783045
5.648106883326765, -17.075222663783045
5.648106883326765, -16.075222663783045
6.648106883326765, -17.075222663783045
6.648106883326765, -16.075222663783045
6.648106883326765, -17.075222663783045
