#include "rnn.h"

#include "math.h"
#include "arm_math.h"

/*  the following variables should not be able to access beyond this scope */
const float rnn_alpha = 1.2696;	 // alpha is used to make rnn able to convert the unit between cm and z-axis unit
const float weight_ih[3 * HIDDEN_SIZE][2] = {
	{0.3973616361618042, -0.22212670743465424},
	{-0.20374047756195068, -0.04930892586708069},
	{-0.18245111405849457, 0.015761723741889},
	{-0.3084802031517029, 0.46904629468917847},
	{-0.4126572608947754, -0.11856814473867416},
	{-0.09613502025604248, 0.2465643584728241},
	{-0.34959590435028076, 0.29280751943588257},
	{0.05199754238128662, 0.33130401372909546},
	{0.28784847259521484, 0.11337930709123611},
	{-0.38296547532081604, -0.08319073915481567},
	{0.27126288414001465, -0.014628549106419086},
	{0.14880377054214478, 0.558369517326355},
	{0.07593419402837753, 0.1705494374036789},
	{0.09004318714141846, 0.09119102358818054},
	{-0.01866166852414608, 0.09069646149873734},
	{-0.09758006781339645, -0.010888186283409595},
	{-0.07521452009677887, -0.06635788083076477},
	{0.03846247121691704, 0.13762857019901276},
	{0.23968514800071716, 0.008459133096039295},
	{0.044959940016269684, 0.06056036055088043},
	{-0.0847993865609169, 0.0716523677110672},
	{0.39678463339805603, 0.12945124506950378},
	{-0.04346192628145218, -0.3333345353603363},
	{-0.006994560360908508, -0.10556241869926453},
	{0.06491046398878098, 0.803748607635498},
	{0.05669863522052765, -0.4316491186618805},
	{0.055007193237543106, 0.2056443691253662},
	{-0.10427652299404144, 0.46104854345321655},
	{-0.003961874172091484, 0.0588725209236145},
	{0.018049541860818863, 0.03131287172436714},
	{0.028574038296937943, -0.017884595319628716},
	{0.16276267170906067, -0.4717532992362976},
	{0.0566762238740921, -0.01812007836997509},
	{-0.09598884731531143, -0.43286311626434326},
	{0.20193827152252197, -0.3415631949901581},
	{0.22246569395065308, -0.0865824893116951},
	{0.06981818377971649, -0.45247918367385864},
	{-0.2335464507341385, -0.2459949553012848},
	{-0.259158194065094, 0.21280725300312042},
	{0.021013349294662476, -0.2618493139743805},
	{-0.3078162372112274, -0.2832282483577728},
	{0.11114587634801865, -0.23144611716270447},
	{-0.2568247616291046, -0.26609593629837036},
	{-0.05847297981381416, -0.09165491163730621},
	{0.15856409072875977, -0.16279900074005127},
	{0.057709984481334686, 0.49424052238464355},
	{-0.01756994053721428, -0.0016502548241987824},
	{-0.03170430660247803, -0.18826176226139069},
	{-0.20354032516479492, -0.058075591921806335},
	{-0.020128829404711723, -0.17126035690307617},
	{-0.13959483802318573, 0.027281060814857483},
	{0.05678960308432579, -0.48263606429100037},
	{-0.11133988201618195, 0.607193112373352},
	{0.010149254463613033, 0.018801091238856316},
	{-0.3490391969680786, -0.04021443799138069},
	{-0.4311888813972473, -0.24398238956928253},
	{-0.0911535918712616, -0.05979980528354645},
	{-0.017181914299726486, 0.019181305542588234},
	{-0.028957663103938103, -0.0024656590539962053},
	{0.2782602906227112, -0.0466172993183136}
};

const float weight_ih_layers[LAYER_NUM - 1][3 * HIDDEN_SIZE][HIDDEN_SIZE] = {
	{
		{-0.3900984823703766, 0.20760689675807953, -0.027442675083875656, -0.2018103003501892, 0.05468917265534401, 0.23794418573379517, -0.04759126901626587, -0.1658966839313507, -0.16227273643016815, -0.21520526707172394, -0.04276670888066292, 0.14853641390800476, -0.05277913436293602, 0.01211076881736517, 0.26318976283073425, -0.12960617244243622, 0.1971433013677597, -0.2118203341960907, -0.09739364683628082, -0.024320228025317192},
		{0.050380267202854156, 0.23758931457996368, -0.1738007366657257, 0.08172689378261566, 0.43801814317703247, 0.2990679442882538, -0.2725118398666382, 0.2493935227394104, 0.13029873371124268, 0.37807124853134155, -0.22078564763069153, -0.38923051953315735, 0.5402792692184448, -0.2592989206314087, -0.14007751643657684, -0.38798439502716064, -0.24638977646827698, 0.10736986249685287, 0.13266389071941376, 0.19672924280166626},
		{-0.04973464831709862, 0.09565222263336182, -0.2262604981660843, -0.3378775715827942, 0.09540864825248718, -0.08913497626781464, 0.18682865798473358, 0.022998802363872528, 0.18545225262641907, 0.12544354796409607, 0.04709579423069954, -0.19115446507930756, 0.08001524209976196, 0.08236906677484512, -0.16646359860897064, 0.061158496886491776, -0.3600500822067261, -0.20882214605808258, -0.21892645955085754, 0.09415723383426666},
		{0.16721516847610474, 0.21211713552474976, -0.19832943379878998, 0.18785226345062256, -0.3344758450984955, -0.19181771576404572, -0.042392849922180176, 0.1995890885591507, -0.0389748215675354, 0.2544881999492645, -0.13380166888237, 0.06719593703746796, 0.019576432183384895, -0.20359395444393158, 0.030225632712244987, -0.09963920712471008, -0.19656719267368317, 0.1725032776594162, 0.11868173629045486, 0.00046676924102939665},
		{-0.03150476887822151, -0.2191741019487381, -0.011639783158898354, 0.00288930581882596, 0.09124162048101425, -0.08074349910020828, -0.07054299861192703, 0.24484631419181824, 0.02211606875061989, 0.06296537071466446, 0.08855056762695312, -0.22382697463035583, -0.048863109201192856, -0.14732345938682556, -0.007553093135356903, -0.25658631324768066, 0.07375391572713852, 0.051914215087890625, 0.031719230115413666, -0.20017072558403015},
		{-0.2453468292951584, -0.2529895007610321, 0.019060282036662102, 0.06784313172101974, -0.007663879077881575, -0.21650642156600952, -0.0769197940826416, 0.17076919972896576, 0.19270583987236023, -0.20996195077896118, -0.010322225280106068, -0.0019437758019194007, 0.520725667476654, -0.3636339604854584, 0.2840495705604553, 0.008754922077059746, 0.29094040393829346, 0.05437822267413139, -0.41460737586021423, -0.24375948309898376},
		{-0.04242052510380745, -0.21742236614227295, 0.03339593857526779, -0.2116594910621643, -0.2507697343826294, 0.074277363717556, 0.1408780813217163, -0.2364480048418045, 0.035535309463739395, 0.030510472133755684, -0.3003038763999939, -0.07241830974817276, 0.012407764792442322, 0.053240224719047546, -0.16289295256137848, 0.0738956555724144, -0.10669702291488647, 0.3174961507320404, 0.21097557246685028, 0.14134472608566284},
		{-0.10023699700832367, -0.14797967672348022, 0.15218940377235413, -0.3458426892757416, 0.11069711297750473, 0.16718143224716187, 0.16789640486240387, -0.16658082604408264, 0.01944110356271267, 0.7377851605415344, -0.3173780143260956, 0.029510600492358208, 0.25255757570266724, -0.06753542274236679, 0.5814433693885803, 0.42867758870124817, 0.21874043345451355, 0.3896641731262207, -0.14082017540931702, -0.4066193103790283},
		{-0.026588644832372665, -0.3413929045200348, 0.10941541194915771, 0.09074138849973679, 0.11843138933181763, -0.2309877574443817, -0.24909715354442596, -0.26251429319381714, 0.003359714290127158, -0.1268114298582077, -0.2678132653236389, 0.013755099847912788, -0.22675646841526031, 0.13000313937664032, -0.09075678139925003, -0.3893048167228699, -0.23332801461219788, -0.19118215143680573, 0.06169501692056656, 0.2054259181022644},
		{0.1120644211769104, 0.10888945311307907, -0.055955372750759125, 0.09001832455396652, 0.40025538206100464, -0.22443856298923492, -0.11394309252500534, 0.019589420408010483, -0.24834811687469482, -0.02716733328998089, -0.13916204869747162, 0.35395485162734985, 0.16874919831752777, 0.12014240771532059, -0.24203729629516602, -0.23126792907714844, 0.052318867295980453, 0.2860462963581085, -0.21160055696964264, 0.13580352067947388},
		{-0.1660197228193283, -0.08190207183361053, 0.1957213133573532, -0.5529525279998779, -0.33646440505981445, 0.17604286968708038, -0.07239872217178345, -0.12262528389692307, 0.3038634955883026, 0.02036947011947632, -0.31388819217681885, -0.1997576653957367, 0.06986450403928757, 0.022315362468361855, -0.03969268128275871, -0.15302158892154694, -0.0885939821600914, -0.26134729385375977, 0.23667676746845245, 0.009336323477327824},
		{-0.10306406766176224, 0.1785885989665985, 0.2167767584323883, 0.026044035330414772, 0.34996867179870605, -0.06693609803915024, 0.010142252780497074, -0.05366966873407364, 0.19919180870056152, 0.20127080380916595, -0.3353259563446045, -0.08715377748012543, 0.07457368075847626, 0.11375483125448227, -0.23489145934581757, 0.025012213736772537, -0.02933513931930065, 0.8842620253562927, 0.269109845161438, 0.08329790830612183},
		{0.4931502938270569, 0.006461357232183218, 0.02316155657172203, 0.4058589041233063, 0.16043220460414886, 0.0942349061369896, -0.3070627450942993, 0.23261655867099762, -0.03716054931282997, 0.03706204891204834, -0.04428825527429581, -0.3998368978500366, 0.43773582577705383, -0.3167506754398346, -0.025965558364987373, -0.02925565093755722, 0.2892312705516815, 0.6511715650558472, -0.2151319533586502, -0.28010085225105286},
		{0.16079312562942505, -0.08746473491191864, -0.14282649755477905, 0.0770253911614418, -0.0432891845703125, -0.11824309825897217, -0.11458788812160492, -0.24454504251480103, -0.1617259979248047, -0.09076767414808273, -0.09802065044641495, 0.13594193756580353, 0.2234562337398529, -0.17373238503932953, 0.08819544315338135, 0.028155334293842316, -0.12647147476673126, -0.3857938349246979, -0.16466251015663147, -0.1033143475651741},
		{-0.03580065816640854, -0.13965626060962677, 0.3351597785949707, -0.033454906195402145, 0.19466497004032135, -0.02997969277203083, -0.46063607931137085, -0.004703469108790159, -0.007817455567419529, -0.007084115408360958, -0.10646447539329529, 0.16852489113807678, -0.45339110493659973, 0.08390974253416061, 0.13511903584003448, 0.1587928831577301, -0.3889625370502472, 0.2243744134902954, 0.07945805788040161, 0.0990462452173233},
		{-0.2281692773103714, -0.34588003158569336, 0.07538590580224991, 0.3783155679702759, 0.23507942259311676, 0.14391303062438965, -0.20205169916152954, -0.6881856918334961, 0.289257675409317, 0.353170782327652, -0.08591064810752869, 0.338395357131958, -0.10397381335496902, -0.3405736982822418, 0.23699548840522766, 0.18596574664115906, -0.11282703280448914, -0.11689873039722443, 0.2902071475982666, 0.16445127129554749},
		{0.0022135991603136063, -0.3215465545654297, -0.33119747042655945, -0.31217432022094727, 0.011164412833750248, -0.03153003752231598, -0.23439793288707733, -0.12493793666362762, -0.3611547648906708, 0.08347764611244202, 0.27900731563568115, -0.2620333135128021, 0.04500730335712433, -0.06824605166912079, -0.04406075179576874, 0.08916658163070679, -0.12035837769508362, -0.05196359381079674, -0.14247006177902222, -0.17701570689678192},
		{-0.11158451437950134, -0.011311433278024197, -0.2918217182159424, -0.174846351146698, 0.42647528648376465, 0.09729785472154617, 0.12016432732343674, 0.24220767617225647, 0.18015366792678833, 0.07109791785478592, -0.1827966570854187, -0.13151639699935913, 0.11911311745643616, -0.04578888788819313, -0.39652132987976074, -0.13539010286331177, -0.27716508507728577, -0.0788905993103981, 0.47936415672302246, 0.193389430642128},
		{-0.12101790308952332, 0.22276949882507324, 0.03397566080093384, -0.11822321265935898, 0.380619078874588, 0.4370183050632477, -0.031244847923517227, -0.25990235805511475, -0.47962653636932373, -0.13926459848880768, -0.03297026827931404, -0.40577372908592224, 0.32776185870170593, 0.5249980688095093, 0.19505886733531952, -0.015476231463253498, 0.05799311026930809, -0.11112521588802338, -0.5979691743850708, 0.26973167061805725},
		{-0.23299814760684967, 0.033219143748283386, 0.04978051409125328, 0.062139842659235, -0.04554084315896034, -0.11887716501951218, 0.12328549474477768, 0.022588258609175682, 0.06204766780138016, 0.0413002111017704, 0.2008299082517624, 0.20505106449127197, -0.0052575101144611835, -0.31139251589775085, 0.26412299275398254, 0.1260436326265335, -0.003867378691211343, -0.1900690644979477, -0.23303812742233276, -0.4423867464065552},
		{-0.05265463516116142, 0.141005739569664, -0.1068783849477768, 0.0787523090839386, -0.31656613945961, 0.02335943467915058, -0.14162978529930115, 0.16174733638763428, 0.6573873162269592, -0.24508750438690186, -0.1549190729856491, -0.009051487781107426, 0.30985984206199646, -0.28074008226394653, 0.1981392204761505, 0.6029910445213318, -0.11112195998430252, -0.05036047846078873, 0.20687933266162872, -0.15613771975040436},
		{0.24344684183597565, -0.09053725004196167, -0.3939346969127655, -0.1288023740053177, -0.09018848836421967, 0.06273036450147629, -0.24231381714344025, 0.4256526827812195, 0.369596928358078, -0.03861599043011665, 0.03539355471730232, -0.04053923115134239, -0.32852616906166077, 0.14523161947727203, 0.48459190130233765, 0.4125667214393616, 0.5839815735816956, -0.7968805432319641, 0.1603042483329773, -0.0733197033405304},
		{0.21016916632652283, -0.12589991092681885, 0.04242262244224548, 0.18006451427936554, 0.1742493063211441, -0.39275529980659485, -0.4658377766609192, -0.07945576310157776, 0.28741738200187683, 0.16280324757099152, -0.2580830752849579, 0.3876480162143707, 0.09658512473106384, -0.13361139595508575, 0.02607395499944687, 0.0014108691830188036, 0.3303907811641693, 0.0713183656334877, 0.3490642011165619, -0.2685578763484955},
		{-0.05068238824605942, 0.05610159784555435, 0.21485014259815216, -0.04409603402018547, -0.02901790663599968, 0.1565491259098053, 0.5482264161109924, -0.10041624307632446, 0.3693956434726715, -0.13224421441555023, 0.16455373167991638, -0.0061240121722221375, 0.11240485310554504, -0.2963011860847473, 0.0576506070792675, 0.1020926758646965, -0.4880237877368927, 0.07611268758773804, 0.20299382507801056, 0.029265042394399643},
		{-0.09839636087417603, -0.08174662292003632, 0.21392516791820526, -0.08499874174594879, -0.1970244199037552, 0.4166029691696167, -0.003001840552315116, -0.12175412476062775, -0.44262033700942993, -0.2168591022491455, 0.15843315422534943, -0.006673607975244522, 0.1019720733165741, 0.11647344380617142, -0.018176119774580002, 0.015302068553864956, -0.158306285738945, 0.11990799754858017, -0.2027227133512497, 0.13361532986164093},
		{0.694185733795166, -0.22828437387943268, -0.2619892656803131, 0.29151102900505066, 0.008170180954039097, 0.06598819047212601, 0.34198427200317383, 0.2094375491142273, 0.4332561492919922, 0.3431829512119293, 0.1347767412662506, 0.12314001470804214, -0.06716614961624146, 0.0734519511461258, -0.052337415516376495, -0.08565924316644669, -0.032745618373155594, 0.01836857944726944, 0.3257655203342438, -0.09142079949378967},
		{0.09751627594232559, 0.06205827370285988, -0.2561158239841461, -0.3239095211029053, 0.5530449748039246, -0.187619149684906, -0.14165396988391876, -0.0921693816781044, 0.12427376210689545, -0.41817373037338257, -0.12633158266544342, -0.029722359031438828, 0.09459029138088226, 0.4877397119998932, 0.019440848380327225, -0.031167922541499138, -0.04153088107705116, -0.23966321349143982, 0.3211512863636017, 0.16881029307842255},
		{-0.15824350714683533, -0.32426169514656067, -0.1338416337966919, -0.19172917306423187, 0.19311083853244781, 0.12561379373073578, -0.33062824606895447, 0.4467986226081848, -0.24515827000141144, 0.22505655884742737, 0.4199277460575104, -0.31153711676597595, 0.5095435976982117, -0.012705053202807903, 0.10746850073337555, -0.2512424886226654, 0.20992910861968994, -0.5828759074211121, -0.08378861844539642, -0.02970285341143608},
		{0.35810545086860657, 0.6192618012428284, -0.29558202624320984, -0.2237665355205536, 0.06721629947423935, 0.2421133816242218, -0.41827887296676636, 0.5634502172470093, 0.37712550163269043, 0.35636329650878906, -0.5553394556045532, -0.3860090374946594, -0.00613667955622077, 0.18691347539424896, 0.14063183963298798, 0.015301350504159927, 0.05549822002649307, -0.21122923493385315, -0.30556774139404297, 0.11668097227811813},
		{-0.33705636858940125, -0.3541135787963867, 0.13524673879146576, -0.025988612323999405, 0.37214481830596924, -0.20328034460544586, -0.11630812287330627, -0.13192716240882874, 0.07890106737613678, -0.48893052339553833, 0.10581448674201965, 0.13407368957996368, 0.3820464015007019, -0.21010228991508484, -0.23009483516216278, 0.2630738615989685, 0.18959924578666687, 0.24748626351356506, -0.047159578651189804, 0.22964999079704285},
		{-0.005985786207020283, 0.19268277287483215, 0.018665848299860954, 0.052730076014995575, 0.06185442581772804, -0.05647716298699379, 0.0335884653031826, 0.04058735817670822, -0.023479171097278595, 0.003270563669502735, 0.2439136803150177, 0.06368102133274078, 0.06087536737322807, -0.0728270411491394, 0.29076436161994934, 0.17958715558052063, -0.23426558077335358, 0.5319793224334717, -0.04534149169921875, -0.20762813091278076},
		{-0.4055995047092438, -0.0418759249150753, 0.10789798945188522, -0.3516574800014496, 0.178806334733963, -0.15592551231384277, -0.049301814287900925, -0.030239874497056007, 0.04153205454349518, 0.08877227455377579, -0.4385589361190796, 0.13928532600402832, -0.6363367438316345, -0.07952076941728592, -0.3308584690093994, 0.9003713726997375, -0.19592753052711487, 0.26145216822624207, 0.22408075630664825, 0.2769765257835388},
		{-0.14013740420341492, 0.16361741721630096, -0.16593842208385468, 0.7217309474945068, -0.355567067861557, -0.18896201252937317, 0.4701046645641327, -0.18412894010543823, -0.13079409301280975, 0.24456138908863068, 0.00531909242272377, -0.004109010100364685, -0.05631311237812042, 0.034119877964258194, 0.10041064769029617, -0.009626095183193684, -0.24948741495609283, -0.15080691874027252, 0.17158237099647522, -0.5276779532432556},
		{-0.18529556691646576, -0.34736204147338867, -0.5089012980461121, -0.005346343386918306, 0.010990934446454048, 0.03711938485503197, -0.05565575510263443, -0.27754998207092285, -0.4571532607078552, -0.37511613965034485, 0.1247878298163414, -0.012512866407632828, -0.07364004850387573, -0.4364195168018341, -0.2659616470336914, -0.04653065651655197, -0.0020868098363280296, 0.006487957201898098, -0.025748154148459435, 0.029051683843135834},
		{-0.4736720323562622, -0.02670963481068611, 0.4270637035369873, -0.568324089050293, -0.07738610357046127, 0.01587219536304474, 0.5661917924880981, -0.3580009341239929, -0.472011923789978, -0.028523551300168037, 0.3736591935157776, -0.010862376540899277, -0.03544284403324127, -0.2522631287574768, 0.03959207236766815, 0.27617138624191284, 0.04479081556200981, -0.3274552822113037, -0.3407137095928192, 0.3568773567676544},
		{-0.22406072914600372, -0.07927179336547852, 0.17724399268627167, 0.0068403370678424835, -0.2562355399131775, 0.047758687287569046, -0.09883663058280945, -0.18917199969291687, -0.20012319087982178, 0.08614365756511688, 0.3028711676597595, 0.01715802401304245, -0.10721617192029953, -0.47613489627838135, 0.2062743753194809, 0.16041843593120575, -0.13784416019916534, 0.3903127908706665, -0.417775422334671, 0.14874766767024994},
		{-0.13974815607070923, 0.19821573793888092, 0.06396666169166565, -0.04370799660682678, -0.18141566216945648, -0.03462947532534599, -0.213993102312088, -0.026248805224895477, 0.009839987382292747, -0.08850117772817612, 0.22213581204414368, -0.3347603976726532, -0.10953745990991592, 0.17939355969429016, 0.39550894498825073, 0.36624300479888916, -0.18072600662708282, -0.2774045467376709, -0.024076173081994057, -0.18474061787128448},
		{-0.08679120987653732, -0.3068999648094177, -0.12919187545776367, -0.0309921745210886, 0.3995157480239868, 0.17133228480815887, -0.11006099730730057, 0.49092012643814087, -0.024965809658169746, 0.12595129013061523, -0.1216437891125679, 0.0659639909863472, -0.03582096844911575, -0.23855356872081757, 0.008814982138574123, 0.4797240197658539, 0.26307156682014465, -0.21587903797626495, -0.12379084527492523, -0.41185954213142395},
		{0.31803545355796814, 0.20818111300468445, 0.10443510860204697, 0.20472505688667297, -0.05193621665239334, -0.04236622154712677, -0.7241357564926147, -0.12008493393659592, 0.10170546919107437, 0.510904848575592, -0.15548032522201538, -0.09206491708755493, -0.21455828845500946, -0.35978400707244873, 0.2386777400970459, 0.32433006167411804, 0.06226981803774834, 0.22306936979293823, 0.050175923854112625, -0.329129695892334},
		{0.10874894261360168, -0.2249290496110916, -0.04308323562145233, -0.41802528500556946, -0.04843192175030708, 0.11532075703144073, -0.21664400398731232, 0.0890006273984909, -0.26810476183891296, 0.22280281782150269, 0.09895630180835724, -0.3785459101200104, -0.06723299622535706, 0.462098628282547, -0.23929189145565033, 0.10997970402240753, -0.058741360902786255, 0.1304934322834015, -0.1449403464794159, 0.04999883472919464},
		{-0.29692554473876953, -0.0364997573196888, 0.19476185739040375, -0.2091214954853058, 0.2764168679714203, 0.1990099400281906, 0.4086700975894928, -0.2565324008464813, 0.3150876462459564, 0.4581277668476105, 0.1836114376783371, 0.2770662307739258, -0.09788104891777039, -0.30388548970222473, 0.10455182939767838, 0.36420392990112305, 0.6461150646209717, 0.16760483384132385, 0.6019191741943359, -0.06182918697595596},
		{-0.2025846689939499, -0.12477526068687439, -0.10431108623743057, 0.25339823961257935, 0.04086139798164368, -0.31870758533477783, 0.48533445596694946, 0.2803454101085663, -0.3480859398841858, 0.6104456186294556, 0.09793373942375183, -0.06950679421424866, -0.24629294872283936, -0.43481916189193726, -0.11717289686203003, -0.27911874651908875, 0.33314600586891174, -0.042417045682668686, 0.36297762393951416, -0.15432330965995789},
		{0.4701841175556183, -0.05144604668021202, 0.16230709850788116, 0.010468194261193275, -0.49809688329696655, -0.49420157074928284, 0.5048673152923584, 0.5232836604118347, 0.1080424040555954, 0.2593173682689667, -0.11246203631162643, 0.14560063183307648, -0.2277502715587616, 0.1008734181523323, -0.04730633646249771, -0.20327144861221313, 0.07788226753473282, -0.12677164375782013, 0.05510932207107544, 0.14526493847370148},
		{0.19770115613937378, 0.0066336775198578835, -0.04818427190184593, 0.0036089501809328794, 0.22917862236499786, -0.16413234174251556, -0.9603484272956848, -0.0112002557143569, 0.07651980221271515, 0.28160297870635986, -0.373892605304718, 0.07871776074171066, -0.3806372284889221, 0.1608981192111969, 0.12999194860458374, 0.07658642530441284, -0.3491196632385254, -0.29517194628715515, -0.06771755963563919, 0.4161209166049957},
		{-0.06599869579076767, 0.1275128722190857, 0.02087993733584881, -0.007973960600793362, 0.003294668858870864, -0.1376526951789856, -0.28381550312042236, 0.16803845763206482, 0.18670320510864258, 0.03543733060359955, 0.05775197595357895, -0.2830256521701813, 0.22411684691905975, -0.7539801597595215, 0.3906618356704712, 0.1255202293395996, 0.40076592564582825, 0.13495707511901855, 0.8254644274711609, -0.3915572762489319},
		{-0.8968214392662048, -0.044854626059532166, -0.06942017376422882, -0.03036527708172798, 0.05167984962463379, 0.06905406713485718, -0.39364010095596313, -0.16889211535453796, -0.3084825575351715, -0.19885966181755066, 0.16092567145824432, -0.0662156417965889, -0.34328484535217285, 0.19246622920036316, -0.11097849905490875, -0.19101101160049438, -0.22559525072574615, -0.127741739153862, -0.4002980887889862, 0.14043816924095154},
		{0.19278424978256226, 0.05941139906644821, 0.02125432901084423, -0.1486351191997528, 0.1797409951686859, -0.17911380529403687, -0.9987436532974243, 0.027151374146342278, 0.580187201499939, -0.012069197371602058, -0.06552491337060928, 0.21828970313072205, -0.17103080451488495, 0.15943460166454315, -0.10580328106880188, 0.13423392176628113, -0.32344162464141846, -0.03929256275296211, 0.165053591132164, 0.14318642020225525},
		{0.26155754923820496, -0.05952482670545578, -0.15008153021335602, -0.3977866768836975, 0.09771855175495148, 0.2893708050251007, 0.8084895014762878, -0.09271053969860077, -0.28996777534484863, 0.35722216963768005, -0.014909147284924984, -0.18547502160072327, -0.1080910786986351, -0.34718042612075806, 0.16142328083515167, 0.6277531385421753, 0.16374316811561584, 0.23108720779418945, 0.32494693994522095, -0.022803286090493202},
		{0.3739793300628662, 0.2710358798503876, -0.11533918976783752, 0.21079309284687042, -0.05400081351399422, -0.5563725233078003, -0.3187965452671051, -0.3611736297607422, -0.2906329333782196, -0.5370643734931946, -0.28714972734451294, 0.1277807652950287, -0.06311024725437164, -0.11311285942792892, -0.4166124761104584, -0.32986024022102356, -0.8988650441169739, -0.002019778359681368, -0.22542975842952728, 0.4677090644836426},
		{-0.3462574779987335, -0.42433369159698486, 0.02204205095767975, 0.32313933968544006, -0.3300294876098633, 0.05440015718340874, -0.2788833975791931, 0.26180070638656616, 0.1157025620341301, -0.027899863198399544, 0.06894585490226746, 0.16513802111148834, 0.20572403073310852, -0.2857837677001953, -0.24083302915096283, -0.33794716000556946, -0.3138127624988556, 0.36054104566574097, -0.035414863377809525, -0.036410633474588394},
		{0.22700759768486023, -0.08409535884857178, 0.10484335571527481, -0.02349701151251793, 0.09257850050926208, -0.13331331312656403, -0.11239135265350342, 0.13393265008926392, 0.18476630747318268, -0.17648343741893768, 0.1316998302936554, -0.2735593020915985, 0.2885616719722748, -0.18892915546894073, 0.1930105984210968, 0.018969621509313583, 0.18196186423301697, 0.3547095060348511, 0.3642948567867279, -0.12550358474254608},
		{-0.11121869832277298, 0.29248929023742676, 0.08540595322847366, 0.2005966156721115, 0.6695840358734131, -0.1326701045036316, -0.808281421661377, -0.19489046931266785, 0.03380914404988289, -0.14609821140766144, -0.3137781322002411, 0.17268571257591248, -0.28394249081611633, 0.22790780663490295, -0.12179455906152725, 0.18292301893234253, -0.2429288625717163, -0.5725694894790649, -0.39614081382751465, 0.20568425953388214},
		{-0.3033541738986969, -0.2189231812953949, 0.2325715720653534, -0.08290603756904602, 0.3256443738937378, 0.07140325009822845, 0.4445548355579376, -0.00595654034987092, 0.21744388341903687, -0.07197574526071548, 0.21293146908283234, 0.10022182762622833, -0.29239869117736816, 0.1506519913673401, 0.028115473687648773, -0.3451422452926636, -0.25025710463523865, 0.24620378017425537, 1.0298594236373901, -0.35153236985206604},
		{-0.4136824607849121, -0.20195458829402924, -0.3416147530078888, -0.477029949426651, -0.026284968480467796, 0.39186182618141174, 0.021149056032299995, -0.06302738934755325, 0.03729494288563728, -0.2730711102485657, -0.06674700975418091, -0.13978588581085205, 0.23517177999019623, 0.4333617687225342, -0.7482892870903015, -0.4981490671634674, -0.47562140226364136, 0.17924021184444427, -0.18165715038776398, 0.32295405864715576},
		{-0.07509558647871017, -0.03707458823919296, 0.20068398118019104, 0.4560006260871887, 0.029850350692868233, -0.301873117685318, -0.52140873670578, 0.024787379428744316, 0.1669604778289795, 0.13871429860591888, -0.11694872379302979, 0.5722172856330872, -0.2984655499458313, -0.4591381549835205, -0.483778715133667, -0.3292839825153351, -0.9357216358184814, 0.0573556162416935, 0.12004420906305313, -0.24003571271896362},
		{-0.06805865466594696, -0.2309931069612503, -0.15975619852542877, -0.19701088964939117, -0.22340746223926544, 0.034971702843904495, 0.22649149596691132, -0.38369229435920715, -0.22588859498500824, -0.5899608135223389, 0.04225125163793564, -0.5970525145530701, 0.5971702337265015, 0.37230437994003296, 0.14962495863437653, -0.046311404556035995, -0.2714640498161316, 0.43840232491493225, -0.417977899312973, -0.23186321556568146},
		{-0.47422894835472107, -0.23821315169334412, -0.03153156861662865, 0.36894264817237854, -0.4286048114299774, -0.0656600147485733, 0.6178544163703918, 0.05688432231545448, 0.8250864744186401, -0.3675347864627838, 0.23499444127082825, 0.38113489747047424, -0.05950123816728592, -0.174460768699646, -0.22505246102809906, 0.15755249559879303, 0.025341106578707695, -0.11818825453519821, 0.030073191970586777, 0.32095688581466675},
		{0.38747626543045044, 0.28547972440719604, 0.11022987961769104, -0.0995820015668869, -0.03247937560081482, -0.04690926894545555, -0.7031760811805725, 0.037543073296546936, -0.2140434831380844, -0.09335237741470337, 0.35908690094947815, -0.029229601845145226, -0.20287632942199707, 0.5273910760879517, -0.061212796717882156, -0.1740248054265976, -0.22923016548156738, -0.12766112387180328, -0.20465096831321716, 0.4139880836009979},
		{-0.2647460997104645, -0.2253650426864624, -0.33272239565849304, 0.1265552043914795, 0.028127973899245262, 0.08567113429307938, -0.1894264668226242, 0.2931648790836334, -0.38639646768569946, -0.6046876907348633, -0.08484768122434616, 0.054017480462789536, 0.029643336310982704, 0.022930048406124115, -0.29625973105430603, -0.4037339389324188, -0.35962608456611633, 0.07002167403697968, 0.06943255662918091, 0.15730716288089752},
		{-0.010031384415924549, -0.024424070492386818, 0.049304068088531494, -0.3330196440219879, 0.14543424546718597, -0.11959140002727509, -0.21070559322834015, -0.19456876814365387, -0.6016935110092163, 0.04471932351589203, 0.07194629311561584, 0.08459395915269852, -0.1437007039785385, 0.707522988319397, 0.38885653018951416, 0.04534957557916641, 0.16787217557430267, -0.6853808760643005, -0.7063127756118774, -0.2730891704559326}
	},
	{
		{0.030723784118890762, -0.2652431130409241, 0.15200673043727875, -0.14065170288085938, -0.2559833526611328, 0.018307199701666832, 0.26584702730178833, 0.14525699615478516, -0.07258762419223785, 0.2878793776035309, -0.4530532658100128, -0.04879147559404373, 0.17431235313415527, 0.2715997099876404, -0.12223367393016815, 0.3577241003513336, 0.42819803953170776, -0.1080981194972992, -0.1720418632030487, -0.13653063774108887},
		{0.4061359465122223, -0.02810441143810749, 0.10994280874729156, -0.18519748747348785, 0.1117834746837616, -0.13922086358070374, 0.3050757348537445, -0.04726693406701088, -0.061849866062402725, 0.26277482509613037, 0.25111302733421326, -0.30364924669265747, -0.14392144978046417, 0.03622262924909592, 0.44409993290901184, -0.30440160632133484, 0.09972885996103287, 0.2604547142982483, -0.07690437883138657, 0.06170309707522392},
		{-0.10039002448320389, -0.0250634104013443, -0.042426738888025284, 0.11387833952903748, 0.11908112466335297, -0.32490336894989014, 0.33607017993927, -0.1830618977546692, 0.05702776089310646, -0.17167742550373077, -0.10497213900089264, 0.22456827759742737, -0.005908031482249498, -0.004791838116943836, 0.05174187570810318, 0.07790600508451462, -0.09988804906606674, 0.10983853042125702, 0.025299370288848877, -0.1525445431470871},
		{0.197172150015831, 0.07714858651161194, -0.029228417202830315, 0.11726301908493042, 0.16135691106319427, -0.23274847865104675, 0.15555180609226227, 0.1473880261182785, 0.11125431209802628, 0.21496209502220154, -0.3139248490333557, 0.12645086646080017, 0.018631819635629654, 0.15607456862926483, 0.025663625448942184, -0.10478910058736801, -0.08534426242113113, -0.048186369240283966, 0.3159302771091461, -0.1349792182445526},
		{-0.021780667826533318, -0.09684352576732635, 0.16931049525737762, 0.07539155334234238, 0.11167854815721512, 0.007227816618978977, 0.09374382346868515, 0.2739154100418091, 0.04639390483498573, -0.09988707304000854, 0.14058110117912292, 0.07406473904848099, -0.16192498803138733, -0.12827284634113312, 0.16811709105968475, 0.12248900532722473, 0.019830889999866486, -0.07224953919649124, 0.15520639717578888, -0.0861806869506836},
		{0.08715972304344177, 0.04341188073158264, -0.0011555961100384593, 0.10884734243154526, -0.11436375230550766, 0.05448828637599945, 0.1563754826784134, -0.3911531865596771, -0.22801189124584198, 0.11502097547054291, 0.3081565499305725, 0.20532162487506866, 0.1525818258523941, 0.215402752161026, 0.036394551396369934, 0.20888713002204895, 0.41553840041160583, 0.14258861541748047, -0.4031810760498047, -0.08423225581645966},
		{0.06571964174509048, 0.3154008984565735, 0.025469694286584854, 0.17876090109348297, 0.1703401654958725, -0.08296334743499756, 0.18312616646289825, -0.06012682244181633, -0.10297854244709015, 0.3917331099510193, -0.05505026876926422, 0.3823833763599396, 0.1804024577140808, -0.02622598595917225, -0.11020151525735855, 0.05128220096230507, 0.2525419592857361, 0.1431989222764969, 0.03730979934334755, 0.05733416602015495},
		{0.22236105799674988, 0.14588919281959534, 0.5656639337539673, -0.10987735539674759, 0.005706338211894035, -0.08511227369308472, -0.07505491375923157, 0.11173064261674881, -0.7122339010238647, -0.2393004447221756, 0.006292568054050207, 0.07745452225208282, 0.2411322295665741, -0.03560075908899307, -0.06311970949172974, 0.1923714280128479, 0.21888209879398346, -0.5475741028785706, -0.38215571641921997, 0.09564056247472763},
		{0.07348737865686417, 0.1688615381717682, 0.1519862562417984, 0.18114371597766876, 0.2902129590511322, -0.03751954808831215, 0.009966997429728508, -0.12015273422002792, -0.5002663731575012, 0.09120901674032211, 0.01965680904686451, -0.03981637954711914, -0.08202305436134338, -0.3068400025367737, -0.18630295991897583, -0.3383778929710388, -0.3120679557323456, -0.04579772800207138, 0.00965944491326809, -0.19574420154094696},
		{0.023025477305054665, 0.3509500324726105, -0.048764534294605255, 0.2637522518634796, 0.03340115770697594, 0.15830925107002258, 0.055741507560014725, 0.11346177756786346, -0.4408508241176605, -0.07643222063779831, 0.04800807684659958, 0.30311983823776245, -0.14353415369987488, 0.1943916380405426, -0.047361236065626144, -0.10828610509634018, 0.1476384997367859, 0.35579586029052734, -0.08356038480997086, -0.22786745429039001},
		{-0.12226597964763641, -0.054277755320072174, 0.10157386213541031, -0.020709438249468803, 0.040142424404621124, 0.05742339789867401, 0.03906158730387688, -0.014616880565881729, -0.19622980058193207, 0.11521825194358826, -0.038885269314050674, 0.13295768201351166, -0.1754160374403, 0.030848976224660873, 0.21548569202423096, -0.39815545082092285, 0.20491771399974823, 0.366177499294281, -0.1457410603761673, -0.120785653591156},
		{-0.24789680540561676, 0.1186223030090332, -0.016544748097658157, 0.21258296072483063, 0.06391724199056625, 0.03743356466293335, -0.09641177952289581, -0.2744044363498688, -0.2445896565914154, 0.1906924992799759, 0.15119323134422302, 0.09771779924631119, -0.36941730976104736, -0.20632746815681458, 0.06344398111104965, 0.3008602261543274, -0.11653753370046616, 0.08735892176628113, 0.4451160430908203, -0.06309620290994644},
		{0.011163800023496151, 0.05089428648352623, -0.2680188715457916, -0.3570578694343567, 0.2146623283624649, 0.03816888481378555, -0.2613067626953125, -0.4350895583629608, -0.036716122180223465, 0.30933958292007446, -0.09480194747447968, -0.08864308148622513, 0.09060487896203995, 0.1636669784784317, 0.049070898443460464, 0.498795747756958, 0.19051651656627655, 0.2785997986793518, 0.23022063076496124, -0.1289687603712082},
		{-0.30511584877967834, 0.2803651690483093, 0.017253665253520012, -0.04343435913324356, 0.29772278666496277, 0.01419181376695633, 0.3634819984436035, -0.03872164338827133, -0.10606886446475983, 0.0830891951918602, 0.38538187742233276, 0.34445878863334656, 0.25034278631210327, 0.09086901694536209, 0.4334360957145691, -0.028678124770522118, 0.12541747093200684, 0.0949413925409317, -0.0485985167324543, 0.19248788058757782},
		{-0.11450574547052383, -0.044024739414453506, 0.0974745899438858, 0.39614588022232056, -0.10646254569292068, 0.08143265545368195, -0.3044457733631134, -0.0917225182056427, -0.5402597784996033, 0.409729540348053, -0.32736077904701233, 0.3147891163825989, -0.19696232676506042, 0.13998213410377502, 0.017893237993121147, 0.07258211076259613, 0.051053378731012344, 0.12006597220897675, -0.015917301177978516, 0.25806429982185364},
		{-0.14212678372859955, 0.0866071954369545, -0.18881627917289734, -0.1724185049533844, 0.18022766709327698, 0.1743537336587906, -0.25522375106811523, 0.16388797760009766, 0.03627118468284607, 0.4790058434009552, 0.06763749569654465, 0.21021388471126556, 0.10101956129074097, 0.2544844448566437, 0.024928728118538857, 0.3458777070045471, 0.5769898891448975, 0.009864122606813908, -0.20124965906143188, -0.24330264329910278},
		{0.11719893664121628, -0.18577878177165985, -0.15240071713924408, 0.1889447420835495, 0.18848179280757904, 0.08698326349258423, 0.5855575799942017, -0.3105369210243225, 0.011897879652678967, -0.0058207022957503796, -0.1388702541589737, 0.14703470468521118, 0.00023038857034407556, -0.08302143216133118, 0.027107954025268555, -0.32671913504600525, -0.3774845004081726, 0.1338103711605072, 0.03742389380931854, -0.19105586409568787},
		{-0.10439610481262207, -0.25421014428138733, -0.18287840485572815, 0.05669933930039406, 0.05516982451081276, -0.19487468898296356, 0.20248520374298096, 0.010317693464457989, -0.25549232959747314, -0.010262987576425076, 0.04782184213399887, -0.020198028534650803, 0.28835374116897583, 0.07112834602594376, 0.4183829724788666, -0.3273443579673767, -0.19397038221359253, 0.3226085901260376, 0.2992337942123413, 0.07846579700708389},
		{-0.2932596802711487, 0.3107469379901886, 0.0399172343313694, -0.2852276861667633, -0.010403507389128208, -0.09115423262119293, -0.29866641759872437, 0.08250308781862259, -0.12866562604904175, -0.10698642581701279, 0.2862561345100403, -0.07347727566957474, 0.1304570585489273, 0.009723781608045101, 0.15530279278755188, 0.10844321548938751, 0.472960889339447, 0.17484715580940247, -0.09545474499464035, -0.010993515141308308},
		{-0.18658311665058136, 0.1600879281759262, 0.0718596950173378, 0.2944909930229187, -0.2414901703596115, 0.12397688627243042, -0.14470817148685455, -0.12279181182384491, 0.22707264125347137, -0.08914714306592941, -0.12621952593326569, 0.15404537320137024, -0.6240683794021606, 0.11135130375623703, -0.023323696106672287, 0.08619183301925659, 0.13553877174854279, 0.507907509803772, 0.42848849296569824, -0.14982223510742188},
		{0.554264485836029, -0.2577040493488312, -0.33647140860557556, 0.1889914870262146, 0.15671472251415253, -0.1623689830303192, 0.020186224952340126, -0.08741392940282822, 0.25557106733322144, -0.03112243488430977, -0.18991146981716156, -0.3889636993408203, -0.27975890040397644, -0.29442116618156433, 0.163815438747406, -0.2927975356578827, -0.034478262066841125, -0.20265333354473114, 0.02425708994269371, 0.09729018062353134},
		{-0.07020100206136703, -0.29795461893081665, -0.09007027745246887, 0.14896737039089203, -0.2534105181694031, 0.23447634279727936, 0.0031237767543643713, -0.2857401669025421, 0.1265867054462433, -0.04637082293629646, 0.06768304854631424, -0.36644548177719116, -0.07776234298944473, -0.13375884294509888, 0.11952738463878632, 0.01694689691066742, -0.021796815097332, -0.11403530091047287, 0.242100790143013, -0.23280572891235352},
		{0.355280339717865, 0.06494652479887009, -0.1836017370223999, 0.09399405866861343, 0.18306124210357666, -0.016898419708013535, -0.22113336622714996, -0.14649119973182678, 0.18487608432769775, 0.3375130295753479, 0.0565045028924942, -0.04348555579781532, 0.34999021887779236, -0.050324175506830215, 0.20184271037578583, -0.09188362956047058, -0.05794376879930496, -0.3740306496620178, 0.07925623655319214, -0.4676370918750763},
		{0.008619215339422226, -0.37981486320495605, -0.1766524761915207, -0.01949572190642357, 0.5909229516983032, 0.2528119385242462, 0.06998230516910553, -0.15642288327217102, -0.2560512125492096, -0.48651212453842163, 0.22349992394447327, -0.25698092579841614, -0.610170841217041, -0.4187298119068146, 0.04925476014614105, 0.13892965018749237, 0.12875473499298096, -0.26383092999458313, 0.2987837791442871, -0.0205756276845932},
		{0.06324212998151779, -0.18815743923187256, -0.4493422210216522, 0.3424329459667206, 0.3066039979457855, 0.29044950008392334, 0.02224368415772915, -0.5373885035514832, 0.13422618806362152, -0.11364539712667465, 0.16307972371578217, -0.2749488353729248, -0.09823834151029587, -0.46934011578559875, -0.10916242748498917, 0.08851563930511475, -0.35091277956962585, 0.21656788885593414, 0.2342781126499176, -0.42671871185302734},
		{-0.29777127504348755, -0.11457519978284836, -0.37866923213005066, -0.23330983519554138, 0.36736851930618286, 0.4549309015274048, -0.21532806754112244, -0.15191400051116943, 0.3104000985622406, -0.13682137429714203, -0.18627452850341797, -0.15462684631347656, -0.17373201251029968, -0.2216360867023468, -0.2991815209388733, -0.014164251275360584, -0.13067282736301422, 0.009111141785979271, 0.22457273304462433, -0.26041534543037415},
		{-0.2584724724292755, -0.11859682202339172, -0.31593480706214905, 0.42789578437805176, 0.31084105372428894, 0.14084161818027496, 0.02087099477648735, 0.038453008979558945, -0.1346776932477951, -0.37832725048065186, -0.3394169807434082, 0.3250010311603546, -0.539548397064209, 0.23962579667568207, -0.1459721475839615, 0.18196748197078705, -0.38287460803985596, 0.2629338800907135, -0.020383553579449654, 0.062047798186540604},
		{-0.021349076181650162, -0.387656569480896, -0.551482081413269, 0.2072821855545044, 0.30483418703079224, 0.21303468942642212, 0.004829689860343933, 0.08177465945482254, 0.23375916481018066, -0.032240547239780426, -0.13140496611595154, -0.27799826860427856, -0.2825785279273987, -0.16776646673679352, 0.011645231395959854, -0.10802677273750305, -0.22017507255077362, -0.26452988386154175, 0.4235767722129822, 0.21523985266685486},
		{-0.20141862332820892, -0.10513585060834885, -0.00836877804249525, 0.13216833770275116, 0.4902418851852417, 0.32676270604133606, -0.09344928711652756, 0.11477965861558914, -0.4332750141620636, -0.30082592368125916, 0.06439119577407837, -0.04451034590601921, -0.30685314536094666, -0.6902831792831421, 0.1015956774353981, -0.0895962342619896, -0.14434467256069183, 0.024676049128174782, 0.3107870817184448, -0.231949120759964},
		{0.2655315101146698, -0.39695465564727783, 0.2943785786628723, 0.12662865221500397, -0.054401934146881104, 0.2728985846042633, -0.057284362614154816, 0.06714726984500885, 0.07944648712873459, -0.11291422694921494, -0.3597964942455292, -0.18636572360992432, 0.23215538263320923, -0.5262838006019592, -0.06124461069703102, -0.010651759803295135, 0.2039959877729416, -0.3916674852371216, 0.5403363704681396, -0.33628568053245544},
		{-0.5355239510536194, -0.17988350987434387, -0.5738753080368042, 0.004235782194882631, 0.361105352640152, 0.4201873540878296, -0.11404072493314743, -0.06440847367048264, 0.2811809778213501, 0.022622114047408104, -0.2433234304189682, -0.28860026597976685, -0.044589295983314514, -0.14110258221626282, 0.06864374876022339, -0.00532577745616436, -0.3069194555282593, -0.03232508897781372, 0.034077998250722885, -0.2252313196659088},
		{-0.43317463994026184, -0.3694233000278473, -0.5816952586174011, 0.29084306955337524, 0.39663881063461304, 0.278566837310791, 0.11047957837581635, -0.08594201505184174, -0.048224106431007385, 0.7787818312644958, 0.10789374262094498, -0.12167956680059433, 0.14712758362293243, -0.17903795838356018, 0.20946979522705078, 0.4010389745235443, -0.4390076696872711, -0.11749225109815598, 0.4844282269477844, -0.11266116797924042},
		{0.06046387925744057, -0.22586703300476074, 0.009477761574089527, 0.5419157147407532, 0.5113818049430847, 0.1070561334490776, -0.2708338499069214, 0.12824808061122894, -0.14541201293468475, -0.17524267733097076, 0.01276389230042696, -0.09921544790267944, 0.08789922297000885, -0.13692425191402435, 0.20318065583705902, -0.29724588990211487, -0.2677391767501831, -0.06844532489776611, 0.25440943241119385, -0.2834746837615967},
		{-0.26221683621406555, 0.14962926506996155, -0.3953228294849396, 0.036154236644506454, 0.141959547996521, 0.2277926504611969, 0.08671711385250092, 0.026560163125395775, 0.07197313755750656, -0.027972258627414703, -0.21332696080207825, 0.02570364996790886, -0.24071022868156433, 0.14204195141792297, 0.27266889810562134, -0.035753652453422546, -0.1449296623468399, -0.39074161648750305, 0.5707026720046997, 0.09182310104370117},
		{-0.022815538570284843, -0.5240249633789062, 0.22144381701946259, 0.1913709193468094, 0.4395271837711334, -0.1693100929260254, -0.08651810139417648, -0.11638328433036804, -0.03445543348789215, -0.2320861518383026, -0.10807272046804428, -0.3039446175098419, 0.03911219909787178, -0.3315092623233795, -0.18787963688373566, -0.17376163601875305, -0.21806380152702332, -0.03197946399450302, 0.7365317940711975, -0.48484137654304504},
		{0.1609315425157547, 0.08049625903367996, -0.025176526978611946, 0.18162837624549866, -0.14848171174526215, 0.3287491500377655, -0.1654769778251648, 0.12896183133125305, -0.40847542881965637, -0.23537948727607727, 0.6673167943954468, -0.2250543236732483, -0.23886887729167938, -0.2880731225013733, 0.10904200375080109, 0.09651584178209305, 0.5300800204277039, -0.13706672191619873, -0.38653498888015747, -0.3426561951637268},
		{-0.015721721574664116, 0.03747038170695305, 0.025682983919978142, 0.23237478733062744, 0.1192915067076683, 0.04331096261739731, 0.2548958361148834, -0.18280315399169922, 0.026206228882074356, 0.3415885865688324, -0.11113367229700089, 0.14521031081676483, -0.1873067170381546, -0.21908707916736603, 0.009390163235366344, -0.2946799397468567, -0.08864282071590424, -0.11076107621192932, 0.6484469771385193, -0.10050449520349503},
		{0.030999965965747833, -0.12376604229211807, 0.06425686180591583, 0.45408985018730164, 0.16675087809562683, 0.1353142261505127, -0.1289602667093277, 0.01776672713458538, 0.1133391484618187, -0.06303055584430695, -0.30539464950561523, -0.018580079078674316, 0.008240300230681896, -0.05849303677678108, 0.12930293381214142, 0.052124496549367905, -0.19634999334812164, -0.12915609776973724, 0.2026454508304596, -0.39947494864463806},
		{-0.18487012386322021, -0.022671617567539215, -0.26896604895591736, 0.4748867154121399, 0.076987124979496, 0.32140228152275085, -0.33968955278396606, -0.05850290507078171, 0.1703403890132904, -0.4233103394508362, -0.32500582933425903, 0.13414238393306732, 0.006530536338686943, -0.29290980100631714, 0.3068489730358124, 0.03925298899412155, 0.2119903564453125, 0.13741952180862427, 0.38855814933776855, -0.3155727684497833},
		{-0.14816255867481232, -0.23764115571975708, 0.10791380703449249, 0.3963170349597931, 0.11201678216457367, 0.5389668941497803, -0.05252780020236969, -0.11297198385000229, 0.20538507401943207, -0.08904198557138443, -0.06175335496664047, -0.39905625581741333, 0.07938484847545624, -0.23702791333198547, -0.11689717322587967, 0.5464759469032288, -0.1861097365617752, 0.42987820506095886, 0.6178132891654968, -0.3407819867134094},
		{0.6436351537704468, -0.17788325250148773, 0.35317859053611755, 0.04197787865996361, -0.2340029925107956, -0.14263980090618134, 0.47379180788993835, -0.711958646774292, -0.25543007254600525, 0.3222729563713074, 0.39888015389442444, 0.40009787678718567, 0.5640254020690918, 0.06778110563755035, 0.13343198597431183, 0.3041364252567291, 0.04498866945505142, 0.2806738317012787, -0.8857575058937073, 0.07365375757217407},
		{0.062097277492284775, 0.16251350939273834, 0.09302154928445816, 0.06118262931704521, -0.28188180923461914, -0.06867539882659912, 0.15714088082313538, -0.11635151505470276, -0.24875034391880035, -0.04275387525558472, -0.8589321970939636, 0.2464468777179718, -0.2818458676338196, 0.18288718163967133, -0.11816590279340744, 0.0323009230196476, -0.3000679612159729, 0.26489973068237305, -0.22907648980617523, 0.14221782982349396},
		{-0.17601948976516724, -0.050557248294353485, 0.11972220987081528, -0.19073531031608582, 0.33990558981895447, -0.3689398765563965, 0.46110081672668457, -0.1615000218153, -0.12142438441514969, 0.46592333912849426, 0.0457095243036747, -0.1005142405629158, 0.5143876075744629, -0.316752552986145, 0.10501900315284729, 0.09547589719295502, 0.28214141726493835, 0.26946982741355896, -0.4096389710903168, -0.24326317012310028},
		{-0.07530154287815094, 0.12777021527290344, -0.10214069485664368, 0.08243110030889511, -0.14727669954299927, 0.3001350462436676, -0.13886670768260956, -0.18422631919384003, -0.39119604229927063, 0.05732965096831322, -0.35191455483436584, -0.02770872227847576, 0.19540369510650635, 0.13204796612262726, 0.14040708541870117, 0.2609981596469879, -0.15765206515789032, 0.5200443863868713, 0.27146610617637634, 0.29003140330314636},
		{0.09861195087432861, 0.06802263110876083, 0.06423743069171906, 0.3577786982059479, -0.15080349147319794, 0.14389900863170624, 0.36104992032051086, -0.49851399660110474, -0.13462427258491516, -0.00491676339879632, -0.489321231842041, 0.29791080951690674, -0.8008244037628174, 0.5242017507553101, -0.16119226813316345, 0.2040361911058426, -0.3630198836326599, 0.3909829258918762, -0.053435951471328735, 0.17156066000461578},
		{-0.138226717710495, -0.15492647886276245, -0.41907718777656555, -0.006369282025843859, -0.08846497535705566, 0.043032512068748474, 0.005576014053076506, 0.2264479696750641, -0.2474922388792038, -0.0719037726521492, 0.4441833794116974, -0.07699985057115555, 0.1941787600517273, 0.6610345840454102, -0.01809433288872242, 0.384978324174881, 0.17696602642536163, 0.03437880426645279, 0.32154303789138794, 0.05809931457042694},
		{0.09805406630039215, -0.06035355478525162, 0.4674566984176636, -0.2682517170906067, 0.02875913493335247, -0.16172447800636292, -0.12143735587596893, 0.48909270763397217, -0.6034224629402161, 0.1654592603445053, -0.2006538361310959, -0.3204265832901001, 0.0906742513179779, -0.10757815092802048, -0.10351284593343735, -0.07342159748077393, 0.2526208758354187, -0.2945062220096588, -0.4671143591403961, 0.08522098511457443},
		{0.10725001990795135, -0.07528961449861526, 0.10040983557701111, 0.5843997597694397, 0.07001316547393799, 0.35143476724624634, 0.5187469720840454, -0.4234900176525116, -0.3171693682670593, 0.3153820037841797, 0.30298471450805664, -0.2633208632469177, 0.7374975681304932, 0.1665082722902298, 0.03646501898765564, 0.19865666329860687, 0.5316203832626343, 0.18407192826271057, -0.4630012810230255, -0.08030832558870316},
		{-0.054549627006053925, 0.22320730984210968, 0.22487278282642365, -0.10842591524124146, 0.15089675784111023, -0.2666393220424652, -0.6590657830238342, 0.05403357371687889, 0.5574924349784851, 0.08325181156396866, -0.23264123499393463, 0.2409251481294632, -0.015117008239030838, -0.2638806104660034, 0.3320583999156952, -0.5381017923355103, 0.1514521837234497, 0.1082436740398407, -0.26142629981040955, -0.08012686669826508},
		{-0.2050563097000122, 0.043067604303359985, -0.030647635459899902, -0.06543628871440887, 0.023539835587143898, -0.14550505578517914, -0.25114595890045166, 0.26641160249710083, 0.1574585735797882, 0.1471070945262909, -0.09795176237821579, -0.035764820873737335, 0.133869469165802, -0.5079540610313416, 0.1142500713467598, -0.0207466222345829, -0.09146498888731003, -0.38173744082450867, -0.1543983370065689, 0.10294725000858307},
		{0.3508085310459137, 0.3520393967628479, 0.15051834285259247, -0.4351732134819031, -0.11499711126089096, -0.01858803816139698, -0.3071233630180359, 0.39386454224586487, 0.02905927412211895, -0.2469189465045929, -0.22882170975208282, 0.019279032945632935, -0.2689051628112793, -0.19346679747104645, -0.031491898000240326, -0.2470107525587082, -0.11870314925909042, -0.41654127836227417, -0.358829140663147, 0.05728484317660332},
		{-0.0005980589194223285, -0.2519150376319885, -0.1740504950284958, 0.5356646180152893, 0.014232208952307701, 0.4038847088813782, -0.21216891705989838, -0.2776791751384735, 0.19950920343399048, -0.030359020456671715, -0.18236517906188965, 0.11317278444766998, -0.4736121892929077, -0.1473364382982254, 0.04024161398410797, 0.16305820643901825, -0.3898982107639313, 0.1725255697965622, 0.23174221813678741, 0.14928065240383148},
		{-0.3936206102371216, -0.29344499111175537, -0.21958936750888824, 0.6123825311660767, -0.06049986183643341, -0.0797981396317482, -0.18242062628269196, 0.11534600704908371, 0.48866721987724304, -0.12635041773319244, 0.08546792715787888, 0.7857878804206848, -0.03696713224053383, -0.08188613504171371, 0.5438432097434998, -0.0901942327618599, 0.13806529343128204, -0.24329525232315063, 0.2565358877182007, -0.20738759636878967},
		{-0.2393890768289566, -0.11173508316278458, -0.4322751462459564, -0.11103789508342743, -0.04706159979104996, -0.05544564500451088, 0.27474525570869446, -0.24045661091804504, 0.019424444064497948, -0.3678455650806427, -0.0794588103890419, 0.24178078770637512, -0.38851282000541687, -0.03793783113360405, 0.23163136839866638, -0.0572395958006382, 0.0994751900434494, 0.14759238064289093, 0.2599695324897766, -0.37390536069869995},
		{-0.013527950271964073, 0.12177421152591705, 0.19025376439094543, 0.1657106727361679, 0.01723043993115425, -0.6878003478050232, 0.06609776616096497, -0.012277862057089806, 0.1976829320192337, 0.26780232787132263, 0.06919016689062119, 0.33202648162841797, 0.028493264690041542, -0.214071124792099, 0.4278321862220764, -0.068074069917202, 0.03286118805408478, -0.0031817108392715454, -0.2930685579776764, 0.16643230617046356},
		{-0.09649433940649033, 0.0047741420567035675, 0.3120865225791931, -0.3906155526638031, 0.02845340594649315, -0.30171671509742737, -0.008525452576577663, -0.24626363813877106, 0.3308866322040558, 0.16870848834514618, 0.44900277256965637, 0.00785718485713005, 0.4209820032119751, 0.3392394483089447, -0.35290399193763733, 0.03331509232521057, 0.2901410758495331, -0.1419200301170349, -0.10987229645252228, -0.1746121346950531},
		{0.24922242760658264, 0.09783200919628143, 0.40334829688072205, -0.19547134637832642, 0.2791955769062042, 0.20103172957897186, -0.044877469539642334, -0.35483208298683167, 0.2842543423175812, -0.03770527243614197, 0.29068759083747864, -0.11099179089069366, 0.44049280881881714, -0.5219640135765076, 0.18278107047080994, -0.4253353476524353, 0.014185654930770397, -0.46203696727752686, -0.11656062304973602, -0.42888563871383667},
		{0.48238909244537354, 0.03364367038011551, 0.23271812498569489, -0.18247804045677185, -0.04843445494771004, 0.2317294478416443, -0.349174827337265, 0.0044430214911699295, -0.6905543804168701, 0.21331468224525452, -0.10015188902616501, -0.56260746717453, 0.042353253811597824, -0.07126708328723907, -0.16037599742412567, 0.20186083018779755, -0.20973245799541473, 0.11574935168027878, 0.05828939378261566, 0.13330452144145966},
		{-0.4108983278274536, 0.3017590641975403, 0.014837498776614666, 0.548414409160614, 0.15954208374023438, -0.040523696690797806, -0.14140671491622925, 0.26899805665016174, 0.117350272834301, -0.20518717169761658, -0.032539933919906616, 0.8183640837669373, -0.044506609439849854, -0.37372222542762756, 0.4509740471839905, -0.39640453457832336, -0.25725504755973816, -0.15060055255889893, -0.1223088726401329, 0.12200111895799637},
		{-0.24592916667461395, -0.6603642106056213, -0.1042412519454956, 0.05457831174135208, 0.17899684607982635, 0.06739793717861176, 0.03464372083544731, -0.44967105984687805, 0.02939462475478649, 0.7169892191886902, 0.3466821312904358, -0.37251728773117065, 0.30352887511253357, 0.05770459026098251, -0.3474416732788086, -0.13933658599853516, 0.5449435710906982, 0.2892122268676758, 0.21369753777980804, -0.3249403238296509}
	}
};

const float bias_ih[LAYER_NUM][3 * HIDDEN_SIZE] = {
	{0.12992213666439056, 0.11161845177412033, 0.18366648256778717, -0.1729615181684494, -0.05312080681324005, 0.14789706468582153, 0.04757654294371605, -0.24869638681411743, 0.19362860918045044, 0.11768510192632675, 0.1762777417898178, -0.11377342790365219, 0.00940658152103424, -0.02791118249297142, -0.12128958106040955, 0.17509710788726807, -0.004233427811414003, 0.16033007204532623, 0.10505958646535873, -0.10372792184352875, -0.12083552777767181, 0.15433253347873688, 0.21476411819458008, -0.1763213872909546, 0.16975298523902893, 0.008288491517305374, -0.3696172535419464, 0.0769241526722908, -0.32998713850975037, -0.3358895480632782, -0.4309312403202057, 0.12164177000522614, -0.21348518133163452, -0.2834644913673401, -0.010965166613459587, -0.3897051215171814, 0.22214578092098236, -0.264739990234375, -0.6017932295799255, 0.5835301280021667, -0.5898638963699341, 0.42135298252105713, 0.058693066239356995, 0.017306916415691376, -0.03670015186071396, 0.052583690732717514, -1.1020933389663696, 0.20900580286979675, 1.0026572942733765, -0.2352537214756012, 0.6312668919563293, -0.09344284236431122, -0.12484846264123917, -0.9438399076461792, 0.04186324030160904, -0.3528045117855072, -0.8019192814826965, 0.30915331840515137, 0.8614563345909119, 0.25099167227745056},
	{0.030475417152047157, -0.0006979015306569636, 0.019240399822592735, 0.10843832045793533, -0.0454668328166008, 0.12592442333698273, 0.10022575408220291, -0.03289728984236717, -0.06577138602733612, 0.020459581166505814, 0.16800536215305328, -0.19797508418560028, -0.33267927169799805, 0.34325844049453735, 0.14570121467113495, 0.14825980365276337, 0.06524860858917236, 0.03260320425033569, -0.26072850823402405, 0.11885444074869156, 0.8052577376365662, 0.6457972526550293, 0.3332321047782898, 0.7264845371246338, -0.11103551089763641, 0.37655097246170044, 0.4667888283729553, 0.612646758556366, 0.25658726692199707, 0.25525546073913574, 0.302805095911026, 0.7747948169708252, 0.5300226807594299, 0.45985278487205505, 0.09536202996969223, 0.3942926526069641, 0.3569062054157257, 0.5823957920074463, 0.2022799402475357, 0.0015029381029307842, -0.24513763189315796, 0.03727611154317856, -0.22629833221435547, 0.2286030799150467, 0.4340841770172119, 0.10814469307661057, 0.261430948972702, -0.2524268925189972, -0.1880396157503128, 0.03234250098466873, -0.18853327631950378, 0.4178287982940674, 0.3231067955493927, -0.3144550323486328, 0.27015221118927, -0.0874703899025917, 0.08855325728654861, 0.03779660165309906, -0.02397749200463295, -0.48690512776374817},
	{0.4780528247356415, 0.14949069917201996, -0.10961868613958359, 0.11285284161567688, 0.1195683628320694, 0.3335167169570923, 0.24167963862419128, -0.08695623278617859, 0.027119360864162445, 0.39610227942466736, 0.19383679330348969, 0.08857468515634537, 0.25293099880218506, 0.2759988605976105, 0.3669337332248688, 0.15590791404247284, 0.12132495641708374, 0.12401546537876129, 0.3292059302330017, 0.08163391053676605, 0.025805853307247162, 0.25393155217170715, 0.3530839681625366, 0.6798524856567383, 0.38597288727760315, 0.17500367760658264, 0.6571188569068909, 0.28528037667274475, 0.38073036074638367, 0.15183568000793457, 0.038241393864154816, 0.4122120440006256, 0.3732934594154358, 0.3267361521720886, 0.1232529953122139, 0.32883748412132263, 0.22284042835235596, 0.2961408793926239, 0.4628121554851532, 0.6872900724411011, -0.3844563961029053, -0.17626537382602692, 0.08507020771503448, 0.07500755041837692, -0.44766929745674133, -0.14337678253650665, -0.2389814704656601, 0.2509230077266693, 0.17738837003707886, -0.24905790388584137, -0.2897770404815674, 0.45769640803337097, 0.4399116635322571, 0.31839659810066223, 0.033622678369283676, 0.07716286927461624, 0.07575377821922302, -0.09262571483850479, 0.1473226398229599, 0.05489256605505943}
};

const float weight_hh[LAYER_NUM][3 * HIDDEN_SIZE][HIDDEN_SIZE] = {
	{
		{-0.04553384706377983, 0.06538578122854233, -0.004038777202367783, 0.004243922419846058, -0.16640254855155945, 0.011895018629729748, -0.12406947463750839, 0.24870756268501282, 0.09762400388717651, -0.04184114560484886, 0.003755709622055292, -0.13941612839698792, -0.08017779141664505, -0.12619489431381226, 0.11592171341180801, 0.013405407778918743, -0.15194988250732422, 0.15888269245624542, 0.09871754050254822, 0.078057661652565},
		{-0.01112340111285448, 0.13234390318393707, 0.037048328667879105, -0.04447563365101814, 0.07448802143335342, -0.07870170474052429, -0.11342326551675797, 0.03224365413188934, 0.009385056793689728, -0.11144986748695374, -0.04705271124839783, -0.06181121990084648, 0.08353032171726227, -0.0681968480348587, -0.06190236657857895, 0.01754126511514187, -0.05417178198695183, -0.04767962917685509, -0.04225904121994972, -0.03754659742116928},
		{0.0009184489026665688, 0.062047284096479416, -0.07766824960708618, -0.005243394989520311, 0.08547347784042358, -0.006827672012150288, -0.15982919931411743, 0.13287776708602905, 0.15772856771945953, 0.012433039024472237, 0.14790403842926025, -0.03207608684897423, -0.11814983934164047, -0.20592109858989716, 0.045100416988134384, -0.05625908821821213, -0.17463570833206177, 0.1473308801651001, 0.16594873368740082, -0.03365376219153404},
		{0.06113354116678238, -0.08467991650104523, 0.03976775333285332, 0.41872116923332214, -0.3490355908870697, -0.07159646600484848, 0.054808955639600754, 0.515922486782074, -0.24571216106414795, -0.11227913945913315, -0.11846844106912613, -0.41445615887641907, -0.023404311388731003, 0.052460040897130966, -0.20079505443572998, -0.2415909767150879, 0.26118507981300354, -0.013021433725953102, -0.14452548325061798, 0.06184575334191322},
		{-0.08419257402420044, 0.18720795214176178, -0.11742205917835236, 0.05701785907149315, 0.2691757082939148, -0.009811760857701302, 0.17310896515846252, -0.0262603722512722, -0.06605549901723862, 0.24737179279327393, -0.043264713138341904, 0.05849233642220497, -0.002918961923569441, 0.05875910446047783, -0.25637322664260864, -0.03622899949550629, 0.19486583769321442, -0.21889612078666687, -0.05304564908146858, 0.09696811437606812},
		{0.01254800520837307, 0.003174792742356658, 0.03502971678972244, 0.05078145116567612, -0.02120525762438774, -0.0008749000844545662, -0.15391363203525543, 0.11421866714954376, 0.10275496542453766, -0.10791558772325516, 0.08594992011785507, -0.03878851979970932, 0.024051612243056297, -0.09165263921022415, 0.09893830120563507, 0.0073483167216181755, -0.07640261948108673, 0.06585830450057983, 0.10879967361688614, -0.06566713005304337},
		{0.15448538959026337, -0.09003765136003494, 0.08431018143892288, -0.13875922560691833, 0.11899583041667938, 0.01793218031525612, 0.5473586916923523, -0.0686761662364006, -0.015341985039412975, -0.35589659214019775, -0.2658931016921997, -0.46282604336738586, 0.2573169767856598, 0.003952839411795139, 0.18703484535217285, -0.09144765883684158, -0.05545322224497795, 0.11425172537565231, 0.34433507919311523, 0.10463952273130417},
		{-0.08376988768577576, -0.029664717614650726, 0.0680452436208725, 0.14122605323791504, 0.43346506357192993, -0.19473524391651154, 0.16059163212776184, 0.3233915865421295, -0.4600192904472351, 0.15026766061782837, 0.28884756565093994, -0.03616219013929367, -0.10145723819732666, 0.3092995882034302, -0.12333910912275314, -0.2691362798213959, 0.17929202318191528, -0.25406092405319214, -0.28347933292388916, -0.08286993950605392},
		{-0.04966871067881584, 0.011459989473223686, -0.0356113500893116, -0.07102115452289581, -0.24775849282741547, -0.1005944237112999, -0.12340334802865982, 0.005511980503797531, 0.2977970540523529, 0.05082765966653824, -0.06590039283037186, 0.1643334925174713, -0.12709710001945496, -0.10160810500383377, -0.16916589438915253, -0.20416715741157532, -0.05137394368648529, -0.08100170642137527, 0.05618692561984062, 0.014652646146714687},
		{-0.053089722990989685, 0.17719592154026031, -0.07739267498254776, -0.3729322850704193, 0.00632256455719471, 0.09458597749471664, -0.06726913899183273, 0.21397915482521057, -0.2588163912296295, -0.16132952272891998, 0.04027409106492996, -0.08528193086385727, 0.025718549266457558, -0.1849411427974701, -0.039137598127126694, -0.30623161792755127, -0.25591281056404114, 0.1866135597229004, 0.08791062980890274, 0.13891814649105072},
		{0.027010878548026085, -0.12162508070468903, 0.05802541971206665, 0.013820065185427666, 0.18870727717876434, 0.10956402868032455, -0.32472240924835205, 0.11835659295320511, 0.2406962811946869, -0.07892721146345139, 0.12698988616466522, -0.30072879791259766, -0.08895834535360336, -0.21229588985443115, 0.2855646014213562, 0.26937946677207947, -0.009808282367885113, 0.009788372553884983, 0.16815537214279175, -0.06731290370225906},
		{0.19764235615730286, 0.0630510002374649, 0.14548641443252563, -0.2020495980978012, 0.11301586776971817, -0.04709199070930481, 0.05228282883763313, -0.12365423887968063, 0.04250294715166092, -0.039515625685453415, -0.15444213151931763, -0.014938430860638618, 0.12711769342422485, 0.08307038247585297, 0.28448039293289185, 0.1783459186553955, 0.17247426509857178, -0.12757335603237152, -0.0476190522313118, -0.4060963988304138},
		{-0.02318417653441429, -0.014822197146713734, -0.041164349764585495, -0.043688151985406876, -0.013884473592042923, 0.08178920298814774, 0.03902591019868851, -0.020691948011517525, 0.004992925561964512, 0.008943556807935238, 0.03956867754459381, -0.038986969739198685, 0.023271914571523666, -0.032698240131139755, -0.03408927470445633, -0.011723027564585209, 0.01630747877061367, -0.01454704999923706, 0.025370558723807335, 0.058028001338243484},
		{0.053931184113025665, -0.0564262680709362, 0.6026108860969543, 0.2285926640033722, -0.18217723071575165, -0.162308931350708, -0.25940051674842834, 0.2712746560573578, -0.10483308881521225, -0.14996029436588287, 0.06250395625829697, -0.21821069717407227, 0.11847136914730072, 0.1777375042438507, 0.21759064495563507, 0.19863003492355347, 0.21456894278526306, -0.1489959955215454, 0.08669411391019821, -0.46147066354751587},
		{0.18627893924713135, -0.14564527571201324, 0.12133969366550446, -0.3014163672924042, -0.6190730929374695, -0.12234058231115341, 0.07731586694717407, -0.3057568073272705, -0.3126494884490967, -0.008248919621109962, -0.14783670008182526, -0.3174595832824707, -0.039603278040885925, 0.1379024237394333, -0.3488800525665283, -0.18887485563755035, 0.04881306737661362, -0.1411316841840744, -0.28976255655288696, -0.11738760769367218},
		{-0.07696554809808731, 0.2904105484485626, 0.026289304718375206, -0.17275552451610565, 0.022387899458408356, -0.01065679918974638, -0.16850079596042633, -0.1108555793762207, 0.14218983054161072, 0.22509396076202393, -0.07802518457174301, -0.18048347532749176, -0.14280018210411072, -0.20189180970191956, -0.10256477445363998, -0.19168879091739655, -0.049087584018707275, 0.10509619861841202, -0.024786368012428284, 0.07922563701868057},
		{-0.1281234622001648, -0.46612703800201416, 0.12274381518363953, -0.4521811008453369, -0.09344808757305145, -0.08069784939289093, 0.03141733631491661, -0.20999808609485626, 0.11281472444534302, -0.07882806658744812, -0.18726810812950134, 0.15539631247520447, -0.046094268560409546, 0.14170952141284943, 0.19619113206863403, -0.05165763571858406, 0.3886184096336365, 0.002742704004049301, 0.10105635970830917, 0.030956516042351723},
		{-0.015177920460700989, -0.36414599418640137, -0.2715640068054199, -0.3460029661655426, -0.0973864495754242, 0.2985954284667969, -0.11657411605119705, 0.07271973043680191, 0.22794228792190552, -0.09943239390850067, -0.18933327496051788, -0.12543514370918274, 0.05900486931204796, -0.40290817618370056, -0.4328417181968689, -0.1120329350233078, -0.34959676861763, -0.4036276638507843, -0.05206026881933212, 0.07930336892604828},
		{0.252201110124588, 0.23351575434207916, 0.11885059624910355, -0.17848674952983856, -0.2576950788497925, -0.35091251134872437, -0.3977852165699005, 0.0015969466185197234, 0.12243650108575821, -0.10577894747257233, 0.16339360177516937, 0.11465083807706833, -0.053805217146873474, 0.08561728149652481, -0.19519804418087006, 0.15098682045936584, -0.002521590096876025, -0.21079343557357788, -0.04220076650381088, 0.034060921519994736},
		{0.11978795379400253, -0.0070271482691168785, 0.09505903720855713, 0.07349638640880585, -0.15934692323207855, -0.03006627969443798, 0.08060456067323685, -0.26960495114326477, 0.036947548389434814, -0.06136238947510719, -0.0002197085996158421, 0.0255577489733696, 0.060363899916410446, 0.07103526592254639, 0.10128604620695114, -0.010132568888366222, 0.05344906821846962, -0.07827067375183105, -0.20735272765159607, -0.17393364012241364},
		{-0.5524292588233948, 0.11907468736171722, 0.34883248805999756, -0.3154442012310028, -0.3102100193500519, -0.8854702711105347, 0.03213425725698471, -0.2892304062843323, 0.05636337399482727, 0.3862253427505493, 0.18492969870567322, 0.0516207329928875, -0.22446981072425842, 0.27888354659080505, 0.5178631544113159, 0.26039665937423706, 0.36395353078842163, -0.514947772026062, -0.36106085777282715, 0.032438211143016815},
		{-0.3027919828891754, 0.51051926612854, -0.14778201282024384, 0.12450747936964035, 0.11555605381727219, -0.13747674226760864, 0.08313985168933868, 0.18868033587932587, 0.41351640224456787, 0.3061619699001312, -0.5285062193870544, 0.28967612981796265, -0.6083171367645264, -0.21996967494487762, -0.18758529424667358, -0.2979224920272827, 0.02550048939883709, -0.365570068359375, 0.3051316738128662, 0.37011441588401794},
		{-0.3552089333534241, 0.18332359194755554, 0.07691390067338943, -0.09622524678707123, 0.30697745084762573, -0.06346023827791214, -0.35456931591033936, -0.2689320147037506, -0.2880244255065918, 0.03587132692337036, -0.02564244717359543, 0.20930105447769165, 0.020476417616009712, -0.14447490870952606, -0.40601441264152527, -0.026876989752054214, 0.1847374141216278, -0.053226862102746964, 0.2767387628555298, 0.3307090103626251},
		{-0.0688537210226059, 0.3136485517024994, -0.32826846837997437, -0.1754322052001953, 0.6230722069740295, 0.41952991485595703, -0.08018869906663895, -0.23081238567829132, 0.48230239748954773, -0.048754677176475525, -0.18563713133335114, 0.0239550843834877, 0.4866112470626831, 0.13254579901695251, -0.009148143231868744, -0.3013467788696289, -0.20679891109466553, 0.30717572569847107, 0.42755722999572754, 0.07012225687503815},
		{0.2384072095155716, 0.26456451416015625, -0.15972688794136047, -0.2756901979446411, 0.5309389233589172, 0.29971620440483093, 0.04746522754430771, 0.21787142753601074, 0.2387036234140396, 0.35736995935440063, 0.21642053127288818, 0.41074496507644653, 0.2407931089401245, -0.03962321579456329, -0.2504394054412842, 0.270633727312088, -0.12094184756278992, -0.02882896177470684, 0.3343316316604614, 0.4018154740333557},
		{0.5760640501976013, -0.18874569237232208, 0.08515862375497818, -0.21113179624080658, -0.18707682192325592, 0.08111796528100967, 0.1615104228258133, 0.041070710867643356, -0.18667033314704895, 0.2773638367652893, 0.10125168412923813, -0.5547130703926086, -0.08035837113857269, -0.006085806526243687, 0.08491651713848114, 0.09420996159315109, 0.48635581135749817, 0.10647784173488617, -0.48891618847846985, 0.08181474357843399},
		{-0.14906732738018036, 0.42908918857574463, 0.1264359951019287, -0.1511768102645874, 0.06983369588851929, -0.06463129818439484, -0.5811741948127747, -0.298237144947052, -0.5168315768241882, 0.3076307475566864, -0.04868053272366524, -0.2867623567581177, -0.27662813663482666, 0.25611817836761475, -0.061005402356386185, -0.24249637126922607, 0.019866609945893288, -0.17553362250328064, -0.3519209921360016, 0.050436705350875854},
		{0.2762130796909332, 0.04352057725191116, 0.18062840402126312, -0.07426073402166367, 0.36769914627075195, -0.12915177643299103, 0.00010264063894283026, 0.07037301361560822, 0.3065621852874756, 0.08033493906259537, 0.30473148822784424, -0.48027557134628296, 0.17701321840286255, -0.11398086696863174, 0.29460713267326355, 0.24488481879234314, 0.0661873072385788, 0.2278485745191574, 0.04448936507105827, -0.2973029613494873},
		{0.4661589562892914, -0.4029712677001953, 0.3494545519351959, 0.05786071717739105, -0.49008455872535706, 0.4574081301689148, 0.4262518286705017, 0.37644433975219727, -0.5293297171592712, -0.608507513999939, -0.51045823097229, 0.29670289158821106, 0.19133245944976807, 0.4950781762599945, -0.1978859007358551, -0.36999136209487915, 0.17114676535129547, -0.017808109521865845, 0.19826361536979675, 0.22419090569019318},
		{0.15920987725257874, 0.010565279982984066, 0.14510245621204376, 0.39933860301971436, -0.07991845160722733, -0.335157185792923, -0.03690677508711815, -0.2890855073928833, -0.2239294797182083, 0.5313512682914734, -0.15771491825580597, 1.0463314056396484, -0.23844066262245178, 0.33196502923965454, -0.1397465467453003, -0.030222561210393906, 0.2165166735649109, -0.6930478811264038, -0.3374226987361908, -0.20502281188964844},
		{0.03103213757276535, -0.0847436860203743, 0.3935829699039459, 0.12408475577831268, 0.1792745441198349, -0.5107833743095398, 0.35097259283065796, -0.24291330575942993, -0.5762531161308289, 0.2652851939201355, 0.08666051924228668, -0.182273730635643, -0.251714825630188, 0.658726692199707, 0.12675981223583221, 0.5627810955047607, 0.003589068306609988, -0.27844440937042236, -0.6264603137969971, -0.55135178565979},
		{-0.16090741753578186, 0.06536486744880676, -0.07659603655338287, 0.26940688490867615, -0.07210231572389603, 0.062320541590452194, -0.0826423242688179, 0.054361116141080856, 0.18372884392738342, 1.004667043685913, 0.35774338245391846, -0.49380481243133545, -0.09171377867460251, -0.033275384455919266, 0.2871652841567993, 0.13089106976985931, 0.3233545124530792, 0.2659653127193451, 0.1526920348405838, -0.011232073418796062},
		{-0.03907504305243492, 0.19595856964588165, 0.005408504977822304, 0.17555414140224457, 0.40481671690940857, -0.5441112518310547, 0.05446603521704674, -0.32656776905059814, -0.1346704661846161, 0.18401999771595, 0.20829708874225616, 0.24768328666687012, -0.5613545179367065, 0.14725174009799957, -0.02822442725300789, -0.15398801863193512, 0.19321593642234802, -0.30482661724090576, 0.15105092525482178, -0.34563782811164856},
		{0.22544923424720764, 0.2275380641222, 0.15151099860668182, 0.2953586280345917, 0.16499008238315582, 0.3054226338863373, 0.32149165868759155, -0.060081180185079575, 0.22803078591823578, 0.31015244126319885, -0.10491779446601868, 0.2848580479621887, -0.3565351963043213, -0.20368804037570953, -0.09905753284692764, -0.054233014583587646, 0.037853095680475235, 0.22740550339221954, 0.0034804961178451777, 0.0726921483874321},
		{-0.2607079744338989, 0.4878805875778198, 0.010442621074616909, -0.18219952285289764, 0.6417145729064941, 0.06959989666938782, -0.16555801033973694, -0.28889334201812744, -0.09038384258747101, 0.18795955181121826, 0.13989214599132538, 0.4588150382041931, -0.03460356965661049, -0.18055175244808197, 0.4839308559894562, -0.10032930970191956, -0.21765373647212982, 0.2988133728504181, 0.1364414542913437, 0.20521655678749084},
		{0.20587077736854553, -0.4749077558517456, 0.04713422805070877, -0.08723372966051102, -0.1260012686252594, 0.3345699906349182, 0.30626213550567627, -0.8178849220275879, 0.4682190418243408, -0.5229459404945374, -0.6997957229614258, 0.5681998133659363, 0.1172458603978157, -0.07527357339859009, -0.22878237068653107, -0.7077256441116333, 0.0853802040219307, 0.3257274329662323, -0.11151568591594696, 0.34032392501831055},
		{0.13738512992858887, -0.2997139096260071, -0.18237949907779694, 0.4731456935405731, -0.49165380001068115, -0.10955335199832916, -0.22194118797779083, 0.14411522448062897, 0.299541711807251, 0.32722240686416626, -0.1277187466621399, 0.24283896386623383, 0.2243521511554718, -0.18264921009540558, 0.37582871317863464, 0.35444581508636475, -0.2075490802526474, 0.02378271333873272, -0.02531920187175274, 0.046008601784706116},
		{-0.08520065993070602, -0.1510206162929535, 0.533406674861908, 0.6122004985809326, -0.24350008368492126, -0.028227243572473526, 0.2662196457386017, -0.15454764664173126, 0.11253923922777176, -0.10850581526756287, 0.48600950837135315, -0.3423813581466675, 0.05766601860523224, 0.35686877369880676, 0.5566523671150208, -0.03671041131019592, 0.38864442706108093, 0.4101721942424774, -0.4580613374710083, -0.5598670244216919},
		{-0.1464722901582718, -0.05381213501095772, 0.11259600520133972, 0.625963032245636, -0.13389289379119873, -0.39164575934410095, 0.2563527822494507, 0.2370547652244568, -0.45978352427482605, 0.4159071445465088, -0.19844236969947815, 0.30265283584594727, -0.6732666492462158, 0.2946245074272156, 0.25106698274612427, 0.38606590032577515, 0.1322900354862213, -0.27841249108314514, 0.29494816064834595, -0.1353198140859604},
		{-0.2956395447254181, -0.0005915809306316078, -0.6216822266578674, -0.522733747959137, 0.21026162803173065, 0.1141432523727417, -0.4715561270713806, -0.1422574371099472, 0.10792597383260727, 0.04836032912135124, 0.6027464866638184, 0.006729814689606428, -0.4043320119380951, -0.49112191796302795, -0.02857583947479725, 0.2687685191631317, -0.3398190438747406, 0.7500670552253723, -0.047081269323825836, 0.06845314800739288},
		{-0.6966785192489624, -0.33659353852272034, 0.039720576256513596, -0.3244423568248749, -0.40456849336624146, -0.026413066312670708, 0.0525968000292778, -0.07954785227775574, 0.2810036540031433, -0.6259140372276306, -0.6634229421615601, -0.11781355738639832, 0.3122768700122833, -0.07545088976621628, 0.17087629437446594, -0.33802530169487, -0.0769728496670723, 0.3748478293418884, 0.040599193423986435, -0.01973668858408928},
		{-0.23978517949581146, -0.2180192470550537, 0.2273283451795578, 0.09820619970560074, -0.43160587549209595, -0.10808029770851135, -0.2964208722114563, -0.5855864882469177, 0.38995298743247986, -0.21219848096370697, -0.1443808674812317, 0.30256980657577515, 0.0850493386387825, -0.18186402320861816, 0.06378571689128876, 0.21688878536224365, -0.24334555864334106, 0.04727562889456749, -0.14694267511367798, 0.06666194647550583},
		{0.31176209449768066, -0.015815595164895058, -0.08269542455673218, -0.0698787271976471, 0.221378892660141, 0.16339164972305298, -0.018821384757757187, -0.02263510599732399, -0.14939922094345093, 0.06756780296564102, 0.38941386342048645, -0.6301293969154358, 0.1253867894411087, -0.06177694723010063, 0.5750882625579834, 0.5555651187896729, 0.32631969451904297, -0.20066648721694946, -0.14112749695777893, -0.6151537895202637},
		{-0.7075108885765076, -0.6634575724601746, -0.18374544382095337, -0.1519809067249298, -0.13697777688503265, 0.5131371021270752, -0.10344391316175461, 0.1866898089647293, -0.17417246103286743, -0.9904819130897522, 0.12456884980201721, -0.470095694065094, 1.0690369606018066, -0.5448494553565979, -0.1558580994606018, -0.30738359689712524, -0.08389242738485336, 0.53489089012146, 0.25742414593696594, -0.07267503440380096},
		{-0.7561568021774292, -0.10832127183675766, 0.08327867090702057, -0.7356594204902649, -0.20096784830093384, -0.34799420833587646, 0.003972006496042013, 0.3216394782066345, 0.14536461234092712, 0.4539048969745636, -0.2869250178337097, 0.7976506352424622, -0.5376438498497009, 0.20558950304985046, -0.26492995023727417, -0.23784716427326202, 0.042404092848300934, 0.07735037803649902, -0.09976372122764587, -0.23964370787143707},
		{0.3841548562049866, -0.204312264919281, -0.023246370255947113, 0.17132283747196198, 0.3872140049934387, 0.44874081015586853, 0.12240802496671677, 0.11748519539833069, -0.03567417338490486, 0.31329643726348877, -0.003731135046109557, -0.0022589117288589478, -0.09878963232040405, 0.07164525240659714, -0.08517171442508698, 0.15230593085289001, -0.025697054341435432, -0.017073146998882294, -0.23817078769207, 0.14009273052215576},
		{-0.012462099082767963, 0.1757960319519043, 0.021170366555452347, -0.030535491183400154, 0.30550670623779297, -0.14078500866889954, -0.4215540885925293, 0.06287475675344467, -0.8517383933067322, 0.23754537105560303, -0.34438571333885193, 0.1259533315896988, -0.1250147819519043, 0.6175351738929749, -0.4166707992553711, -0.6577218770980835, -0.0682162493467331, -0.3469863533973694, -0.22829297184944153, -0.02309553697705269},
		{-0.5959803462028503, 0.433957576751709, -0.4490070343017578, -0.17009378969669342, 0.6183712482452393, 0.36769944429397583, -0.5910084247589111, 0.4119579493999481, -1.4265060424804688, 0.35253769159317017, -0.6314279437065125, -0.09884444624185562, 0.08640888333320618, -0.2555413246154785, -0.19428826868534088, -0.1564822643995285, -0.3721121847629547, -0.6514458656311035, -0.46923112869262695, 0.551895797252655},
		{-0.4520884156227112, 0.44385892152786255, -0.26263391971588135, -0.2809266746044159, 0.8961519002914429, 0.4807455837726593, -0.826239824295044, -0.21907268464565277, -0.3396676480770111, 0.2793962359428406, -0.18989485502243042, 0.47395291924476624, -0.09377358853816986, -0.17626959085464478, -0.14594495296478271, 0.0065999417565763, -0.29464757442474365, -0.15729843080043793, 0.040085479617118835, 0.39833784103393555},
		{-0.3180917501449585, -0.027575433254241943, -0.3253116309642792, -0.5615714192390442, 0.19976627826690674, -0.06693489104509354, -0.22522544860839844, -0.05042913928627968, -0.7877458930015564, -0.4533241093158722, -0.47616520524024963, 0.13520409166812897, 0.296869158744812, 0.2722811996936798, -0.7573349475860596, -0.5486043095588684, 0.009073019959032536, -0.33545470237731934, 0.33227458596229553, 0.6236446499824524},
		{0.40855836868286133, 0.4911082684993744, -0.13652756810188293, -0.2544217109680176, 0.7402766346931458, 0.1564887911081314, -0.34242403507232666, 0.11085072159767151, 0.09498926997184753, 1.1359416246414185, 0.08202485740184784, -0.054821670055389404, -0.3815881311893463, 0.1424538940191269, -0.32469695806503296, 0.28725743293762207, -0.4347115159034729, -0.14072805643081665, -0.1672247350215912, 0.20960193872451782},
		{-0.43624866008758545, -0.0010539962677285075, -0.4775454103946686, 0.059595126658678055, 0.49118971824645996, 0.5927165746688843, -0.3878549337387085, -0.6413062214851379, -0.07178772240877151, -0.583092987537384, 0.011160647496581078, -0.7173141241073608, 0.825430154800415, -0.5383525490760803, -0.0999588742852211, -0.240556538105011, -0.48724859952926636, 0.62409907579422, 0.3340315520763397, 0.12923476099967957},
		{-0.02511368878185749, -0.17816312611103058, 0.013701937161386013, 0.1360398232936859, 0.20049826800823212, -0.10155951231718063, -0.059676140546798706, 0.11643392592668533, -0.14988715946674347, 0.1218077540397644, -0.14606763422489166, -0.20363281667232513, -0.20781399309635162, 0.09598628431558609, 0.06006086617708206, -0.23935860395431519, -0.0731542631983757, 0.05463843047618866, -0.1325981616973877, -0.07799453288316727},
		{0.5349633693695068, -0.07043451815843582, 0.6518474817276001, 0.7093412280082703, -0.33208200335502625, -0.7415779829025269, 0.5064178705215454, 0.3027104437351227, 0.2255425751209259, -0.013116809539496899, -0.9014003276824951, 0.23616589605808258, -0.3109334409236908, -0.9855311512947083, 0.5620700120925903, 0.1971779465675354, 0.5625556707382202, -0.058494433760643005, 0.3471052944660187, -0.35272884368896484},
		{0.05622502788901329, 0.13730844855308533, 0.34822118282318115, 0.33261632919311523, 0.3477339744567871, -0.35099610686302185, 0.4438673257827759, 0.02708916924893856, 0.07771193981170654, 0.8906087279319763, -0.11081856489181519, 0.43628624081611633, -0.4488491714000702, 0.4343436062335968, 0.04072184860706329, 0.5492494702339172, 0.47951778769493103, -0.35294175148010254, -0.034327831119298935, 0.13116036355495453},
		{0.1719743311405182, -0.38525933027267456, -0.08664677292108536, 0.008847156539559364, -0.3127126693725586, 0.06622818857431412, 0.25911790132522583, 0.08385160565376282, -0.32330766320228577, 0.05637021362781525, -0.3069014251232147, 0.16379213333129883, 0.43225184082984924, 0.550990879535675, -0.36000385880470276, 0.1922721564769745, 0.10406440496444702, -0.32812878489494324, 0.05543902888894081, 0.34452858567237854},
		{-0.1395452916622162, 0.3830106258392334, 0.04214229807257652, 0.27593496441841125, 0.20569618046283722, -0.10187128931283951, 0.1057666763663292, -0.4700891971588135, -0.5909832715988159, 0.42749229073524475, -0.366901159286499, 0.22563837468624115, -0.0991664007306099, 0.5590077042579651, -0.6927488446235657, -0.04429202899336815, -0.4472675919532776, -0.7680274248123169, -0.4674696922302246, 0.19217287003993988},
		{-0.8155931234359741, 0.4262479841709137, -0.604577362537384, -0.5704115033149719, 0.38016238808631897, 0.47538378834724426, -0.34401094913482666, -0.3859741687774658, -0.3470010459423065, 0.26715099811553955, 0.0656493678689003, 0.3829871118068695, -0.8055378794670105, -0.011958377435803413, -0.09486623108386993, 0.18742160499095917, -0.34897544980049133, -0.41866615414619446, -0.49147626757621765, 0.2461351454257965},
		{-0.40677836537361145, 0.2125759869813919, -0.2230585217475891, -0.16440291702747345, 1.0945417881011963, -0.17376339435577393, -0.6491772532463074, 0.1371975541114807, -0.9017261266708374, 0.004726413171738386, 0.18169794976711273, 0.10872092097997665, 0.08020402491092682, 0.141000896692276, -0.46267664432525635, -0.32881540060043335, -0.3196849226951599, -1.2815487384796143, -0.19931401312351227, 0.3459913432598114},
		{0.01874224655330181, 0.3855128288269043, -0.015592518262565136, -0.5534946918487549, 0.4500609040260315, 0.2090115249156952, 0.1325322836637497, -0.28414013981819153, 0.09246796369552612, 0.08116677403450012, 0.2922244668006897, -0.5228973031044006, -0.09662742167711258, -0.11736627668142319, 0.2499665915966034, -0.23749940097332, -0.22240132093429565, 0.23867131769657135, 0.1206335797905922, -0.07860591262578964}
	},
	{
		{-0.013920903205871582, -0.5879854559898376, -0.14000996947288513, -0.07408995926380157, 0.1294519305229187, 0.3799220025539398, -0.13224874436855316, 0.11903005093336105, -0.3676828444004059, 0.2341478168964386, -0.07312817871570587, -0.23321162164211273, -0.06830401718616486, 0.08494484424591064, 0.03408556431531906, 0.024992724880576134, -0.04010504111647606, 0.028167488053441048, 0.09963595122098923, 0.11630938202142715},
		{0.006851860322058201, 0.0422462522983551, -0.33046454191207886, -0.1607583463191986, -0.1485617607831955, 0.11695221066474915, 0.030857646837830544, 0.36033332347869873, 0.11424130946397781, 0.23799487948417664, -0.09897954016923904, -0.11098034679889679, -0.3630002737045288, 0.0016474559670314193, -0.14205104112625122, 0.32842421531677246, -0.4365740120410919, 0.3473668098449707, 0.3117879331111908, 0.1795533299446106},
		{-0.08097781985998154, 0.09245067089796066, 0.3477567732334137, 0.08972638845443726, -0.12909890711307526, 0.02644447609782219, -0.0022774923127144575, 0.5628445744514465, -0.04743903875350952, 0.053517039865255356, -0.026797648519277573, 0.2128269225358963, -0.31052643060684204, 0.0428500734269619, -0.04886496067047119, 0.2219722419977188, 0.05495850369334221, -0.11413633823394775, 0.11386673152446747, 0.15317881107330322},
		{-0.04750324413180351, -0.09448306262493134, -0.025161661207675934, 0.5013477206230164, 0.15205134451389313, -0.29393720626831055, 0.04137139022350311, -0.028835918754339218, 0.22526805102825165, -0.22115762531757355, 0.6286012530326843, 0.14838239550590515, 0.0209794994443655, 0.06415391713380814, 0.03862341120839119, -0.03400983661413193, 0.14735594391822815, -0.19556213915348053, 0.08083874732255936, -0.26234009861946106},
		{-0.06313229352235794, -0.16651378571987152, -0.009224021807312965, -0.027820535004138947, 0.35787615180015564, -0.07617149502038956, -0.0864901915192604, 0.26413217186927795, 0.003994799219071865, 0.1514703929424286, -0.024307023733854294, -0.03550868108868599, -0.12294714897871017, 0.04642187058925629, -0.14579325914382935, -0.007079538889229298, 0.04538397118449211, -0.10029835253953934, 0.5507242679595947, 0.003682094858959317},
		{0.00756111228838563, 0.31650906801223755, -0.011033687740564346, 0.29707446694374084, 0.07110656797885895, 0.17648206651210785, -0.04674934223294258, 0.2017686814069748, -0.052136387676000595, 0.08820068091154099, 0.018192633986473083, 0.09752358496189117, 0.006355673540383577, -0.33652767539024353, 0.1883048564195633, -0.0891786590218544, -0.2015199363231659, 0.14543382823467255, -0.20305803418159485, -0.05414024740457535},
		{0.2274717390537262, 0.142246276140213, 0.15798203647136688, -0.1534581482410431, -0.1177516058087349, 0.23426507413387299, -0.3530212938785553, 0.14250093698501587, -0.07114549726247787, 0.040401872247457504, -0.13071630895137787, -0.16457757353782654, 0.05502574145793915, -0.20822034776210785, -0.012098414823412895, 0.26077356934547424, 0.03759966790676117, -0.27213728427886963, -0.14171160757541656, -0.04796251654624939},
		{-0.3442347049713135, 0.036015819758176804, -0.22044433653354645, 0.050951454788446426, 0.052918754518032074, -0.19686149060726166, -0.160245880484581, 0.11382643133401871, -0.42958909273147583, 0.0075764404609799385, -0.02851623296737671, -0.1925039142370224, -0.32049065828323364, -0.0031971936114132404, -0.10519707947969437, -0.16097372770309448, 0.025559021160006523, -0.46971648931503296, -0.20258694887161255, 0.19358254969120026},
		{-0.28110387921333313, 0.01365602482110262, -0.14418137073516846, 0.24968531727790833, -0.23773697018623352, 0.07692477107048035, 0.24163883924484253, -0.06277280300855637, -0.06481754034757614, -0.00213982374407351, 0.01252224575728178, -0.026893937960267067, 0.2299693524837494, 0.07466025650501251, 0.2601545751094818, 0.050282564014196396, -0.021305648609995842, 0.0791071429848671, -0.11196408420801163, 0.08229141682386398},
		{0.45862865447998047, -0.26829424500465393, -0.0071102166548371315, 0.5468659996986389, 0.047206539660692215, 0.1639229953289032, 0.2511066198348999, -0.22631816565990448, 0.11295254528522491, -0.5906537175178528, -0.1899065226316452, 0.4554922580718994, -0.5184783935546875, 0.19491249322891235, 0.100136399269104, -0.2484554648399353, -0.2905959188938141, 0.2206287533044815, -0.12704093754291534, 0.127036914229393},
		{-0.22888018190860748, 0.09450964629650116, -0.06574109941720963, 0.2930552363395691, 0.1916530281305313, 0.06183600798249245, 0.035137634724378586, 0.010681094601750374, -0.12815220654010773, 0.02920091152191162, 0.01317884586751461, 0.2569281756877899, -0.09544593095779419, 0.06490100920200348, -0.11599184572696686, 0.11967553198337555, 0.02368025667965412, 0.241010382771492, 0.03316127136349678, -0.22441335022449493},
		{0.3122289776802063, -0.034179218113422394, -0.019435498863458633, -0.01096723135560751, -0.06475552916526794, -0.08404980599880219, 0.3241144120693207, 0.1587304174900055, 0.09390240907669067, -0.35561516880989075, 0.1636563390493393, -0.2137317955493927, -0.08403140306472778, -0.08626668900251389, 0.21125851571559906, -0.15538494288921356, -0.03362061083316803, -0.08923181891441345, -0.08050776273012161, -0.49703454971313477},
		{0.21507127583026886, 0.1864573061466217, -0.13401399552822113, -0.1802358627319336, -0.01144141610711813, -0.030749011784791946, 0.008549905382096767, -0.15997610986232758, 0.4851408898830414, -0.07828187197446823, -0.3814798891544342, -0.4805952310562134, -0.29711228609085083, 0.0853489339351654, -0.3613404929637909, 0.22040534019470215, -0.31426647305488586, -0.18888838589191437, 0.1727069616317749, 0.2203647494316101},
		{-0.03029806911945343, 0.16265220940113068, 0.010758263990283012, 0.20821809768676758, -0.05137363821268082, 0.2052147090435028, 0.07251814752817154, -0.08461613953113556, 0.004462133627384901, -0.3891233503818512, 0.3373207151889801, -0.3624344766139984, -0.33522817492485046, -0.03864426165819168, 0.37722429633140564, 0.07254576683044434, -0.40706372261047363, 0.29251348972320557, 0.2774960994720459, -0.09706425666809082},
		{0.44986194372177124, 0.058744534850120544, 0.06596803665161133, 0.08571189641952515, 0.11708451807498932, 0.1524776965379715, 0.333208829164505, 0.08607544749975204, 0.6080528497695923, -0.2014523297548294, -0.07565261423587799, 0.2815162241458893, -0.004384452477097511, -0.21261174976825714, 0.12801329791545868, -0.0752183124423027, -0.05881289765238762, 0.10010357946157455, 0.14555814862251282, -0.13508105278015137},
		{-0.047897569835186005, 0.051792386919260025, -0.07134773582220078, 0.1835775077342987, 0.1790044903755188, 0.30014702677726746, -0.02967570163309574, 0.07852505892515182, -0.05592404305934906, 0.176597461104393, -0.01194688305258751, 0.30247947573661804, -0.0794239416718483, -0.22798895835876465, 0.8270881772041321, -0.05749403312802315, -0.018836569041013718, -0.04657750949263573, 0.17896007001399994, -0.19523237645626068},
		{-0.055506620556116104, -0.17926175892353058, -0.22615589201450348, -0.22633065283298492, 0.0024075007531791925, -0.07461611181497574, 0.11442184448242188, -0.10306096076965332, 0.014682247303426266, -0.013250751420855522, -0.44185227155685425, -0.3150748610496521, -0.03994120657444, 0.1300056427717209, -0.01938990131020546, 0.07219378650188446, -0.021012933924794197, -0.2664002478122711, 0.26868924498558044, 0.11680228263139725},
		{-0.35611677169799805, 0.08889185637235641, -0.1468261182308197, 0.05016282945871353, -0.15049897134304047, 0.054793279618024826, 0.02577276900410652, -0.013100973330438137, 0.07627389580011368, 0.03200916945934296, -0.07848993688821793, 0.09089010953903198, 0.2969983220100403, 0.035613611340522766, 0.06595350801944733, 0.013191256672143936, -0.07786636799573898, 0.1887717843055725, 0.28249987959861755, -0.11992783099412918},
		{-0.05914298817515373, 0.37287917733192444, -0.06720428168773651, -0.09283966571092606, -0.212884783744812, 0.11362777650356293, -0.10165737569332123, 0.06857122480869293, -0.24766743183135986, -0.13344323635101318, 0.053972549736499786, -0.33164018392562866, 0.07725770771503448, -0.41225212812423706, 0.0315486378967762, 0.5175738334655762, -0.24612317979335785, 0.06749706715345383, -0.37788739800453186, -0.007049331441521645},
		{0.04601459577679634, 0.20694489777088165, 0.08660983294248581, -0.030905408784747124, 0.4459989666938782, 0.18398024141788483, -0.13128584623336792, 0.2179584801197052, -0.19256170094013214, -0.27320554852485657, 0.02194620855152607, 0.16930627822875977, -0.21713845431804657, -0.10138382762670517, 0.31803256273269653, -0.46044233441352844, 0.02383141964673996, -0.21346110105514526, -0.1425783932209015, 0.20566554367542267},
		{-0.16513344645500183, -0.6460949182510376, -0.3420078158378601, -0.14428502321243286, 0.18908089399337769, 0.4199005663394928, 0.6136612296104431, -0.48953545093536377, -0.12456559389829636, -0.6142103672027588, -0.5840499997138977, 0.15881136059761047, -0.18761508166790009, -0.2274056375026703, -0.03654944896697998, -0.13108417391777039, -0.43464696407318115, -0.060990188270807266, -0.17206357419490814, -0.1825735867023468},
		{-0.4857276678085327, -0.7763842940330505, -0.4600503146648407, 0.23216533660888672, 0.4830617904663086, 0.13703805208206177, 0.2111474871635437, -0.18957839906215668, -0.9979692697525024, 0.22406618297100067, 0.5619276165962219, -0.1399098038673401, -0.15530657768249512, -0.5499547719955444, -0.4063645005226135, 0.09118328988552094, 0.0822727158665657, 0.3304595649242401, 0.3321356177330017, -0.17550724744796753},
		{-0.4562251567840576, -0.4732580780982971, -0.5290819406509399, -0.18166090548038483, 0.060616884380578995, -0.22431723773479462, 0.5697938799858093, 0.02123270556330681, -0.09931139647960663, -0.14055970311164856, 0.009524388238787651, 0.01389690488576889, -0.10320450365543365, -0.03948763757944107, 0.13867346942424774, 0.005307365674525499, 0.10638567060232162, -0.08670202642679214, 0.1454993039369583, -0.333265483379364},
		{-0.03423371911048889, -0.28004157543182373, 0.047945018857717514, 0.4226776361465454, 0.19538670778274536, 0.1579015851020813, -0.0006421002908609807, -0.04647073522210121, 0.39464271068573, 0.009965700097382069, -0.2473764270544052, 0.1393427550792694, -0.020777462050318718, 0.05656372755765915, 0.22782869637012482, 0.22695787250995636, -0.20449824631214142, 0.01429529394954443, -0.18783719837665558, -0.49624714255332947},
		{0.2606518566608429, -0.1115763783454895, 0.23200324177742004, -0.11564009636640549, 0.08044036477804184, -0.015425457619130611, -0.3333737552165985, 0.10545101016759872, -0.43964940309524536, -0.15308690071105957, -0.01286776177585125, -0.14045719802379608, 0.1707678735256195, -0.18877434730529785, -0.24770809710025787, 0.03984898328781128, 0.06599058210849762, -0.26785963773727417, -0.5920694470405579, -0.008699021302163601},
		{0.11985283344984055, 0.2758096754550934, 0.09047506749629974, 0.39228326082229614, -0.12323349714279175, 0.39807748794555664, 0.0017456606728956103, 0.16203901171684265, 0.2984882891178131, -0.2196103036403656, 0.04034779593348503, -0.09385591000318527, -0.17734003067016602, -0.23403400182724, 0.08401643484830856, 0.176006019115448, 0.17872436344623566, 0.4907251298427582, -0.41413918137550354, -0.05369911342859268},
		{-0.5879639387130737, -0.4556938111782074, 0.0543038509786129, -0.19108615815639496, -0.004426822066307068, -0.1412675976753235, -0.31639623641967773, 0.494078129529953, -0.4736037254333496, -0.09853486716747284, -0.13799837231636047, -0.16086405515670776, 0.05899576097726822, -0.005779733415693045, -0.12880901992321014, -0.027474554255604744, -0.023685045540332794, -0.5985087752342224, -0.07514002174139023, -0.08252298086881638},
		{-0.6470144391059875, -0.059639617800712585, -0.08360834419727325, 0.09827706217765808, 0.3320237398147583, -0.2318526953458786, -0.14407067000865936, -0.19677752256393433, 0.27612927556037903, 0.6530346274375916, 0.13801273703575134, -0.0328698605298996, 0.13756512105464935, 0.3195367753505707, 0.1205982118844986, 0.040638431906700134, 0.3199499547481537, 0.5906381011009216, 0.014199874363839626, -0.10414496809244156},
		{0.2806292474269867, 0.19382090866565704, 0.17383332550525665, 0.3972484767436981, 0.35874778032302856, -0.14554622769355774, 0.11920911818742752, 0.22475948929786682, -0.7637012004852295, -0.06369420140981674, 0.2112337052822113, -0.019324613735079765, -0.451078325510025, -1.039017915725708, -0.0832546055316925, 0.05400180071592331, -0.04126857966184616, -0.6471588611602783, -0.2983442544937134, -0.2793968617916107},
		{0.0459529347717762, -0.3993176817893982, 0.24264177680015564, 0.22072356939315796, 0.4357464909553528, -0.05007147789001465, -0.20243316888809204, 0.028957335278391838, 0.004181430675089359, 0.15502610802650452, 0.11860138922929764, 0.26392683386802673, -0.04252627119421959, 0.02694336138665676, 0.2389596700668335, 0.25162529945373535, 0.03480709716677666, 0.005529976915568113, 0.1379203498363495, -0.13422396779060364},
		{0.13403251767158508, 0.12001413851976395, -0.309010773897171, 0.2655555009841919, 0.19550073146820068, -0.3782917857170105, 0.41514021158218384, -0.5787436962127686, -0.3078708350658417, -0.035113055258989334, -0.29636630415916443, 0.283579558134079, 0.20470799505710602, 0.10304830968379974, -0.12623268365859985, -0.09587829560041428, -0.07691244781017303, -0.05082100257277489, -0.07368142902851105, -0.5249033570289612},
		{-0.32253944873809814, -0.3244854509830475, -0.20707543194293976, -0.24952755868434906, 0.2442311942577362, 0.13304801285266876, -0.17667701840400696, 0.236600860953331, -0.3564389944076538, 0.18522962927818298, 0.001972186379134655, -0.0778961032629013, 0.12679731845855713, -0.13968594372272491, -0.2015659064054489, 0.3203614354133606, 0.372917503118515, 0.1189546287059784, 0.21246246993541718, -0.374496728181839},
		{-0.3971291184425354, -0.12618891894817352, -0.12160535156726837, 0.196285218000412, 0.07010843604803085, -0.07162734121084213, 0.02094695344567299, -0.23834924399852753, -0.2283577024936676, -0.1267573982477188, -0.09823209047317505, 0.4920967221260071, 0.20246922969818115, 0.37564924359321594, 0.04878418520092964, 0.20557591319084167, 0.2320713996887207, 0.4376572370529175, -0.12745781242847443, -0.594545841217041},
		{0.11015459150075912, 0.13820688426494598, 0.24621392786502838, -0.10856995731592178, 0.42820215225219727, -0.03299536556005478, 0.1080397441983223, 0.10240794718265533, 0.028422800824046135, 0.7016095519065857, 0.34182700514793396, -0.2983822226524353, 0.10967019945383072, -0.21050149202346802, 0.43867364525794983, 0.19656623899936676, 0.02425610087811947, 0.3967694938182831, -0.13255389034748077, -0.3822340965270996},
		{0.426346093416214, -0.5136974453926086, 0.43140503764152527, 0.6312379240989685, 0.06752055883407593, -0.21907028555870056, 0.11256131529808044, -0.2762130796909332, -0.5473557710647583, 0.6570065021514893, 0.17677541077136993, -0.4045083522796631, 0.1117393970489502, -0.31195181608200073, 0.5206411480903625, 0.2988611161708832, -0.020850375294685364, -0.15936793386936188, 0.1575089991092682, -0.009050937369465828},
		{0.1405799686908722, -0.0590246245265007, -0.1394340544939041, -0.14857569336891174, -0.21525198221206665, -0.0639769658446312, 0.11588035523891449, -0.3779706060886383, -0.0069007729180157185, -0.14151057600975037, 0.18421590328216553, 0.01231407467275858, 0.040474943816661835, 0.2278507947921753, -0.29955410957336426, -0.16951172053813934, 0.3923737704753876, 0.34654003381729126, -0.09505423903465271, 0.3151068091392517},
		{0.0727127268910408, -0.046139489859342575, 0.22007322311401367, 0.3637000024318695, 0.03622634708881378, -0.017782537266612053, -0.13350781798362732, -0.19189928472042084, 0.01587538607418537, 0.23565712571144104, -0.06541972607374191, 0.6484811305999756, 0.10050608217716217, 0.40560412406921387, -0.15982791781425476, 0.15374526381492615, -0.2229641079902649, 0.21148979663848877, -0.22376543283462524, -0.06110444664955139},
		{1.0728505849838257, 0.4088737666606903, 0.1296243965625763, 0.05536292493343353, 0.31238797307014465, -0.2400897890329361, -0.23300261795520782, 0.193289652466774, -0.27258387207984924, 0.3162076771259308, 0.12049800902605057, 0.1465838998556137, -0.07737777382135391, -0.2907668948173523, 0.24419854581356049, 0.09524630755186081, 0.0201665498316288, -0.28856027126312256, 0.03742508590221405, 0.08372560143470764},
		{0.43273085355758667, -0.18048471212387085, -0.10569307208061218, 0.19367824494838715, -0.002588459523394704, 0.2499753087759018, 0.31182631850242615, -0.30784833431243896, -0.2159244418144226, 0.31235790252685547, -0.24447964131832123, -0.17964822053909302, -0.15602698922157288, 0.593347430229187, -0.749226450920105, 0.34125980734825134, -0.37307271361351013, 0.29387640953063965, 0.5656270980834961, -0.004998586140573025},
		{0.23616088926792145, 0.5200309157371521, 0.18796613812446594, -0.1056373342871666, 0.1662273108959198, -0.08073053508996964, -0.07498932629823685, 0.4206186532974243, 0.2341303825378418, -0.47897428274154663, 0.06484480202198029, -0.05652255937457085, -0.1815420389175415, 0.01996828429400921, 0.26596972346305847, -0.05020533502101898, 0.1972910761833191, 0.15879333019256592, 0.6011728644371033, -0.3827051520347595},
		{0.4263509213924408, 0.375142902135849, 0.07994405180215836, 0.09351887553930283, 0.16450811922550201, 0.46571624279022217, 0.5653588771820068, -0.1619960218667984, 0.018090521916747093, -0.05841055512428284, 0.012516651302576065, 0.2014778107404709, -0.4328749179840088, -0.1618925780057907, 0.2277326136827469, -0.5134060382843018, -0.3200826942920685, 0.11104150861501694, -0.12695080041885376, 0.5453407168388367},
		{-0.125467449426651, 0.553567111492157, 0.01911245472729206, -0.32936030626296997, 0.12371834367513657, -0.3940451443195343, -0.16600468754768372, 0.08981858938932419, 0.5772848129272461, 0.013906287960708141, 0.7035635113716125, 0.3554029166698456, 0.31827443838119507, 0.10997100919485092, 0.3092113435268402, -0.5913481116294861, 0.23502887785434723, 0.3115939795970917, 0.15844173729419708, 0.16920335590839386},
		{0.19159436225891113, 0.3065929412841797, 0.8793761730194092, 0.04089703783392906, -0.025892110541462898, -0.2141982913017273, 0.21527311205863953, 0.19774164259433746, 0.004058118909597397, 0.004368622787296772, -0.18444041907787323, 0.12454958260059357, -0.525089681148529, -0.5186381340026855, 0.25753092765808105, -0.40501588582992554, -0.09973444789648056, -0.019496608525514603, -0.5914977788925171, 0.09590978920459747},
		{-0.2269495278596878, -0.11446822434663773, -0.24518243968486786, 0.4938145875930786, 0.4331710636615753, -0.06852583587169647, 0.3430470824241638, -0.16365815699100494, 0.26159536838531494, -0.03332994878292084, 0.6831004023551941, 0.25018563866615295, 0.07074776291847229, -0.048492636531591415, -0.0780421569943428, 0.14183096587657928, 0.14131410419940948, -0.1510147899389267, 0.13926662504673004, -0.3450362980365753},
		{0.13353170454502106, -0.3689810633659363, -0.01847592554986477, 0.04453466460108757, 0.09220176190137863, -0.03957856073975563, 0.2297833263874054, -0.03443274274468422, -0.08487675338983536, -0.058573175221681595, -0.0491991825401783, 0.09085492044687271, -0.1765470802783966, 0.32214120030403137, -0.1635894477367401, 0.16183404624462128, -0.03757206350564957, -0.003299248870462179, -0.01808011718094349, 0.14370116591453552},
		{0.6405978202819824, -0.24296137690544128, 0.09511300176382065, 0.4342896342277527, 0.03299378231167793, 0.3525603115558624, -0.1502084732055664, 0.19005875289440155, -0.3462713360786438, -0.4236345887184143, -0.3430830240249634, -0.2661895155906677, -0.2412169873714447, -0.4523499310016632, -0.15136507153511047, 0.5994249582290649, -0.16165940463542938, -0.048957303166389465, -0.5039613842964172, 0.18733733892440796},
		{-0.31850647926330566, -0.2960130274295807, -0.4988452196121216, 0.1916550099849701, -0.1844659149646759, -0.35949739813804626, 0.5155667066574097, -0.30967891216278076, 0.20220717787742615, -0.13414505124092102, -0.20879299938678741, 0.40603286027908325, -0.4142628610134125, 0.1539451777935028, -0.12355693429708481, -0.03654078021645546, -0.34216514229774475, 0.19836659729480743, 0.1624659150838852, 0.09571734815835953},
		{-0.11117493361234665, 0.11731669306755066, 0.3925400674343109, -0.05105644091963768, 0.42299824953079224, -0.26064640283584595, -0.29746830463409424, 0.7159205675125122, -0.18609674274921417, 0.43739092350006104, 0.38854360580444336, -0.23128576576709747, -0.095664381980896, -0.3119450807571411, 0.616584062576294, -0.2283376306295395, 0.20081759989261627, -0.5880668759346008, -0.027706453576683998, -0.6644721031188965},
		{0.18172898888587952, 0.18901032209396362, 0.6052615642547607, -0.6195847392082214, 0.3688620924949646, -0.5280218124389648, -0.41110101342201233, 0.4988116919994354, 0.8081274032592773, 0.23036549985408783, 0.1422789990901947, 0.3808765709400177, -0.08989367634057999, -0.14066387712955475, 0.3330525755882263, -0.16317060589790344, 0.17421169579029083, 0.007308245170861483, -0.07612082362174988, -0.10002633929252625},
		{0.4822739362716675, -0.47725537419319153, 0.34234973788261414, -0.009037550538778305, 0.1714126467704773, 0.31622493267059326, -0.17758744955062866, 0.6512455940246582, -0.8179676532745361, 0.385257363319397, -0.4186404347419739, -0.6954709887504578, 0.5352470278739929, -0.2929127514362335, -0.32358318567276, 0.3358190655708313, 0.27015888690948486, -0.04990660399198532, -0.3504393398761749, -0.50093674659729},
		{-0.03915567323565483, 0.45012280344963074, 0.3702278435230255, -0.3120401203632355, 0.33236807584762573, -0.284061998128891, -0.10631531476974487, 0.630098283290863, -0.0010787110077217221, 0.022627582773566246, 0.5505436658859253, -0.08152946829795837, 0.2558428943157196, -0.5126998424530029, 0.21909385919570923, -0.3548765480518341, 0.4520876407623291, -0.17718401551246643, -0.298348993062973, -0.42654332518577576},
		{-0.1016552746295929, 0.21731939911842346, 0.11302806437015533, -0.2680756449699402, 0.08793053776025772, -0.2921862304210663, -0.37239593267440796, 0.2571408748626709, 0.4883790910243988, -0.03714136406779289, 0.34276819229125977, 0.7311311364173889, 0.42595183849334717, -0.276160329580307, 0.28892990946769714, -0.21304230391979218, 0.6801804900169373, -0.053756795823574066, -0.17079807817935944, 0.1723209023475647},
		{0.060447338968515396, -0.5557255148887634, -0.29509103298187256, -0.3641018271446228, -0.012217624112963676, 0.5652362704277039, 0.09603651612997055, -0.1896466463804245, -0.14840145409107208, 0.43988239765167236, 0.1074792891740799, -0.6462421417236328, 0.40223604440689087, 0.1137985959649086, -0.11601436138153076, 0.5040974617004395, 0.6016680002212524, 0.18838709592819214, -0.015029133297502995, -0.062339842319488525},
		{0.23754169046878815, 0.041740532964468, 0.011559556238353252, -0.3045455515384674, -0.39401674270629883, 0.09392967820167542, -0.18829478323459625, 0.14667409658432007, 0.45802420377731323, 0.2840399146080017, -0.05820155143737793, 0.32068657875061035, 0.10802853107452393, -0.02836707979440689, -0.24326194822788239, 0.31787729263305664, 0.24678288400173187, -0.4554483890533447, -0.13743144273757935, 0.6351441740989685},
		{-0.45909610390663147, 0.03474345803260803, 0.7042586803436279, -0.28090813755989075, -0.008758691139519215, -0.24165232479572296, -0.6866555213928223, 0.38104715943336487, 0.4110402464866638, -0.16081924736499786, 0.6506531238555908, -0.29202818870544434, 0.09792359918355942, -0.9414116740226746, 0.30757763981819153, -0.5981511473655701, 0.2432425320148468, 0.0605042390525341, -0.5063455700874329, 0.13435262441635132},
		{0.5785126686096191, 0.5115355253219604, 0.1304274946451187, 0.11589125543832779, -0.0866529643535614, -0.041622597724199295, -0.40263858437538147, 0.21926330029964447, -0.18817253410816193, -0.0883667916059494, -0.020946558564901352, -0.2718319296836853, 0.040342800319194794, -0.493756502866745, -0.14432142674922943, 0.12874241173267365, -0.12813110649585724, -0.5418333411216736, -0.2864539623260498, 0.18410256505012512},
		{-0.4497074484825134, -0.1302647590637207, -0.13939835131168365, -0.4274831712245941, 0.10101699084043503, -0.07164633274078369, -0.27493637800216675, -0.0476636067032814, -0.08307917416095734, -0.08685116469860077, -0.2428903430700302, -0.1775459349155426, -0.107001394033432, -0.344392865896225, -0.40958714485168457, 0.1252390295267105, 0.30555447936058044, -0.12178411334753036, -0.09848775714635849, 0.0070925867184996605},
		{0.05241684243083, -0.05044148489832878, -0.21048665046691895, 0.1590852439403534, -0.32599756121635437, 0.2508862316608429, 0.08839920908212662, 0.09971798956394196, 0.47628089785575867, 0.3829880952835083, 0.027920374646782875, 0.37642398476600647, 0.18407182395458221, 0.09958948194980621, 0.05661943554878235, 0.3120555281639099, -0.12439264357089996, 0.6746324300765991, 0.1365574449300766, 0.137882798910141},
		{0.6404477953910828, 0.37322837114334106, 0.4110229015350342, -0.12105958163738251, 0.32647624611854553, -0.1759389340877533, -0.8748360276222229, 0.6233758926391602, -0.3107016980648041, 0.18267568945884705, -0.02209845557808876, -0.17393773794174194, 0.15942539274692535, 0.22968733310699463, 0.2539807856082916, -0.07445383071899414, 0.1308043748140335, -0.7033777832984924, 0.03789795935153961, 0.4237525761127472},
		{0.06507348269224167, 0.1579694002866745, -0.26291534304618835, 0.2064153254032135, -0.34932175278663635, 0.19053791463375092, -0.0956542044878006, 0.3958571255207062, 0.35340580344200134, -0.1104305237531662, 0.165538027882576, 0.12670303881168365, 0.1962498426437378, -0.1041400134563446, 0.08003014326095581, 0.15004880726337433, -0.5449855327606201, -0.17638924717903137, 0.5190224647521973, 0.3902137577533722}
	},
	{
		{0.2814631462097168, 0.16907325387001038, 0.23858776688575745, 0.5835483074188232, 0.05764031782746315, -0.2080817073583603, 0.362428218126297, -0.34526821970939636, 0.22378738224506378, 0.05013978108763695, 0.19001153111457825, -0.16121970117092133, -0.1308194100856781, -0.18383507430553436, 0.0865328386425972, 0.2912881672382355, 0.07625593990087509, 0.13220146298408508, 0.11382807046175003, -0.4754655063152313},
		{0.1999080926179886, -0.11044245213270187, 0.09806571155786514, -0.02995877154171467, -0.018164094537496567, 0.06291914731264114, -0.09382741153240204, 0.11522050201892853, -0.10160663723945618, 0.16801080107688904, 0.022676192224025726, 0.054357901215553284, -0.07619105279445648, 0.12009553611278534, 0.1575004905462265, 0.12239561975002289, 0.05068812519311905, 0.04924987629055977, -0.081246018409729, 0.23113420605659485},
		{0.41945353150367737, 0.4854688048362732, 0.04485424980521202, 0.2447495460510254, 0.5903363227844238, 0.013866321183741093, -0.133510559797287, 0.22081054747104645, -0.3838846683502197, 0.31626278162002563, 0.0800052061676979, 0.053046807646751404, -0.1266762614250183, 0.21853189170360565, 0.5371758341789246, -0.4995526969432831, -0.21092629432678223, -0.23578596115112305, 0.16494101285934448, -0.14234919846057892},
		{-0.033081766217947006, 0.08295126259326935, 0.28295430541038513, 0.10737185180187225, -0.020754575729370117, 0.15934394299983978, 0.18098916113376617, 0.08090287446975708, -0.17065484821796417, -0.08265180885791779, 0.09994334727525711, -0.008097294718027115, -0.011036318726837635, -0.08717407286167145, -0.18288087844848633, -0.10280600935220718, 0.009036662057042122, -0.22614316642284393, 0.10257109254598618, -0.3162059783935547},
		{-0.07804396003484726, -0.06786146759986877, 0.05886761471629143, -0.5538612604141235, -0.8624932765960693, -0.24520322680473328, 0.30428794026374817, 0.07263566553592682, -0.031125443056225777, -0.14757731556892395, 0.17618712782859802, -0.07472792267799377, -0.09873851388692856, -0.024698946624994278, -0.053522516041994095, 0.014122110791504383, 0.1435101181268692, 0.04781373590230942, 0.06472788006067276, -0.15106350183486938},
		{0.3186522424221039, 0.26764219999313354, 0.1075122132897377, -0.2541577219963074, 0.15529625117778778, 0.02258094772696495, -0.11657524108886719, 0.06962567567825317, 0.2566995322704315, -0.004138386342674494, 0.03158913552761078, -0.31793922185897827, -0.05660035461187363, 0.12071866542100906, 0.3927091360092163, 0.29376599192619324, -0.1903303563594818, 0.0702306404709816, -0.07903680950403214, -0.005500065162777901},
		{-0.028613349422812462, -0.033554647117853165, 0.034460023045539856, -0.14267995953559875, -0.12054040282964706, 0.1011778935790062, 0.08396001905202866, 0.278152197599411, -0.09071477502584457, 0.06349799036979675, 0.09354376792907715, 0.02934688702225685, -0.28518563508987427, -0.04619859904050827, -0.034374985843896866, -0.0484081394970417, 0.05627591907978058, -0.20378385484218597, 0.04230853170156479, -0.0700671598315239},
		{0.04786339029669762, 0.2326536774635315, -0.0027093980461359024, -0.09314873069524765, -0.08090627938508987, 0.14009851217269897, 0.12158802151679993, -0.15064392983913422, -0.24452728033065796, 0.06464926898479462, 0.3587113916873932, -0.200688898563385, 0.09264837950468063, 0.1734423041343689, -0.19056670367717743, -0.007424931041896343, -0.16247551143169403, -0.019493378698825836, -0.051094599068164825, -0.3871394991874695},
		{-0.017468059435486794, -0.04139183461666107, 0.11006507277488708, 0.35390955209732056, 0.16811367869377136, 0.15012533962726593, 0.06376875936985016, 0.10482989996671677, 0.12196916341781616, 0.0051749697886407375, -0.22237105667591095, 0.2007705718278885, 0.10009597986936569, 0.14269323647022247, 0.21136946976184845, -0.3836170732975006, 0.14489580690860748, -0.02941955253481865, 0.4829762876033783, 0.03827271610498428},
		{-0.17514237761497498, 0.09227890521287918, -0.04881026968359947, -0.2073196917772293, 0.06754308938980103, 0.054879844188690186, 0.12658722698688507, 0.05383969470858574, -0.35350313782691956, -0.15685352683067322, -0.014358429238200188, -0.04491971433162689, 0.055001627653837204, -0.19616593420505524, -0.07829995453357697, -0.14232246577739716, -0.08126073330640793, -0.1471535712480545, 0.14715668559074402, -0.09313718974590302},
		{0.01806809939444065, 0.024394841864705086, -0.13847239315509796, -0.08809956163167953, 0.10477586090564728, 0.032098188996315, -0.04491188004612923, -0.1680973321199417, 0.0611281543970108, 0.08806310594081879, -0.09786829352378845, 0.0530676543712616, 0.2677246034145355, 0.15234163403511047, -0.0008478446980006993, -0.2135944664478302, -0.24789844453334808, -0.20302724838256836, 0.22304624319076538, 0.09932930022478104},
		{0.2250632345676422, -0.00023175774549599737, -0.19851595163345337, -0.26841914653778076, 0.016988996416330338, -0.21301865577697754, -0.08633410930633545, -0.2216389775276184, -0.15092653036117554, 0.04226096719503403, 0.09988848119974136, -0.02152176946401596, 0.1986977905035019, 0.039929598569869995, -0.2171560823917389, 0.058472782373428345, -0.2327197641134262, 0.13675637543201447, 0.14762680232524872, -0.09644752740859985},
		{0.03449643775820732, 0.027166469022631645, 0.1439944952726364, 0.12343694269657135, 0.16756518185138702, -0.10876406729221344, 0.10124126076698303, 0.07154722511768341, 0.21993102133274078, 0.25179874897003174, -0.131693035364151, -0.0007570606539957225, -0.008234435692429543, -0.021178968250751495, -0.03952609747648239, 0.1817377209663391, 0.28836145997047424, -0.07810794562101364, 0.1480402797460556, -0.266703724861145},
		{0.01955346018075943, -0.25504112243652344, 0.3001956045627594, -0.3306078314781189, -0.05897955968976021, -0.04024707153439522, -0.05782509967684746, 0.004888336174190044, -0.2125547230243683, 0.14714136719703674, 0.06802427023649216, -0.13991890847682953, -0.1876910775899887, -0.19311688840389252, -0.19472524523735046, 0.04382047802209854, 0.1518930345773697, -0.027920344844460487, 0.15963658690452576, -0.08626970648765564},
		{-0.0362466499209404, 0.13744798302650452, 0.0651126578450203, -0.11481042206287384, 0.18694429099559784, 0.060222551226615906, 0.44091829657554626, -0.08951112627983093, 0.09738089144229889, 0.16084614396095276, 0.19397543370723724, 0.0009709191508591175, -0.08779381215572357, -0.30366039276123047, -0.24391968548297882, -0.19069117307662964, -0.13130657374858856, 0.4319777488708496, 0.007772921584546566, 0.11829303205013275},
		{0.1058211550116539, 0.233093723654747, 0.15299415588378906, 0.1202734038233757, 0.10248035937547684, 0.27366170287132263, 0.06583982706069946, -0.011697746813297272, 0.2989453971385956, 0.1007143184542656, 0.12052351981401443, 0.029741821810603142, 0.2359585464000702, -0.09672806411981583, 0.059909723699092865, 0.03420379012823105, 0.01314197015017271, -0.1663423627614975, -0.029651328921318054, 0.006909887306392193},
		{0.30001306533813477, -0.0376989021897316, -0.1529780626296997, 0.1816008985042572, 0.17534016072750092, -0.052520643919706345, -0.16909514367580414, 0.23160533607006073, -0.2659967839717865, -0.286922425031662, -0.1302722990512848, 0.16733746230602264, -0.31562086939811707, -0.12162502855062485, -0.36265048384666443, 0.037001386284828186, -0.1704002022743225, 0.27834445238113403, -0.23050616681575775, 0.13638371229171753},
		{0.39837127923965454, 0.04134764149785042, 0.15799356997013092, 0.3581196665763855, -0.14857228100299835, 0.19573774933815002, 0.09406372904777527, -0.172376349568367, -0.07702657580375671, -0.03871167451143265, -0.11709112673997879, -0.24476449191570282, -0.22309409081935883, -0.0705542042851448, 0.30940186977386475, 0.22970575094223022, -0.09248869121074677, 0.033029694110155106, -0.208314910531044, -0.020751656964421272},
		{-0.0006613630102947354, -0.24776090681552887, 0.40797746181488037, 0.36782559752464294, -0.12131839990615845, 0.14456051588058472, 0.22543974220752716, -0.29202261567115784, 0.20529237389564514, 0.21771621704101562, -0.4795105457305908, -0.2541021406650543, 0.026496287435293198, 0.0624871589243412, 0.1224060207605362, -0.17196157574653625, 0.2981582283973694, 0.08426138013601303, 0.26003381609916687, -0.1963859349489212},
		{0.1428488790988922, 0.2290199100971222, -0.24039049446582794, 0.2463533580303192, 0.04425074905157089, -0.015524343587458134, 0.016184836626052856, -0.07788633555173874, 0.13915881514549255, 0.21381822228431702, 0.0682283565402031, -0.1417641043663025, 0.08519722521305084, 0.0404178723692894, 0.28858914971351624, 0.011750747449696064, -0.001778928330168128, -0.22639529407024384, 0.14840584993362427, -0.17536719143390656},
		{0.25959211587905884, -0.0005395951448008418, -0.1997472494840622, -0.042079757899045944, -0.1593407243490219, -0.3177731931209564, 0.057209186255931854, 0.5161495804786682, 0.22507457435131073, -0.30162400007247925, -0.1909123957157135, 0.24687673151493073, 0.5994390845298767, 0.06266255676746368, 0.08328419923782349, 0.13781553506851196, 0.05807378515601158, -0.07684588432312012, -0.6866160035133362, 0.0638609454035759},
		{-0.12473076581954956, -0.4557362198829651, -0.08743662387132645, 0.02965961955487728, -0.4236336648464203, 0.08473910391330719, -0.043150030076503754, 0.1661791056394577, 0.23251262307167053, -0.46884098649024963, -0.01779565028846264, -0.15259422361850739, 0.31505388021469116, -0.016007263213396072, -0.0458238311111927, 0.0025917429011315107, 0.25029754638671875, -0.37970638275146484, -0.07182454317808151, -0.18825200200080872},
		{-0.0416548028588295, -0.31487220525741577, -0.2761519253253937, -0.21349434554576874, -0.2522839605808258, -0.1627471148967743, 0.09749546647071838, -0.0898367241024971, -0.14803235232830048, -0.14130818843841553, 0.19777995347976685, 0.04364164546132088, 0.24954763054847717, -0.12636707723140717, 0.4860233962535858, -0.08279363065958023, -0.02168676070868969, 0.07825115323066711, -0.2351095825433731, 0.17737771570682526},
		{0.017739759758114815, -0.3530749976634979, -0.13014914095401764, 0.3173103332519531, -0.18549056351184845, 0.34066131711006165, 0.3507115840911865, -0.019409094005823135, 0.7189518809318542, -0.7942078709602356, -0.10698755085468292, -0.21051977574825287, -0.03375820070505142, -0.2713705599308014, -0.9361206293106079, -0.13020500540733337, 0.039757706224918365, 0.09900660812854767, 0.1917068362236023, -0.11234056204557419},
		{-0.07269910722970963, -0.018131548538804054, -0.1395215392112732, -0.35339781641960144, -0.5146747827529907, -0.08711948245763779, -0.09799465537071228, -0.3048778772354126, 0.048274338245391846, 0.10298950970172882, 0.18520809710025787, -0.31414344906806946, 0.005364106502383947, -0.16850410401821136, 0.020100155845284462, 0.18082880973815918, 0.2806730568408966, -0.18478846549987793, 0.19805070757865906, 0.3483602702617645},
		{0.0008421347010880709, 0.10098306089639664, 0.09052008390426636, 0.2002980262041092, -0.45965221524238586, -0.6999645233154297, 0.018496865406632423, 0.12605585157871246, 0.023635106161236763, 0.2567521333694458, 0.36654478311538696, 0.18274585902690887, 0.12732404470443726, 0.22412501275539398, -0.11596226692199707, -0.17209342122077942, -0.3456175923347473, -0.026770763099193573, -0.10192431509494781, -0.05928177386522293},
		{-0.1327386051416397, 0.1894662231206894, 0.08740006387233734, 0.20465154945850372, -0.39558446407318115, -0.2097197026014328, 0.6868506669998169, 0.27596810460090637, -0.3899027109146118, -0.05283554643392563, 0.24042850732803345, 0.45165082812309265, -0.00553594995290041, 0.006531040649861097, 0.10260029882192612, 0.13711009919643402, -0.4680787920951843, -0.15141482651233673, 0.01740861125290394, 0.054623495787382126},
		{0.4026048183441162, -0.08659880608320236, -0.3745095729827881, -0.1711205244064331, -0.17048732936382294, -0.2827405035495758, 0.2920728921890259, 0.1379825621843338, 0.3509069085121155, 0.1852237582206726, -0.26538804173469543, -0.17282773554325104, 0.408022940158844, 0.03113495744764805, 0.17005769908428192, -0.2933204472064972, 0.049058444797992706, 0.038439225405454636, 0.13533221185207367, -0.008960391394793987},
		{-0.47197225689888, -0.28793877363204956, -0.3909875750541687, -0.578935444355011, -0.41930046677589417, 0.11438308656215668, -0.1718374639749527, -0.3821888267993927, -0.07653259485960007, 0.267782986164093, 0.06861304491758347, -0.29212209582328796, 0.14968737959861755, 0.48346126079559326, 0.09863876551389694, -0.27383702993392944, 0.07204227894544601, -0.09318536520004272, -0.01963018998503685, 0.2016313374042511},
		{-0.053643904626369476, 0.3334105908870697, -0.1921319216489792, 0.19409924745559692, -0.8025086522102356, -0.16371051967144012, 0.0019695076625794172, 0.4221924841403961, -0.03122229315340519, -0.386231005191803, -0.3957517445087433, 0.24789027869701385, 0.09169168025255203, 0.13315404951572418, -0.018110258504748344, -0.6488790512084961, 0.43714770674705505, -0.13224512338638306, 0.18404732644557953, 0.26221778988838196},
		{-0.007135920692235231, 0.10722135752439499, 0.08701878786087036, -0.1510729044675827, -0.52399080991745, -0.5369097590446472, 0.2746219038963318, 0.294888436794281, 0.24397531151771545, 0.028769146651029587, 0.47936493158340454, 0.4006202220916748, 0.14814971387386322, 0.17836111783981323, 0.07620378583669662, 0.02137785218656063, -0.49522367119789124, -0.13715039193630219, -0.01724274829030037, 0.3225383758544922},
		{0.021101191639900208, 0.2563318908214569, -0.26522719860076904, 0.30567044019699097, -0.024136550724506378, -0.2662954330444336, 0.324916809797287, -0.10239683091640472, -0.24593862891197205, 0.34773096442222595, 0.054013691842556, -0.18554306030273438, 0.1962415874004364, -0.08438029140233994, 0.18460901081562042, -0.2057456523180008, -0.12116601318120956, 0.11200946569442749, -0.288539856672287, 0.12505458295345306},
		{-0.3482559323310852, 0.1022481694817543, 0.05251264199614525, -0.043840084224939346, -0.28267204761505127, -0.3298194110393524, 0.2785659730434418, 0.4983462989330292, -0.18418827652931213, 0.2206321805715561, 0.24822179973125458, 0.3223760426044464, 0.15198488533496857, 0.07850833237171173, -0.017538171261548996, -0.6821127533912659, -0.054930903017520905, -0.4198419749736786, 0.09656847268342972, -0.06481920182704926},
		{0.04357186332345009, -0.12901273369789124, -0.2542785406112671, 0.07053569704294205, -0.16670657694339752, 0.012781385332345963, 0.2258640080690384, 0.24280476570129395, 0.17972561717033386, -0.23383842408657074, -0.09146818518638611, 0.13864462077617645, 0.27132976055145264, -0.425714910030365, -0.14682619273662567, 0.07980556786060333, 0.35560357570648193, -0.18592754006385803, 0.021967031061649323, 0.15708690881729126},
		{0.009217090904712677, -0.004223935771733522, -0.08934354037046432, 0.1480090469121933, -0.45145556330680847, -0.1714775115251541, 0.4448046386241913, 0.342536598443985, -0.4397547245025635, -0.041664279997348785, -0.019550597295165062, 0.2904573082923889, 0.2437034696340561, 0.3522298038005829, 0.15679845213890076, -0.11306341737508774, -0.3048933744430542, -0.30099254846572876, -0.15779675543308258, 0.1016010046005249},
		{-0.3962118625640869, -0.4976409673690796, 0.14753955602645874, 0.3879666030406952, -0.603497326374054, -0.06836459785699844, -0.16871561110019684, 0.23959222435951233, 0.3914080858230591, -0.6150534749031067, 0.33085116744041443, -0.43895184993743896, 0.1984369456768036, 0.15467016398906708, -0.3629305064678192, -0.8176155686378479, 0.1929316222667694, -0.1817263662815094, -0.009636430069804192, -0.29802489280700684},
		{0.0858071967959404, -0.04574836790561676, -0.23570841550827026, -0.04035703092813492, -0.16509830951690674, 0.03854680433869362, 0.1802920550107956, -0.02225400134921074, -0.5358226895332336, 0.15913599729537964, 0.11900626122951508, -0.03802001103758812, 0.0011420408263802528, 0.1963750422000885, -0.0847255289554596, -0.08915863931179047, 0.008698439225554466, 0.09683313965797424, -0.24750854074954987, -0.10334265232086182},
		{0.3213178813457489, 0.18593460321426392, -0.06192188337445259, -0.3504038453102112, -0.11517182737588882, -0.011785107664763927, 0.056517623364925385, 0.2880709767341614, -0.08673468232154846, 0.21161380410194397, 0.1278649866580963, 0.1094226986169815, 0.4325503408908844, 0.05091889202594757, 0.23225589096546173, 0.09275679290294647, 0.07053203880786896, -0.18164795637130737, -0.08201159536838531, -0.08893753588199615},
		{-0.12430687248706818, -0.2681827247142792, -0.04379032924771309, -0.02605840004980564, -0.32139837741851807, -0.2668668329715729, 0.1352442502975464, 0.025285670533776283, -0.20628711581230164, 0.3491147756576538, 0.13683480024337769, 0.10748312622308731, 0.3651023507118225, -0.006175025831907988, -0.011253167875111103, 0.055464860051870346, 0.0974745899438858, 0.3083777129650116, 0.051862262189388275, 0.1267978996038437},
		{0.3223339319229126, -0.33669862151145935, 0.13703572750091553, 0.04629053920507431, -0.17207685112953186, 0.14190803468227386, 0.23186901211738586, 0.12065499275922775, -0.14076749980449677, -0.19118572771549225, -0.17700313031673431, -0.09209305793046951, 0.024961048737168312, -0.02438248321413994, -0.2545563578605652, 0.14454200863838196, 0.2723771929740906, 0.34845951199531555, -0.09756878018379211, -0.5432688593864441},
		{0.8981859683990479, -0.04344702512025833, -0.056500717997550964, 0.02459603175520897, 0.04001840576529503, 0.647239625453949, -0.4099261462688446, 0.6334553956985474, -0.42296716570854187, 0.31162339448928833, -0.6298680901527405, -0.054187528789043427, -0.4896623194217682, 0.0037602705415338278, 0.1473274976015091, 0.12912802398204803, -0.08092159777879715, 0.4964955449104309, -0.5775625109672546, 0.04312335327267647},
		{-0.26793989539146423, 0.21235622465610504, -0.22428226470947266, 0.21461667120456696, 0.04654094576835632, -0.20994560420513153, -0.14944133162498474, -0.34782642126083374, 0.15400397777557373, 0.5609539747238159, 0.3675871789455414, -0.20819565653800964, 0.3062357008457184, 0.027131851762533188, 0.3529677391052246, -0.05014261603355408, 0.052908558398485184, -0.2141435295343399, 0.3355153203010559, -0.3807034492492676},
		{-0.2989516854286194, -0.057835452258586884, 0.6774669885635376, 0.2742066979408264, -0.5618715882301331, -0.17739257216453552, 0.7476903796195984, 0.4390084147453308, -0.025066807866096497, -0.5117166638374329, -0.13231778144836426, 0.141449972987175, -0.04563812538981438, -0.19140394032001495, -0.6898817420005798, -0.24179953336715698, -0.038012150675058365, -0.08124416321516037, 0.09434672445058823, -0.09649574756622314},
		{0.30454209446907043, 0.3798495829105377, 0.12161747366189957, 0.6897284388542175, 0.723733127117157, 0.5392572283744812, -0.3355243504047394, 0.21920286118984222, 0.12788119912147522, -0.006077511236071587, -0.19325122237205505, -0.005696074105799198, -0.049270905554294586, -0.18863806128501892, 0.05346934124827385, -0.8731483817100525, -0.17280852794647217, 0.44503262639045715, 0.04058416560292244, -0.05319610610604286},
		{0.1446935087442398, -0.04320739954710007, -0.46016818284988403, -0.5604809522628784, 0.3571179211139679, 0.10185486078262329, -0.191157728433609, -0.5586901903152466, 0.24665620923042297, -0.007018841337412596, -0.02430386282503605, 0.039916906505823135, 0.20643916726112366, -0.2859737277030945, -0.4366712272167206, 0.45042258501052856, 0.15982581675052643, 0.4699438512325287, -0.15161800384521484, -0.07757203280925751},
		{0.539777398109436, -0.2970825135707855, -0.06909825652837753, 0.4172816872596741, 0.25304439663887024, 0.4778095781803131, -0.40433958172798157, 0.28079235553741455, -0.3017904460430145, 0.10653836280107498, -0.515078604221344, 0.27009356021881104, 0.18155895173549652, 0.2476898580789566, 0.09551418572664261, -0.4014880061149597, -0.027494482696056366, 0.14418023824691772, 0.11189990490674973, 0.11004406958818436},
		{0.13922059535980225, -0.14845113456249237, 0.4639967381954193, -0.06419900804758072, -0.1954970508813858, -0.23207958042621613, 0.354634165763855, -0.18237736821174622, 0.1955069601535797, 0.03206808120012283, 0.03584466129541397, -0.3852287530899048, -0.3515184223651886, -0.5592265725135803, -0.09776866436004639, 0.3445747196674347, 0.28067129850387573, 0.29722630977630615, -0.43970730900764465, 0.22138981521129608},
		{0.12012159079313278, 0.08269068598747253, -0.3526294529438019, 0.468009889125824, -0.06581450253725052, -0.005440434440970421, 0.10502355545759201, 0.7260369658470154, -0.4008994698524475, -0.16235169768333435, -0.3081754148006439, 0.7308704257011414, -0.05989905446767807, 0.20217680931091309, 0.07580932974815369, -0.8749568462371826, -0.22554491460323334, -0.5244506597518921, 0.2504896819591522, -0.29424574971199036},
		{-0.42048147320747375, -0.17621299624443054, 0.5389779806137085, 0.26468101143836975, -0.34294524788856506, 0.2006249725818634, 0.08672469854354858, -0.10598523914813995, 0.2537339925765991, -0.3733641803264618, -0.30005520582199097, 0.0744660273194313, 0.11153687536716461, 0.2869624197483063, -0.04166744649410248, -0.000954561575781554, 0.1562928408384323, -0.08366107195615768, 0.22701148688793182, 0.3696454167366028},
		{0.422689288854599, 0.2926843762397766, -0.02328990027308464, 0.8188033103942871, 0.16090582311153412, -0.023921415209770203, -0.30198779702186584, -0.43098118901252747, -0.005593500565737486, 0.8189223408699036, 0.04227500781416893, -0.32062703371047974, 0.40799063444137573, 0.4119039475917816, 0.538848876953125, -0.016140103340148926, -0.1763671338558197, -0.16337712109088898, 0.4451809525489807, -0.7123509645462036},
		{-0.5112972259521484, 0.3683012127876282, 0.060013171285390854, -0.039262305945158005, -0.18259388208389282, -0.42698362469673157, 0.1428348422050476, -0.7179059982299805, 0.4085090160369873, -0.11351903527975082, 0.2674938440322876, 0.06342713534832001, -0.3115922510623932, -0.2096901684999466, -0.006330148316919804, 0.15660955011844635, -0.018603602424263954, -0.3566364049911499, 0.36107391119003296, -0.3131791949272156},
		{0.3193141520023346, -0.38889989256858826, 0.027710970491170883, 0.28331100940704346, -0.012842015363276005, 0.2431049346923828, -0.1059618815779686, 0.7230232954025269, -0.043710775673389435, -0.45778489112854004, -0.4759989082813263, 0.6650871634483337, 0.17900338768959045, 0.1164197251200676, -0.07010474801063538, -0.3720112442970276, -0.13776810467243195, -0.01056770421564579, 0.1347379982471466, 0.3628231883049011},
		{-0.14387473464012146, -0.12138508260250092, 0.003191882511600852, 0.4547811448574066, -0.21137122809886932, 0.12481828778982162, 0.16800740361213684, 0.03954082354903221, 0.210129976272583, 0.2043171375989914, 0.07032982259988785, 0.05747801810503006, 0.7962722182273865, 0.38800665736198425, -0.19906900823116302, 0.028597282245755196, 0.3110935091972351, -0.499286025762558, 0.5094233751296997, -0.37075331807136536},
		{0.02283366024494171, 0.22158655524253845, -0.4545811414718628, 0.5032995939254761, -0.04661795124411583, -0.06187448278069496, -0.3462739586830139, 0.1733933687210083, -0.23685185611248016, -0.010584301315248013, -0.18225693702697754, 0.34469926357269287, 0.5757136940956116, 0.6917328834533691, 0.43236565589904785, -0.5212363600730896, -0.021499227732419968, -0.14309360086917877, 0.16522611677646637, -0.27654537558555603},
		{-0.23232921957969666, 0.6410021185874939, -0.4865102469921112, 0.5757331848144531, 0.3200155198574066, 0.25023582577705383, -0.5033407211303711, -0.19681555032730103, -0.20222879946231842, 0.10618796944618225, -0.38254913687705994, 0.18139275908470154, 0.38663750886917114, 0.3332761824131012, 0.7764089107513428, -0.2430751919746399, -0.17219719290733337, -0.15421609580516815, 0.19254246354103088, -0.2862909734249115},
		{0.07225767523050308, -0.46186667680740356, 0.46779027581214905, -0.6169660687446594, -0.3261682987213135, -0.21732203662395477, -0.12521874904632568, 0.0009643996017985046, 0.08540719747543335, 0.08487129211425781, -0.1528812199831009, -0.22898560762405396, -0.2781461477279663, -0.24095115065574646, 0.15082083642482758, 0.6334139704704285, 0.13878299295902252, -0.1193767637014389, -0.13303333520889282, 0.14321301877498627},
		{-0.06199732795357704, -0.005452146753668785, 0.17187421023845673, 0.19123274087905884, -0.2599250376224518, -0.06155369058251381, 0.17427438497543335, 0.22661705315113068, 0.48819613456726074, 0.02166825346648693, 0.19016604125499725, -0.2973371148109436, 0.1253354400396347, -0.06653318554162979, 0.07990219444036484, -0.08304306864738464, 0.7272650003433228, -0.02259792946279049, 0.12666457891464233, 0.01440126821398735},
		{0.32261085510253906, -0.1549217253923416, 0.039606332778930664, -0.5214420557022095, -0.07088223099708557, 0.09728662669658661, -0.2620660066604614, 0.18218405544757843, -0.00435267249122262, -0.23342660069465637, 0.18058250844478607, 0.112931989133358, -0.2684739828109741, -0.07395914196968079, -0.033185433596372604, 0.29804694652557373, -0.02928100898861885, 0.5676450729370117, -0.8684483170509338, 0.28079870343208313},
		{-0.1728871911764145, 0.21801461279392242, 0.003811444155871868, 0.5400373339653015, -0.13835632801055908, -0.06815820932388306, 0.20427685976028442, -0.047200947999954224, -0.10552874952554703, 0.02485968917608261, -0.42290550470352173, 0.12561586499214172, 0.48610416054725647, 0.2206638753414154, 0.057012565433979034, -0.3217499554157257, 0.0893646702170372, -0.3690302073955536, 0.5907772183418274, -0.48306289315223694},
		{0.018486827611923218, -0.26393818855285645, -0.19923362135887146, -0.6061543822288513, -0.44912782311439514, 0.12978117167949677, -0.3921055793762207, 0.05738705396652222, 0.037369079887866974, 0.1790992021560669, 0.06032496690750122, 0.2425016164779663, -0.04594217985868454, 0.3648889660835266, 0.09062626957893372, 0.2933758497238159, 0.2623545825481415, -0.010980836115777493, -0.3388836085796356, 0.2856753468513489}
	}
};

const float bias_hh[LAYER_NUM][3 * HIDDEN_SIZE] = {
	{0.1299220621585846, 0.11161845177412033, 0.18366648256778717, -0.15005099773406982, -0.05312080681324005, 0.14789706468582153, 0.04744947701692581, -0.24866026639938354, 0.19554822146892548, 0.11913926154375076, 0.1745700091123581, -0.11380127817392349, 0.0094066197052598, -0.027911167591810226, -0.12128953635692596, 0.17509201169013977, -0.004233427811414003, 0.16083618998527527, 0.10505913943052292, -0.10372792184352875, -0.1171354204416275, 0.1509823054075241, 0.22087842226028442, -0.14503785967826843, 0.1670895218849182, 0.012129576876759529, -0.41286754608154297, 0.06582625210285187, -0.3418504595756531, -0.3428777754306793, -0.34215793013572693, 0.09394881129264832, -0.23578298091888428, -0.28340858221054077, 0.00562385655939579, -0.43565139174461365, 0.22205644845962524, -0.25976303219795227, -0.5827351212501526, 0.602802574634552, -0.05575430393218994, 0.30859893560409546, 0.07681544125080109, 0.5452545881271362, -0.2085566222667694, -0.09421732276678085, -0.961894154548645, 0.6286728978157043, 0.8323037028312683, -0.30107682943344116, 0.4137791693210602, 0.5021969079971313, -0.11038283258676529, -0.8855839967727661, -0.3769311010837555, -0.31500494480133057, -0.9396464824676514, 0.5505281686782837, 0.7849231362342834, 0.14037823677062988},
	{0.027765922248363495, 0.07883903384208679, 0.03067666105926037, 0.06266149878501892, -0.009933840483427048, 0.10115008801221848, 0.047284334897994995, 0.009845638647675514, -0.00773713318631053, 0.06292259693145752, 0.16650529205799103, -0.1049746423959732, -0.21905621886253357, 0.2407383918762207, 0.15623119473457336, -0.03791216015815735, 0.07605718076229095, 0.047202322632074356, -0.17829416692256927, 0.05355548486113548, 0.76664799451828, 0.5719315409660339, 0.42246532440185547, 0.598280131816864, -0.04773806780576706, 0.2905377447605133, 0.6541438698768616, 0.46980929374694824, 0.28943896293640137, 0.2530059516429901, 0.09357089549303055, 0.6486061811447144, 0.5079361796379089, 0.4533160924911499, 0.13628433644771576, 0.504753589630127, 0.3988066613674164, 0.48895344138145447, 0.22122961282730103, 0.0460350401699543, -0.18057353794574738, -0.0552000030875206, 0.028286980465054512, 0.3894314467906952, 0.2564338743686676, 0.0813036635518074, 0.04299454391002655, 0.14343558251857758, 0.07098764926195145, 0.0338028222322464, -0.09584450721740723, 0.15907928347587585, -0.0018496535485610366, -0.6969135999679565, 0.09965880960226059, -0.246926411986351, 0.08214203268289566, -0.0814480111002922, -0.11252669245004654, -0.26554903388023376},
	{0.4503951966762543, 0.1471443623304367, -0.08380229026079178, 0.08975334465503693, 0.028999274596571922, 0.3485122621059418, 0.25480467081069946, -0.054071348160505295, 0.003281913697719574, 0.4862261712551117, 0.1897139847278595, 0.16022272408008575, 0.15247397124767303, 0.3065951466560364, 0.3287445604801178, 0.16405579447746277, 0.12146890163421631, 0.19314375519752502, 0.19288389384746552, 0.06951090693473816, 0.049636535346508026, 0.11998467147350311, 0.39372557401657104, 0.5703150033950806, 0.47580480575561523, 0.3300272226333618, 0.6506242752075195, 0.17001041769981384, 0.3469288647174835, 0.08892900496721268, 0.2111925631761551, 0.2770926058292389, 0.4095974862575531, 0.22476251423358917, 0.15449605882167816, 0.32413119077682495, 0.3975439965724945, 0.2650340497493744, 0.3323948085308075, 0.6397664546966553, -0.19398780167102814, -0.12762871384620667, -0.04379827156662941, -0.1644832193851471, -0.42514902353286743, -0.23442982137203217, 0.10500181466341019, 0.18026000261306763, 0.0017017737263813615, 0.009867371059954166, -0.09386048465967178, 0.16495266556739807, 0.4425845742225647, 0.2566488981246948, -0.1319408267736435, 0.08496391773223877, -0.03947311267256737, 0.19404517114162445, 0.3524394631385803, 0.26726779341697693}
};

const float weight_output[2][HIDDEN_SIZE] = {
	{2.8911921977996826, 4.092611789703369, -4.484345436096191, 4.216671943664551, 3.673431873321533, 3.301832914352417, -5.028423309326172, 3.056718587875366, -3.624249219894409, 3.108963966369629, -3.20737624168396, 4.0808305740356445, 2.959563970565796, 4.2684645652771, 5.434000492095947, -5.160063743591309, -4.396913528442383, -3.157229423522949, 2.5924596786499023, -2.8070971965789795},
	{5.582204341888428, -2.387147903442383, 1.214396595954895, 0.3276676535606384, 0.5881624817848206, 5.024298667907715, -0.42732861638069153, 4.5192155838012695, -4.427921772003174, -4.125437259674072, -4.265521049499512, 2.0251271724700928, -3.6931710243225098, -0.15973879396915436, -3.0758566856384277, 0.6114488840103149, -2.571953058242798, 4.448982238769531, -4.8120503425598145, 4.099727153778076}
};

const float bias_output[2] = {0.42803290486335754, 0.10390819609165192};
